DateTime,Customer_1,Customer_2,Customer_3,Customer_4
2023-01-01 00:00:00,0.9169410246715111,6.834246594952564,2.670123059439402,1.1522869792224477
2023-01-01 01:00:00,4.107841124723119,0.8879338329199467,4.477311991350737,3.1644434429808173
2023-01-01 02:00:00,4.361891066275236,1.2535931877099917,2.631551343609898,2.4354397235598535
2023-01-01 03:00:00,2.714171576092754,6.048478408038287,1.8195947151801841,0.6302127150481445
2023-01-01 04:00:00,2.3828945663997527,0.1,0.5187872128325228,3.0363879073745306
2023-01-01 05:00:00,2.7814845901070764,1.4475663063186655,2.342461674857806,3.1825319155031147
2023-01-01 06:00:00,1.170852818656928,3.592009825572034,3.6083801646123694,2.8915597131541473
2023-01-01 07:00:00,3.0549995320234484,0.9271320507663909,3.143194889388331,3.9289313071653393
2023-01-01 08:00:00,3.483325092432368,3.561341002386349,2.4195018485322715,4.031160717305477
2023-01-01 09:00:00,0.9035384657760686,2.1917533354181677,5.670925364855304,1.7144820486148509
2023-01-01 10:00:00,3.0677087812066537,4.928043951887788,1.2635126201116211,2.1582911834298733
2023-01-01 11:00:00,3.3935822610621678,1.584033438710275,3.325232835710593,2.3885902080726655
2023-01-01 12:00:00,4.317558770376793,2.631514431441302,2.0838738266405863,4.367849494453209
2023-01-01 13:00:00,0.8991832902281276,3.0844026227746015,3.6341443824005744,1.2054348778151116
2023-01-01 14:00:00,1.6276666620889118,1.2422718349393147,0.6125214152212162,2.899771840161364
2023-01-01 15:00:00,6.016573187922553,2.1020520745617515,3.4839859036927945,2.5129332545556315
2023-01-01 16:00:00,2.69687190255357,4.707844421155432,2.9116960807642007,2.388058256675196
2023-01-01 17:00:00,3.0644720432896535,2.146025937829592,2.093065998496658,1.8462655027498787
2023-01-01 18:00:00,4.26234501413588,4.2251482261860245,3.3823074429107027,2.5719877125355755
2023-01-01 19:00:00,1.3413774602302422,0.1,3.407146162026748,2.5309653392568006
2023-01-01 20:00:00,4.248126850601394,1.0757310888595524,2.46325699834052,0.5718112609218675
2023-01-01 21:00:00,1.6880803000406537,1.3384607579032777,3.7195012836719927,1.54532834152375
2023-01-01 22:00:00,3.7595957076666453,3.9051662252799746,3.0819923877569235,2.7483086605449123
2023-01-01 23:00:00,5.912822585641669,2.45203707369543,3.580522584320107,3.3349778209664263
2023-01-02 00:00:00,5.198077849568797,1.1181629026246722,2.7953204019601916,3.8118406082673215
2023-01-02 01:00:00,0.4535330282213197,2.251801848841482,1.9458745675899538,0.10269480922768848
2023-01-02 02:00:00,3.844467337595236,1.2465524165934456,2.152888941171179,4.52139463025803
2023-01-02 03:00:00,1.2537615159810542,1.7874657867151031,1.4217361186253632,0.9148913109378962
2023-01-02 04:00:00,4.388817881732984,4.940780666840849,2.6221495442902443,3.2299274585448985
2023-01-02 05:00:00,3.5788742409566785,3.428713161330262,2.0850624716129116,2.5954418755007924
2023-01-02 06:00:00,1.2822934603976153,2.7623843279150835,1.793138338086387,3.292329251900021
2023-01-02 07:00:00,0.8240230197993981,0.1,4.246546654384828,3.723548516088311
2023-01-02 08:00:00,10.240539450699043,11.595644380886982,8.806944695108108,13.108690668836367
2023-01-02 09:00:00,5.36302723577533,11.292555703389695,12.291555044377768,6.506114614355321
2023-01-02 10:00:00,11.425234263968235,5.814530909978192,8.115499231362492,9.44515507898871
2023-01-02 11:00:00,4.052054758062643,14.711918464638725,14.472568477256239,11.03298941123391
2023-01-02 12:00:00,7.309418460450018,9.30348466272227,6.586379046859517,14.931996659777612
2023-01-02 13:00:00,8.823274940460323,6.696673072411122,5.2887847688656615,6.464090115893887
2023-01-02 14:00:00,8.686659135050087,9.615738426318554,10.788587223995826,16.69619905502433
2023-01-02 15:00:00,11.540907955886127,8.753041496209203,11.385766643550982,11.018967054064891
2023-01-02 16:00:00,11.055446770915548,8.789595444732129,14.59306938005287,10.138363259470287
2023-01-02 17:00:00,6.938742221570672,9.595650790242598,6.725956379051013,13.213027822951009
2023-01-02 18:00:00,2.3278517080161563,2.7638954661709936,4.038757308539177,3.201559652814628
2023-01-02 19:00:00,1.1587466662214485,2.917449625869793,2.744050362682102,3.4706095472649343
2023-01-02 20:00:00,5.695500264672978,3.5305606583778344,2.417605152025106,1.536825436859733
2023-01-02 21:00:00,3.3400548728439636,5.824692447389905,1.055634493345318,5.810072048241983
2023-01-02 22:00:00,2.0908831899061653,5.615039827425337,2.2177164136962446,3.5553070018589272
2023-01-02 23:00:00,3.1798747892798738,2.2938506543809236,4.870275397799597,3.381167334936621
2023-01-03 00:00:00,1.6272522174270543,1.9284871976141942,1.9731066736432084,2.9712036117038956
2023-01-03 01:00:00,2.3232399203812446,2.9127812485181575,5.144752374020374,2.4408092053429673
2023-01-03 02:00:00,2.7921218859803036,3.8814319685899643,6.684611355083622,3.597616228079937
2023-01-03 03:00:00,2.266400420041023,2.0928341655214937,4.6828749587769085,4.303354573479828
2023-01-03 04:00:00,1.7882008964068814,3.013439687166397,3.542814262972814,4.5045501474285174
2023-01-03 05:00:00,1.9129329194994795,2.8259401594920095,4.060808443176392,2.5924509853685564
2023-01-03 06:00:00,3.310243028686662,4.069002045688368,4.021445057125868,2.7665017735990856
2023-01-03 07:00:00,3.3840753129156647,2.3023466621804785,4.044067670823322,4.312929903435283
2023-01-03 08:00:00,7.917760754422383,6.781690947157657,12.126580232734668,11.68172841688808
2023-01-03 09:00:00,11.168782450902466,7.927087252574943,11.198126154339228,8.582126314253005
2023-01-03 10:00:00,9.973756337144353,6.149988999810316,11.591031963383363,8.623107298720223
2023-01-03 11:00:00,12.871613919096886,13.432018531190945,10.358356895616112,12.186616278487612
2023-01-03 12:00:00,8.575250861621138,9.6094412608548,13.945618888826825,10.456986434633562
2023-01-03 13:00:00,3.2613060903497963,10.819153779210861,9.617973858407353,6.750030132491403
2023-01-03 14:00:00,9.722066987973284,13.873817774112435,7.408960942438794,9.653700205669933
2023-01-03 15:00:00,12.143104339094544,11.586764619223056,7.492286218132278,14.808006204216152
2023-01-03 16:00:00,3.218295382205268,5.954844634235455,12.346439354888304,7.839516565702916
2023-01-03 17:00:00,9.057208563686624,12.524415083131052,13.172125152060731,9.048009114478772
2023-01-03 18:00:00,4.307053387475937,2.015024671225768,2.2125843912549783,4.622607311320031
2023-01-03 19:00:00,4.779496894347962,1.5941034732099562,3.3996547473200622,1.59005033907143
2023-01-03 20:00:00,7.070965230147765,1.0870934974236282,2.2915445225383193,0.1
2023-01-03 21:00:00,3.5258779342573834,3.561339376645602,4.735143936480352,2.4000638744520675
2023-01-03 22:00:00,3.7007420818595165,3.2104974666586195,3.3350100138388115,1.0815172965767608
2023-01-03 23:00:00,2.212749658346902,3.2720200296236506,1.3548567957748725,2.837840314073598
2023-01-04 00:00:00,3.5558002750166233,4.81992850410624,0.22701653731668303,1.0037687599937548
2023-01-04 01:00:00,3.9229828517834324,0.584899986946259,5.578408519103918,0.8363945372020947
2023-01-04 02:00:00,1.1710014405963758,2.7404142550606547,3.5975929669062188,0.6483402083865646
2023-01-04 03:00:00,2.7160922688129485,3.6801940181777995,2.2458101750479855,4.570512603097351
2023-01-04 04:00:00,2.415382453733672,3.290876668288976,4.926467639362649,1.5325581143743063
2023-01-04 05:00:00,4.04782711210472,1.3805087937191218,1.378759713651362,1.849732455160932
2023-01-04 06:00:00,1.2710875812242381,7.951814966193191,0.5218273099550701,4.961142540936205
2023-01-04 07:00:00,5.097089950724357,4.198268607646929,2.472683522846407,3.99015606847669
2023-01-04 08:00:00,14.191853428139986,5.222008080952826,8.028889044361184,10.903579526198676
2023-01-04 09:00:00,7.552822446043453,9.666500891975598,6.090405568227201,9.765002835177219
2023-01-04 10:00:00,8.987174436317295,7.566047670059886,5.859615859306727,14.792588314132885
2023-01-04 11:00:00,10.277977087648797,5.7666096554799,9.293956797210303,13.145662713513357
2023-01-04 12:00:00,6.415806615754215,5.620624556178798,6.747583104125281,9.186493178160463
2023-01-04 13:00:00,8.674928127251068,8.02521981190801,7.384705371149508,13.051240658733462
2023-01-04 14:00:00,10.007124016251131,14.520102954329525,9.746863815422898,13.711792252321409
2023-01-04 15:00:00,5.33931208784538,12.47126126637663,12.513737913157104,10.868168049053045
2023-01-04 16:00:00,9.136064180611156,12.365539086846422,5.097713238832592,3.5341231723537643
2023-01-04 17:00:00,10.75055840141871,13.847846199378786,12.327894764366574,7.647869277522643
2023-01-04 18:00:00,3.9775565431990514,2.9338925619824328,1.0398292936490499,2.9155798460775633
2023-01-04 19:00:00,2.7717411709710755,2.7469185933688123,4.082752825084788,2.069100452978521
2023-01-04 20:00:00,3.6537641880552223,1.9959448801045208,1.9842600244957675,4.404995764159045
2023-01-04 21:00:00,4.415644773710788,3.966766366360047,4.548100909002418,3.021646531976995
2023-01-04 22:00:00,1.6270489431208384,1.7635958537738743,0.7036296804970039,3.091782621915476
2023-01-04 23:00:00,2.813443160744902,4.687916268450081,3.217556254482198,2.7181234237802987
2023-01-05 00:00:00,2.461669498883535,4.1279343259698615,0.1,3.26165630035856
2023-01-05 01:00:00,2.3340721842851297,3.18249650950123,5.202087316934521,5.208797983537623
2023-01-05 02:00:00,0.9749390252321679,3.541527166827704,5.263422731960097,1.8804788212377463
2023-01-05 03:00:00,2.729918572611743,4.925016213551304,1.7880509924372001,2.5881280024014375
2023-01-05 04:00:00,2.7103400429691407,1.1403187651841562,5.408147170396836,3.5037562507063162
2023-01-05 05:00:00,2.958989139400115,4.396238911445091,4.671185837344426,1.7411368967591674
2023-01-05 06:00:00,0.2617664451502377,4.37824035854365,3.2642021563924435,2.7916042476385545
2023-01-05 07:00:00,0.824057606171472,0.8444618686418863,2.499219574367358,1.5392090671204088
2023-01-05 08:00:00,11.019018883052578,7.042480399345207,5.715064452683604,4.976785987750061
2023-01-05 09:00:00,8.505308829223873,10.6357746106772,9.542299560179316,6.256504685872998
2023-01-05 10:00:00,9.746213204796131,9.434301830074276,11.495949986873642,7.486989863799815
2023-01-05 11:00:00,10.623451451733633,0.1,8.811086224986989,8.17410458535949
2023-01-05 12:00:00,11.095474820128226,10.404697369415103,12.614122182479319,7.230593285020635
2023-01-05 13:00:00,11.628003404459005,13.990376874342772,9.54540383243586,6.5044245131546825
2023-01-05 14:00:00,9.43280368024345,7.388790641786126,3.8503374882905295,13.667233071506505
2023-01-05 15:00:00,5.07687310103873,14.207798400793743,13.999963577030599,12.085536369773784
2023-01-05 16:00:00,12.860966393054182,4.268508986373181,11.535227686409865,7.850283821386452
2023-01-05 17:00:00,11.282098851477878,9.106155200735609,9.299383335948756,10.930081592921074
2023-01-05 18:00:00,3.457150270452858,2.6969154768544414,3.4959771609506154,3.215841241183094
2023-01-05 19:00:00,2.3746661197559797,3.49839853805432,2.7299303784922744,0.13068591938125396
2023-01-05 20:00:00,4.131199978814704,3.1961498470156853,3.9388362002232142,4.467438058523226
2023-01-05 21:00:00,4.927177040265644,2.9808416867738994,3.0389098458486474,1.3647594566468544
2023-01-05 22:00:00,2.17919886912494,2.6534470973522994,4.192488493032977,3.6350244617442926
2023-01-05 23:00:00,0.3812252741505473,2.9694317426647103,2.5948861163824555,1.9525776413986096
2023-01-06 00:00:00,3.3205777826589262,1.4896338104897096,1.2326666106403534,4.573652256188032
2023-01-06 01:00:00,5.046046599201255,0.1,5.521296364647001,4.118589410417851
2023-01-06 02:00:00,5.066160032813181,0.9842910788698727,1.856646873890083,2.8882959491617473
2023-01-06 03:00:00,5.6523666854992225,1.7145226530140185,1.7733745003851014,0.3466819289380214
2023-01-06 04:00:00,4.0774725838786114,3.125325198470956,3.934851923611671,2.4942787658702716
2023-01-06 05:00:00,1.7918745738143291,2.1225028878610006,2.612216734176784,3.8002876852427794
2023-01-06 06:00:00,2.3779349839276356,2.265299887073673,0.1,3.008345781790009
2023-01-06 07:00:00,1.8932642110025135,3.9197118193193963,2.1745792078447677,2.7146567723002124
2023-01-06 08:00:00,11.576443835394729,16.836865849045054,10.397421665909096,2.446986655441595
2023-01-06 09:00:00,11.086548671107565,14.020304655868232,5.368147154450989,12.969316435798897
2023-01-06 10:00:00,13.259450011000713,2.420068293066965,9.961518619402565,10.274343659088139
2023-01-06 11:00:00,6.710024878871944,6.133719568641514,8.194284674664116,5.358568824515958
2023-01-06 12:00:00,9.25149637471102,12.748310562061176,7.011521011146082,9.60683573751414
2023-01-06 13:00:00,5.362250006935938,12.155040232352164,10.620930604315742,11.92364516128092
2023-01-06 14:00:00,7.374967784992862,7.503954316621218,17.022431950898085,13.10727900609221
2023-01-06 15:00:00,8.163747129449337,9.896366705140021,5.070556193214573,8.988764843692653
2023-01-06 16:00:00,7.3994214247827905,6.479867928906791,16.972436568267437,9.08241418357324
2023-01-06 17:00:00,6.312353402709824,13.102420397713157,6.589985142220343,9.013044587510075
2023-01-06 18:00:00,3.0703602585758,1.5415876738748087,2.238591326466901,2.038016959911732
2023-01-06 19:00:00,4.0889978119875146,3.498888235498492,3.891031346594055,1.5507060279858382
2023-01-06 20:00:00,1.6263702015317925,1.1642528322134775,3.420308783261241,3.1359796593956597
2023-01-06 21:00:00,1.478276704229804,1.6981681632234102,2.879132615301656,1.8413182437607434
2023-01-06 22:00:00,5.123004373418697,3.219462739611884,4.9274238879929575,3.5211379937445058
2023-01-06 23:00:00,2.273402442796237,4.371573504354739,3.320081933709669,5.978300995436128
2023-01-07 00:00:00,3.578199899618852,2.050566670441169,1.5659546120111563,2.6183984533166935
2023-01-07 01:00:00,2.460842680184104,3.5017644039393963,5.3500822519228315,4.567115855254844
2023-01-07 02:00:00,3.6676115085407557,4.323983227139643,2.968404598605325,1.9409793120783028
2023-01-07 03:00:00,1.7566894658312826,3.164604057089064,3.19930785679589,4.053890640163454
2023-01-07 04:00:00,3.042555179551569,3.3712438077528386,2.3718774813925476,3.638890441163781
2023-01-07 05:00:00,0.40764435548435385,5.935175352551114,2.7330257635445436,3.856398949305059
2023-01-07 06:00:00,5.070264758230467,0.8581375914595308,5.186048235714265,3.244059767313548
2023-01-07 07:00:00,3.8129993757189795,2.143228205113675,3.0743975506847447,3.2113723428903667
2023-01-07 08:00:00,2.2823129654329186,5.618069956072831,2.1332877296846333,2.9847182670756363
2023-01-07 09:00:00,2.8913318545877313,3.9650660918059675,3.523588574873048,5.1340166224156345
2023-01-07 10:00:00,2.359876310112261,4.288084669945244,7.150097588353809,5.148268101968968
2023-01-07 11:00:00,3.1221142269050306,3.717294626467427,2.769054026856615,2.7461717795172276
2023-01-07 12:00:00,3.4522273405207238,2.0484802041330354,3.331660498547915,1.2886649581029939
2023-01-07 13:00:00,3.470612593370247,5.446539807532974,1.9973764636604683,2.103670073655432
2023-01-07 14:00:00,4.953326763729647,2.86743527400276,3.235532822403497,2.7010741701314727
2023-01-07 15:00:00,0.9639067780011326,4.85759331953126,5.979699207370542,1.584264931620003
2023-01-07 16:00:00,4.561802304619691,5.186407968583806,2.5005205997241866,6.725036720750281
2023-01-07 17:00:00,4.147905564993183,2.467157509561865,2.068421880842706,0.5898434193923281
2023-01-07 18:00:00,4.42416955014327,4.95787129303578,3.7185202253785685,1.8521430160510897
2023-01-07 19:00:00,4.441472889570149,3.815431866448895,4.895182531457173,2.8624182932774658
2023-01-07 20:00:00,2.4464087118779574,1.8789998800082721,1.4533545218929924,4.0007556952025
2023-01-07 21:00:00,3.3241784987551397,3.356854224679283,3.5944489603293497,5.278999504556154
2023-01-07 22:00:00,1.7714362132618418,3.6345170387605688,1.757063614568653,1.392258470567103
2023-01-07 23:00:00,3.581205636445204,4.067115652121781,2.2048152181203085,3.3638678902136236
2023-01-08 00:00:00,4.130602015369366,1.979499733555796,0.9186631858051499,1.0116034403987721
2023-01-08 01:00:00,1.6784760115682658,6.764259746712584,0.1,2.1121226194627463
2023-01-08 02:00:00,1.370509701206704,1.2006903235888489,4.31016286162426,4.5631843614250975
2023-01-08 03:00:00,1.9877399906655073,4.370890073651328,4.172164112463913,2.142542970135932
2023-01-08 04:00:00,2.5282120212023744,2.8408791117782215,3.791904407950438,1.2949016492332206
2023-01-08 05:00:00,2.932929249213434,3.222742541194021,3.6365847836267466,3.560986234344956
2023-01-08 06:00:00,3.2270358178882965,1.2664008757146816,0.6212752832502151,2.9445062459351306
2023-01-08 07:00:00,6.759426368084566,1.887731557659148,6.033615351990912,6.467163762110627
2023-01-08 08:00:00,4.967438746863998,6.151166008695036,1.0534447244946374,1.6833750490954822
2023-01-08 09:00:00,1.4580461648444216,4.138015890013532,5.813691969555044,5.599522422806974
2023-01-08 10:00:00,1.7338944138917176,3.8865485042772425,2.4800030245420226,2.3661589535422243
2023-01-08 11:00:00,2.874017258774248,0.966360078741642,2.273978194451206,4.762776437493157
2023-01-08 12:00:00,1.653947432235658,0.725984256766373,3.7055740545129474,0.4231002486650408
2023-01-08 13:00:00,3.871728544372662,3.8191411597799023,2.253342381414638,3.355262381796654
2023-01-08 14:00:00,5.837934630478847,4.2358590323070855,5.7595041197184065,2.0101154411135833
2023-01-08 15:00:00,2.728345283603121,2.1992400206249267,4.221598224348926,0.2746588575633333
2023-01-08 16:00:00,1.4844137143672693,0.17117783862636093,3.094030904653205,1.9034460795510946
2023-01-08 17:00:00,2.6838990222378163,1.6676315452656272,0.8583237147536167,2.7466072777519024
2023-01-08 18:00:00,2.7103832756859534,2.4190868053370678,2.6676728130216643,3.4061476541695144
2023-01-08 19:00:00,4.460883291504818,5.180947407215649,3.0806854472214797,3.711181139835103
2023-01-08 20:00:00,4.259533006424254,2.4975290993206416,5.2181191762702515,5.164554594877764
2023-01-08 21:00:00,3.540311714302465,3.070228629592627,4.289918815735828,3.934940653009437
2023-01-08 22:00:00,5.580377992342053,3.625459331830335,1.6969802088551496,4.080657769619249
2023-01-08 23:00:00,4.161612965307501,3.704457244510552,3.773508046334908,3.825929004760252
2023-01-09 00:00:00,1.2738798151155697,0.9072187985875972,2.8656385773977004,1.783497797108871
2023-01-09 01:00:00,2.2423712084274783,2.720932952606677,2.3034078693723994,2.5279018365229993
2023-01-09 02:00:00,0.2926058973772898,3.3948494922717,2.3226122545451453,3.785769531475236
2023-01-09 03:00:00,0.1,1.6686606537845514,3.147007027875577,3.8290717696871597
2023-01-09 04:00:00,4.420245736578402,2.9471692466938464,0.3212329507678926,2.4410304542898564
2023-01-09 05:00:00,5.122601762491968,0.1,3.1943808641223663,2.247062626834613
2023-01-09 06:00:00,2.8395325262282443,1.5475832054584848,2.933304938645937,0.1
2023-01-09 07:00:00,2.7638404369778167,1.3094011714565528,1.7110718966206528,3.479918618016758
2023-01-09 08:00:00,10.429022137130236,9.320516559383487,7.4649929201821,11.350073980188462
2023-01-09 09:00:00,11.144974874112863,7.879009357389754,10.027203856139039,10.858972747615756
2023-01-09 10:00:00,6.806199701653818,7.941241697815184,13.81313008391287,5.6616037095520735
2023-01-09 11:00:00,7.441475923700876,15.347998766422805,7.951014965487583,8.648061148494527
2023-01-09 12:00:00,5.895363016540935,11.585472255541163,14.486423077799245,9.853709668615119
2023-01-09 13:00:00,5.987617858984921,3.6873065641234692,12.864824942338366,9.60961340262685
2023-01-09 14:00:00,7.924625683232934,9.270027712569295,12.442735197224716,6.196895412418511
2023-01-09 15:00:00,18.204891850549856,12.268495269060047,8.349695515519315,7.698623054746286
2023-01-09 16:00:00,7.0924589637524385,9.86822497754551,2.787199680064644,9.929795011878523
2023-01-09 17:00:00,8.745739127162429,9.278761007146924,7.317525193273797,9.186144801761623
2023-01-09 18:00:00,3.152388543244503,1.2217476851919438,3.757297556110276,1.6681794617118633
2023-01-09 19:00:00,2.866270347893028,3.485282124048732,1.739296045938508,4.175802731381091
2023-01-09 20:00:00,5.957285853858805,2.0631106291872143,2.4439070811746,2.348481725437848
2023-01-09 21:00:00,1.6463673722770533,3.0626919744834846,2.199256569071961,5.944764063594686
2023-01-09 22:00:00,1.884300688921667,4.568830434044161,1.4559164229160344,2.440775509401953
2023-01-09 23:00:00,4.464077844720891,5.869457925238972,4.656269095077208,2.9583503783973013
2023-01-10 00:00:00,1.489252574400628,0.754011537371178,3.5085797013094773,6.846623089684359
2023-01-10 01:00:00,4.563438732931704,2.035735583402848,3.834273757278379,0.1
2023-01-10 02:00:00,4.138242185807682,3.316681970524977,1.3223302861389894,3.0943561050024933
2023-01-10 03:00:00,4.340675542189763,4.38771477953269,2.2095606045865406,1.7035330077093058
2023-01-10 04:00:00,3.434549477030773,0.6575537192404362,3.682119698310149,1.780550512115351
2023-01-10 05:00:00,3.4292795642030334,1.8121508439377323,3.1455967972948784,4.77837112235324
2023-01-10 06:00:00,5.163723895790572,2.264034892156476,0.7771201517995556,1.8622638485543441
2023-01-10 07:00:00,3.6542938106119034,0.1,2.7904334016467964,3.3669669017791484
2023-01-10 08:00:00,8.687853259717796,9.281483656126122,7.834325460338878,10.526611104584447
2023-01-10 09:00:00,13.78203129468141,12.91036855869709,9.477319803491637,9.467953726442712
2023-01-10 10:00:00,5.860829639349207,3.936225091627552,9.48784300038701,13.49800905423524
2023-01-10 11:00:00,10.228258422436566,8.777210731975584,9.771900121327192,10.795152488677003
2023-01-10 12:00:00,12.70086380213736,10.310651151681055,9.742247318015853,10.74211790708364
2023-01-10 13:00:00,7.583957452713848,8.947564264847504,12.230778815029748,9.953125019408375
2023-01-10 14:00:00,9.897232446473563,12.20218923083497,11.788200097069506,6.434210593553292
2023-01-10 15:00:00,6.51797059427619,9.31941626301434,9.862911746711578,6.414513912763669
2023-01-10 16:00:00,15.966476442004957,11.796407313270365,14.574979534980162,13.250026770609255
2023-01-10 17:00:00,12.610635735917757,11.721774475433214,14.53204011860384,14.19854195339117
2023-01-10 18:00:00,0.1,4.636482231200478,3.8621761434313235,3.8960466512910723
2023-01-10 19:00:00,1.6540968972704415,0.6238723457945738,1.425757034602189,1.586747941871687
2023-01-10 20:00:00,4.51868595336935,3.3826839803332307,6.740321635963647,2.4643999692223026
2023-01-10 21:00:00,4.6095864616535485,2.104477983501358,2.550804927436642,4.072183942645906
2023-01-10 22:00:00,2.154202311001628,1.8336836092624011,3.5760600057251715,4.499375101727984
2023-01-10 23:00:00,2.591316624330994,1.8551365349734181,1.9837920895954793,2.592425011572515
2023-01-11 00:00:00,4.074539402226401,0.8831736632561533,2.9423447352808676,5.16843401923662
2023-01-11 01:00:00,2.0801794606272663,1.832449063784088,3.050192838974255,2.1718425712461205
2023-01-11 02:00:00,3.6947726827608394,2.553243205402161,2.9978307526988757,1.9301058443590564
2023-01-11 03:00:00,3.8913590000661955,0.7343881038527251,3.3372918854159472,3.172710909379769
2023-01-11 04:00:00,2.663217452518571,2.091014858887193,2.9038272097500593,3.593962257010693
2023-01-11 05:00:00,0.1643004000737096,3.316310453256378,5.2931312894934255,2.610607990761409
2023-01-11 06:00:00,0.7622534632488431,3.0115114564269834,1.461537453061677,3.229042642904141
2023-01-11 07:00:00,4.897116235537274,5.040367087516788,3.3283762567145105,2.9193026329825424
2023-01-11 08:00:00,8.876478042371815,8.400461172683409,6.212735562057932,1.395072730590007
2023-01-11 09:00:00,6.80138383989371,13.745089158607108,9.919473208591404,7.28061187475102
2023-01-11 10:00:00,10.4245370728761,7.980720344334418,9.87634567685234,6.903282356931591
2023-01-11 11:00:00,10.285463858336223,12.9196689774102,8.71572994276377,7.463120768788009
2023-01-11 12:00:00,10.868565937619003,7.831410668556526,6.404050517364578,10.05116452445735
2023-01-11 13:00:00,6.447577937395804,16.394716036988626,11.979796137001774,8.472470198050061
2023-01-11 14:00:00,12.74457015939139,9.423733589542287,6.835225879424504,12.341510879602474
2023-01-11 15:00:00,6.332416037605605,8.199848946450789,6.227531635196131,8.577599871850186
2023-01-11 16:00:00,4.972785895529542,8.392371883979612,7.65749140512869,4.5355674800639605
2023-01-11 17:00:00,14.09654069451431,12.001098834445148,15.939032534278326,14.490621330072742
2023-01-11 18:00:00,4.258174207700037,1.5019017310072897,5.65727774838888,2.623907303930513
2023-01-11 19:00:00,2.9233502251834946,4.874649860311646,0.606901078918753,2.287339596480957
2023-01-11 20:00:00,6.364816556775493,1.198676549018054,3.4456049803943616,1.9683492641210671
2023-01-11 21:00:00,3.240477248848709,5.087320749862311,1.4410348918920755,1.7766574098109542
2023-01-11 22:00:00,4.992139010097054,0.2841158382302509,4.759359920835935,3.979468050380428
2023-01-11 23:00:00,3.126197642687529,4.720831675835007,2.062247629091157,1.8838999531864768
2023-01-12 00:00:00,3.1201279649223044,3.027911947758541,3.303567365799282,3.7687770261719686
2023-01-12 01:00:00,5.273330124290938,1.4661848906711632,6.2341867053660485,3.4285722193523753
2023-01-12 02:00:00,5.598763660529956,2.4094311642016337,0.7134646687086859,4.162210839270991
2023-01-12 03:00:00,1.6819841299664524,3.1600852981531036,3.2188088574798464,0.1
2023-01-12 04:00:00,2.0876644025603595,0.8388537335438255,4.455618869736339,2.8114047573152847
2023-01-12 05:00:00,3.482144974867808,3.784142757923818,3.1153597217069198,4.929215136169793
2023-01-12 06:00:00,3.723275759911889,4.020296008614468,1.9530001537092263,2.1637413457309034
2023-01-12 07:00:00,4.045905866466144,4.7531101082801435,3.939711347129102,1.9545996275908666
2023-01-12 08:00:00,10.972755372186315,7.634700080772149,8.862333842590193,14.323752080279487
2023-01-12 09:00:00,8.31220726830836,8.120329522367857,7.206784318909195,7.945879785358126
2023-01-12 10:00:00,4.96681849981163,5.44373703999435,5.525944984720425,12.238268691829315
2023-01-12 11:00:00,8.656741802273393,11.234886972863505,12.207593995242151,7.693934091331664
2023-01-12 12:00:00,7.790794082266857,10.024261096511214,8.533256225570518,8.520384869673439
2023-01-12 13:00:00,8.076388582099398,10.783873558911289,11.183820148395919,10.36747238444911
2023-01-12 14:00:00,9.931426715722187,11.121241422996826,10.835138071046513,11.729394891260663
2023-01-12 15:00:00,11.370635140720845,14.15959110771727,14.970559789375137,9.98353122436065
2023-01-12 16:00:00,8.701197838682878,15.412845521942591,13.817874471664357,16.50655629857902
2023-01-12 17:00:00,9.884511035644884,8.641563150667768,9.38971263397028,9.698991242100647
2023-01-12 18:00:00,0.9655210618793362,3.2176134298887336,5.984860911841388,1.2407099940795632
2023-01-12 19:00:00,4.64370166988061,1.49515681473828,2.6978184958549747,3.409081695099729
2023-01-12 20:00:00,3.9134357367130623,2.399171372589281,1.4761731467899413,4.658826636883103
2023-01-12 21:00:00,5.954930483584754,4.3286525501831035,2.7506601511028888,4.334957493392519
2023-01-12 22:00:00,4.025496659007985,3.2792771704015133,5.175115423708206,2.5227393499169843
2023-01-12 23:00:00,1.9265845747649815,3.9036508291020855,2.874092510573335,2.0366047544930703
2023-01-13 00:00:00,0.48134769090671714,2.2905715086691836,2.2388364672552443,3.511287043554756
2023-01-13 01:00:00,4.690145622941675,5.155365023265046,4.565877431351231,5.588489428736695
2023-01-13 02:00:00,7.311481370066893,1.4812504560575568,4.70211413236921,4.497591365282099
2023-01-13 03:00:00,2.0142883862150067,3.2725747550275552,1.4100612091303015,1.3529641047425212
2023-01-13 04:00:00,2.4746956987508573,3.4098847780417207,4.34129749669428,3.3709727360840542
2023-01-13 05:00:00,0.316901511131646,4.33023875074268,1.244370235507153,3.2210355438411664
2023-01-13 06:00:00,5.005823343229984,3.225360356089348,6.908686336371722,0.6233668502588432
2023-01-13 07:00:00,3.490502384483633,4.366815366180832,4.071244192675623,0.7437471241701261
2023-01-13 08:00:00,8.77399099069977,7.265442979950975,12.987102636085414,11.700302009866942
2023-01-13 09:00:00,10.898121834576063,13.55999651824996,11.483074728654218,10.79080519185961
2023-01-13 10:00:00,4.7143873325438985,6.339873542302568,14.752253286912953,9.94480804244992
2023-01-13 11:00:00,11.497481061656034,10.101626052414924,5.862397131610863,13.934169802540715
2023-01-13 12:00:00,8.04181992706783,10.31789725363874,9.557475491189281,11.360760450696919
2023-01-13 13:00:00,12.816491339194473,8.69020998998559,12.540270334753476,7.057705267764927
2023-01-13 14:00:00,7.764280770343559,12.376063499395944,5.6552968040377,10.110843006201263
2023-01-13 15:00:00,9.232797839765803,9.344060889679318,10.12520333994613,13.882932608923529
2023-01-13 16:00:00,11.352994248942073,10.900349131895108,7.994840983201959,8.693424231030292
2023-01-13 17:00:00,5.391703167174193,9.367250766505428,14.731487089784148,7.816412073965161
2023-01-13 18:00:00,4.286784561214034,2.488249302495995,1.008432067404402,1.9625471221629123
2023-01-13 19:00:00,2.085390255503476,6.1841344432655,2.969889602300671,3.8185599324840185
2023-01-13 20:00:00,3.3685423562428687,2.0704084764263753,5.152955128222488,3.439657955021291
2023-01-13 21:00:00,5.747280234421252,2.7641466349974078,2.7543387558305388,2.672688145600632
2023-01-13 22:00:00,4.835098054863118,4.958624901481711,1.6951249725066062,4.648787463762803
2023-01-13 23:00:00,3.1382080786882383,4.475895688707968,2.8074870438013484,0.22697520655703052
2023-01-14 00:00:00,2.7916068040943576,2.4734480392924105,0.16125300560776967,5.659843529146778
2023-01-14 01:00:00,1.911138494882032,3.8521687209114877,3.526141157704215,4.183739515296169
2023-01-14 02:00:00,2.052976171570394,1.9625511853360456,5.79013231363712,1.514213643411019
2023-01-14 03:00:00,1.3923448110731664,2.328438545300412,2.2809627917275517,2.9885981597086477
2023-01-14 04:00:00,5.411448061407798,1.2502301673205083,3.3740714361086117,0.21100129621896446
2023-01-14 05:00:00,2.1298652148178827,1.0072198778180932,3.545785684509738,4.557789429400336
2023-01-14 06:00:00,3.5725075828454536,3.6714290857372003,1.9476591657502413,2.9012249383930637
2023-01-14 07:00:00,5.079064483690045,2.931791485147906,4.546031152713333,0.1
2023-01-14 08:00:00,4.314656666786598,4.93492804598338,3.2446980810590604,2.2111052800564597
2023-01-14 09:00:00,1.2938403650676977,1.35953648786776,1.7317234459606825,3.2385810766352354
2023-01-14 10:00:00,3.4797647471465147,0.1,4.277923460086308,2.3636427559250914
2023-01-14 11:00:00,0.17078484818818307,2.0430338558490293,0.8092444070049822,2.7698030725968072
2023-01-14 12:00:00,2.047206199053253,1.6502523172959545,5.123079556920866,3.127773643818245
2023-01-14 13:00:00,3.4632220128200077,2.9843890426821718,2.463610228850084,6.992371896214307
2023-01-14 14:00:00,5.264271498698095,2.8404711617045324,4.103023754635915,3.698467305186207
2023-01-14 15:00:00,4.058821144796511,4.0383792938083785,3.488568623150961,1.8995212057264776
2023-01-14 16:00:00,4.809562954377213,3.095168098731297,4.154484729039525,3.9579702836436916
2023-01-14 17:00:00,4.872595307134782,2.1274322033883863,3.59648852231189,4.880927903473757
2023-01-14 18:00:00,1.7963567508724665,5.379427653221611,1.4775442033632595,3.4496849378378736
2023-01-14 19:00:00,3.405413515175603,5.802419239823557,7.188623360409404,2.3998714424615013
2023-01-14 20:00:00,5.439699333937683,2.7594595716761594,0.1,5.886370349630322
2023-01-14 21:00:00,2.6944662656681335,4.769421468449692,3.300167749509975,3.209215654030949
2023-01-14 22:00:00,3.6700276881520084,3.27577184566933,4.1518148732260265,3.79881782585149
2023-01-14 23:00:00,1.1131411200434087,0.9964699126694407,0.9304146548963645,3.506808523144314
2023-01-15 00:00:00,3.368878980516395,2.94723677768479,4.084453631066949,3.3195889254347715
2023-01-15 01:00:00,3.452777064946642,3.915012092168171,3.4079733301855937,2.853505976838055
2023-01-15 02:00:00,5.755434656896988,1.7398171689123947,3.9127267158139087,2.5235254558917317
2023-01-15 03:00:00,2.58402299411208,3.155313383636682,4.345898998107469,3.6004919645098297
2023-01-15 04:00:00,0.5120566260426043,5.349921007255206,0.23329837038360468,4.860431005207286
2023-01-15 05:00:00,0.46836274103838704,2.0285309921523864,3.349221561162946,1.0430164230613168
2023-01-15 06:00:00,2.4346757797609393,0.1,3.2981052721743818,1.6625001884431336
2023-01-15 07:00:00,3.032774776214652,0.8592809087372246,4.303313794194848,6.053127375050572
2023-01-15 08:00:00,3.4656384451297875,4.9524899427879205,4.001637888478692,3.269374284276095
2023-01-15 09:00:00,0.1,2.7393419669672143,1.470246040501444,3.016829597075523
2023-01-15 10:00:00,2.2846131401723007,1.6710747335469702,1.7951317836718377,3.1627282926135054
2023-01-15 11:00:00,1.6097784081937356,1.1182384330897186,3.856994676586714,2.222574588447932
2023-01-15 12:00:00,4.866048580717332,2.3422642006905097,3.2660177154302557,2.714071027719908
2023-01-15 13:00:00,0.1,4.402829232829962,5.259461041861444,4.766837802099548
2023-01-15 14:00:00,3.9691002451998534,2.5240789953102882,4.858387031080802,1.3747133553234023
2023-01-15 15:00:00,1.3307661364329222,0.3070413079254273,1.2685775579851497,3.383547812653623
2023-01-15 16:00:00,4.152428242931295,2.6783588816907313,5.637205558040466,6.281511931428485
2023-01-15 17:00:00,5.752337304537124,3.7767959033375798,2.2952415247237843,3.1841369625110745
2023-01-15 18:00:00,4.944897680184887,2.9054884815536783,2.2468982134090894,4.0404226728749695
2023-01-15 19:00:00,1.5232676743605584,2.2677501129501407,2.877146012951967,5.200902902085288
2023-01-15 20:00:00,5.494301565743605,3.082322999463392,4.771164643912919,3.7161990658226234
2023-01-15 21:00:00,4.795853208914733,3.3863763814883185,2.358267483622762,1.4243167969853339
2023-01-15 22:00:00,4.36141421686488,4.3162283362980425,2.0239800189422863,2.4378405930513205
2023-01-15 23:00:00,1.2691786164278702,1.301444101877643,4.35984882890638,2.3538577594614707
2023-01-16 00:00:00,3.880002521208034,2.8135765419345646,3.333978611259228,0.3564954632656181
2023-01-16 01:00:00,4.9839085792491655,4.8532777182631825,0.9176534948658222,0.1
2023-01-16 02:00:00,2.526962663821361,3.3987836167523313,2.0913717712789976,0.1
2023-01-16 03:00:00,3.133429115856734,6.256396446033502,1.5892424953904516,2.6309638641825477
2023-01-16 04:00:00,1.554358788090143,3.573621787897996,1.1144809235952038,4.444234909965587
2023-01-16 05:00:00,4.855291248342062,0.7662889157184138,4.523728109392726,2.485037436575794
2023-01-16 06:00:00,1.5332351637671449,0.1,0.8647819282044931,3.4196245028429373
2023-01-16 07:00:00,5.573669811112256,5.34838340988788,0.1,5.304423742096138
2023-01-16 08:00:00,8.49181075657191,5.125419805303607,12.133142983353496,11.451190673537102
2023-01-16 09:00:00,7.3813273717503325,12.089290964513639,9.428491914343507,14.789507033856673
2023-01-16 10:00:00,10.228109702549354,9.137428138695892,10.739131439947387,9.115064628035926
2023-01-16 11:00:00,10.774706319573479,11.372912785946195,12.569813591245314,11.766842132134883
2023-01-16 12:00:00,10.458749686380528,13.551629961223211,12.017337629409987,8.812128637876201
2023-01-16 13:00:00,10.813179946085798,9.245404098263812,9.072989925414872,6.994051490435121
2023-01-16 14:00:00,9.65572885295273,12.019300907867512,9.869097022956886,8.969348145888036
2023-01-16 15:00:00,8.236491545574538,10.38533937281032,9.579039506458063,7.677333431887649
2023-01-16 16:00:00,15.114118014186303,6.321606532568776,8.050255908203034,10.681102120686342
2023-01-16 17:00:00,6.436422365102915,11.84824928932782,13.416124062995793,10.990264922875108
2023-01-16 18:00:00,0.7897400966680079,4.04815931635694,5.789079208362254,4.259885597479595
2023-01-16 19:00:00,2.06771498994076,2.5623441405506524,1.4594247212465912,4.767432659698732
2023-01-16 20:00:00,0.47992075426533276,1.086691510038964,2.515627698743527,5.282985121967739
2023-01-16 21:00:00,2.805252932653036,2.36674972878343,3.1195705978566335,1.015297104351434
2023-01-16 22:00:00,4.654468493088571,3.6627782220294334,2.932312064005672,3.3336247002270483
2023-01-16 23:00:00,2.853800583415274,4.1716078525959635,2.4197460011419607,2.095334472269575
2023-01-17 00:00:00,3.9652904451201705,2.598563786620986,2.998192265457072,1.1981277384766091
2023-01-17 01:00:00,2.5514028142771252,3.2977797403168774,2.5424593914497504,1.5693577724126238
2023-01-17 02:00:00,2.4275881935534844,5.723296905733738,3.7912024954018495,3.955588280263997
2023-01-17 03:00:00,1.5863376584787474,2.8327380134898363,2.362043026001074,3.7922799780006367
2023-01-17 04:00:00,2.7517323257303894,1.617422512319688,0.23439343884773844,0.731821122200174
2023-01-17 05:00:00,3.559500277357406,4.262963388673515,0.6317247312430041,3.774661553682564
2023-01-17 06:00:00,2.6611083950564294,5.029433116804782,3.1866492250048646,0.5782174234412722
2023-01-17 07:00:00,5.955522176038947,1.5855200848184219,0.5179762736750444,2.947600240929558
2023-01-17 08:00:00,9.524144614265532,12.375636085946798,8.898192411684422,11.521835782182379
2023-01-17 09:00:00,10.77925974264292,8.624136471219138,11.872452885098996,7.302237798332196
2023-01-17 10:00:00,8.408331441225407,15.005844772564096,11.08246558665629,7.355002470373006
2023-01-17 11:00:00,10.29933141762405,8.028758608886154,10.541636951971388,12.596247674613416
2023-01-17 12:00:00,14.149894954089334,9.051795645665859,5.395661177063575,12.763011393563051
2023-01-17 13:00:00,12.891808362240461,7.582241756532832,7.9302012313231,4.909614312194743
2023-01-17 14:00:00,11.384297958280039,11.13889285556203,8.059511339850623,9.635626450581082
2023-01-17 15:00:00,10.975882309445641,14.144358410882994,9.636520540456479,11.063715316152223
2023-01-17 16:00:00,14.08841952345193,9.535829089873904,11.657902739793931,7.417711831118596
2023-01-17 17:00:00,9.073898529126874,11.365012635033551,12.679616636395048,13.06781137722549
2023-01-17 18:00:00,3.796780281643719,3.0891087162070665,2.8262217581822244,5.135449231508621
2023-01-17 19:00:00,5.065581020281069,2.114685967030179,1.396945604841993,4.926585419812973
2023-01-17 20:00:00,2.2725499170517227,3.3781133024713226,1.4735055062689941,4.612805909856198
2023-01-17 21:00:00,2.206084474299268,5.549755707465526,3.4371869734461833,2.9987917486745794
2023-01-17 22:00:00,3.7097896304517652,0.2001879407483944,3.3942019658095237,4.880621188776302
2023-01-17 23:00:00,1.7965160374072051,3.583858971641912,2.179259524226563,0.1
2023-01-18 00:00:00,4.631270833968424,1.5043064860311077,3.852001167985127,4.587498511146892
2023-01-18 01:00:00,3.5688600538800763,3.6862012467101977,4.433717068473712,3.649495033606012
2023-01-18 02:00:00,3.118489103106376,3.7636579643368284,3.550823607304341,3.9985477665585023
2023-01-18 03:00:00,0.1,3.902096584825928,5.1966936327888895,1.434444745297311
2023-01-18 04:00:00,2.1409115724265044,4.16150744247672,4.862119403940841,1.2840890940914287
2023-01-18 05:00:00,4.598690085929247,0.1,1.9463305430844473,2.706788647831018
2023-01-18 06:00:00,2.6133020078389118,2.2506946326494477,0.1,5.277814729119363
2023-01-18 07:00:00,0.8359440240042941,3.5693574981800316,4.880143835952337,4.1662558796016835
2023-01-18 08:00:00,10.784077608287904,4.98670932868495,9.117769676155804,8.972718004788256
2023-01-18 09:00:00,6.284769879140155,7.534392104167033,16.17176051718976,12.80581176408568
2023-01-18 10:00:00,1.972249481108177,11.231161853208835,10.605745400608487,12.929238365204302
2023-01-18 11:00:00,14.179820511733176,9.147580423991602,6.295757538672616,11.347694991029172
2023-01-18 12:00:00,12.532374755646215,9.747000049437828,14.102372435197367,10.027812528846713
2023-01-18 13:00:00,4.281691902335674,4.22282942405252,11.435896563237966,8.528502109821614
2023-01-18 14:00:00,14.743890859483113,13.647801600953965,10.732345592312662,13.819927930134577
2023-01-18 15:00:00,10.346084577586462,6.685442571368502,6.574413478378421,8.08448594863801
2023-01-18 16:00:00,10.909252118512605,9.98402545704276,13.366678769638227,12.13888009959646
2023-01-18 17:00:00,7.691291827130843,8.796244677582267,11.618349954629656,6.705537587885224
2023-01-18 18:00:00,0.1,2.7033892891405866,1.3701070347357294,4.935489598364924
2023-01-18 19:00:00,3.8651322609244536,2.58260982195693,0.3067738236114317,4.865022927290558
2023-01-18 20:00:00,0.7237664090937805,1.1647408864506594,2.8619482291668628,0.8990319941488694
2023-01-18 21:00:00,2.963275718126282,2.687447433790814,3.315265238808849,2.2815178513830454
2023-01-18 22:00:00,5.971254683760241,5.0369254371372065,3.0254479476914637,3.834310050628715
2023-01-18 23:00:00,4.672978852197183,2.284070630301299,2.7436628077798915,2.1677682170370414
2023-01-19 00:00:00,3.518453779961256,4.002583475507935,2.404443072430305,3.5199292938827886
2023-01-19 01:00:00,0.46693809429609745,2.6408366757722366,0.1291811778977059,4.3495291341106865
2023-01-19 02:00:00,4.25547899145894,4.121892478381706,2.685967891048787,4.243202293770227
2023-01-19 03:00:00,3.2831207249098657,1.7205678497634163,3.0311382994447365,4.150867402328192
2023-01-19 04:00:00,2.6616823404108043,3.8928795929715188,0.572479929241192,1.0030636112289544
2023-01-19 05:00:00,1.6345267886067247,4.979257034694651,3.5878687197831267,1.6219553551665413
2023-01-19 06:00:00,2.927327645870539,3.850582340505136,2.054405624015758,1.2801354848053896
2023-01-19 07:00:00,4.042061992703138,3.411389555137267,2.4767317983142045,2.5890548410471794
2023-01-19 08:00:00,11.632275071980478,13.202137464488494,9.188152141309482,11.292786918445884
2023-01-19 09:00:00,11.786182575230352,6.806879007348416,10.278093488812315,12.25316389844346
2023-01-19 10:00:00,12.603684980056856,8.953708517519448,10.54804221132051,4.822843676432514
2023-01-19 11:00:00,11.545980204046282,8.988342744467566,7.194132293203415,6.7740530279281685
2023-01-19 12:00:00,6.247621203573008,11.228967147367802,11.666132850129408,13.728785957813955
2023-01-19 13:00:00,11.23914165319191,8.138916802745713,6.356941364109144,13.629199591776437
2023-01-19 14:00:00,8.693614499059931,13.588424069478288,13.441124423704178,14.827199138629243
2023-01-19 15:00:00,11.416444028915675,10.722764283792166,9.17666730912888,12.952401835268187
2023-01-19 16:00:00,14.427631959462516,0.9994664474670074,11.711797682593616,10.255423667901514
2023-01-19 17:00:00,6.632763285890228,7.22301897924117,7.802424341349105,9.195029356697404
2023-01-19 18:00:00,3.0350659453191726,3.523060104916143,3.9502216404679924,4.587917044777511
2023-01-19 19:00:00,2.5988137111739595,1.8459792161628354,4.148987940114876,3.7897617929251592
2023-01-19 20:00:00,2.3350964665590834,5.11225105457773,2.8858416398617557,4.40246000635576
2023-01-19 21:00:00,3.249596708694729,1.320897691013501,3.6042295038907257,4.860374494222848
2023-01-19 22:00:00,2.4111190996421517,2.252916902142107,3.0506279560324985,5.568493083182732
2023-01-19 23:00:00,2.3191477366089206,2.7827125498587133,5.725482235852027,3.7130210449822414
2023-01-20 00:00:00,1.4100197341640421,2.3319273687731346,1.7729515007223655,4.429113715426144
2023-01-20 01:00:00,2.3151110320475623,0.1,3.6832408579554983,0.8590524919482592
2023-01-20 02:00:00,3.487816576408343,1.6608903577530139,0.7908855340868097,4.232220534694657
2023-01-20 03:00:00,3.5278689042378657,4.612414263665169,2.6676722930866683,3.0915641011912145
2023-01-20 04:00:00,3.848562949198093,1.6892737458009939,3.227549781346628,0.8213519782273773
2023-01-20 05:00:00,3.9678109985850303,2.7922833885844422,0.1,4.136017755215592
2023-01-20 06:00:00,3.3492698915602106,3.0341892419529737,3.4192485100954837,1.0716878283543045
2023-01-20 07:00:00,2.7936646931060065,3.755762106626705,0.1516811189591616,4.9219484954732176
2023-01-20 08:00:00,8.536085021827155,10.271579425645756,8.53186338893032,9.063806753780383
2023-01-20 09:00:00,9.100303022822642,8.973542784751139,11.85000076103903,11.821469203862732
2023-01-20 10:00:00,13.668188450704069,9.914977834089369,11.167608119333838,9.755525600198018
2023-01-20 11:00:00,7.376812571746859,6.064300777546537,4.379851213132893,10.04297797633073
2023-01-20 12:00:00,6.869507999937191,8.928820535717106,6.410946408443971,7.855065615823699
2023-01-20 13:00:00,11.508421644360514,8.239406705433625,13.06713688078738,3.6080356557039277
2023-01-20 14:00:00,16.518786563433032,9.48049556796125,10.560300207729995,13.526073296557746
2023-01-20 15:00:00,8.94974676206077,9.726261144959,3.196184108829371,8.840555257654255
2023-01-20 16:00:00,10.271748355732436,8.30605154054102,7.275308099141254,10.364718869103172
2023-01-20 17:00:00,12.947541707216516,9.309358665110324,12.101614484742369,8.51728091177388
2023-01-20 18:00:00,2.3220529909033156,3.0989023074751505,1.7691205027486294,1.6244086153911739
2023-01-20 19:00:00,0.6665423374387047,2.825454518500693,3.732536663641966,3.9739336769067792
2023-01-20 20:00:00,1.035654143429946,1.786841138996256,4.448016569277882,3.557049355632516
2023-01-20 21:00:00,5.489240221297118,2.6669268796844747,2.8161014502113693,2.2314589780847065
2023-01-20 22:00:00,1.4919379893511806,1.201727737847826,2.431157798163497,3.4701805712879787
2023-01-20 23:00:00,1.1114937981634498,1.428952573986999,2.81816519759267,4.335401156060952
2023-01-21 00:00:00,3.4922388138034655,2.267798900023423,4.212955364624721,2.3051015695271793
2023-01-21 01:00:00,3.6241289860121046,4.39702747610895,4.154856465317691,2.965201318093229
2023-01-21 02:00:00,5.379867678236646,1.3389534031938535,4.531344182459178,3.8538758870306484
2023-01-21 03:00:00,1.6999112553235336,3.0899213911769454,1.243179704283497,4.554493627514919
2023-01-21 04:00:00,5.415396654453841,3.998084569648883,1.2992868335790897,4.8201601003348635
2023-01-21 05:00:00,1.2101288253579219,1.694611678395217,3.55845763081602,2.3649337305712885
2023-01-21 06:00:00,4.345828550111927,2.3191284589361505,3.6534959469852875,3.9637814886797806
2023-01-21 07:00:00,2.533625972190931,2.22532749873579,4.192043504258779,4.727234601982607
2023-01-21 08:00:00,4.100033614271332,2.763742794801477,3.8166176214245944,2.177359948862005
2023-01-21 09:00:00,4.817049643730455,1.1004190037692592,3.754589346541665,1.8804777932982628
2023-01-21 10:00:00,2.0816118963966774,5.026958749266151,2.2280180172531363,4.731288688676102
2023-01-21 11:00:00,2.957394795720802,3.405990011260934,1.8393977444236151,2.4348813663641415
2023-01-21 12:00:00,2.8236761651653204,3.376079618924391,1.8091552549313938,1.1313842041610471
2023-01-21 13:00:00,2.4676273497768015,2.084863431727062,5.9558674949339965,0.1
2023-01-21 14:00:00,1.5052882286379767,3.532289337825765,3.2264814347154105,2.1752029281256293
2023-01-21 15:00:00,3.4443529472026615,1.0642041106706244,4.47931900267207,3.5923282889931536
2023-01-21 16:00:00,1.6902943994211919,3.464704311821968,6.177849678478357,1.3031416839971355
2023-01-21 17:00:00,3.422308702136756,3.168736556257358,1.6430731012866455,3.243390041518657
2023-01-21 18:00:00,2.595805011924719,2.217959950275727,3.011504558774897,3.4905028114665244
2023-01-21 19:00:00,4.620905327721306,2.8665784306093163,2.4831458639426796,0.32132046591091346
2023-01-21 20:00:00,2.428829477009949,1.2378660824304113,2.448174353800997,3.041958351048324
2023-01-21 21:00:00,4.649419312889833,2.663196974298945,1.3552182106280255,2.375000531589757
2023-01-21 22:00:00,5.371128686429306,0.21968901252492756,4.114778215800941,2.9544876745044526
2023-01-21 23:00:00,3.368099698015503,1.232932445665701,4.42873875049929,1.6796878234117494
2023-01-22 00:00:00,4.915416569677528,0.6447691223888521,2.0032506590506447,3.4439358927041583
2023-01-22 01:00:00,2.640105702240318,4.013421492692371,3.7777761465047117,2.5256284767597297
2023-01-22 02:00:00,4.671974348150979,2.7499443717408236,1.8173462473853403,5.029081438389028
2023-01-22 03:00:00,5.200309245527331,1.3248318991655437,3.3020753954835933,3.0615764059370405
2023-01-22 04:00:00,3.72180154392686,2.139457758553124,2.1060853660261323,3.0876776505302224
2023-01-22 05:00:00,6.926098114299209,2.254863191859898,2.8336566689756606,0.1
2023-01-22 06:00:00,2.987795524016435,0.1,0.9096625742134963,3.792892089055326
2023-01-22 07:00:00,4.107604857434606,4.3853122465344665,4.0706151341980945,2.54242262149184
2023-01-22 08:00:00,4.680333388729569,1.1044378257454492,2.6602571755137134,1.3579059098637818
2023-01-22 09:00:00,1.960977152186038,3.860865335645885,1.582615215322522,2.2651385895285436
2023-01-22 10:00:00,4.8511522750907625,4.3295907003310985,5.7776954597112375,6.715692558878804
2023-01-22 11:00:00,2.7114958389124557,1.8976457575575596,2.9245576199165284,2.462700005861681
2023-01-22 12:00:00,2.5267645431636487,2.042969203159439,2.6830360408957783,1.727199452427548
2023-01-22 13:00:00,2.6997872574177357,2.8984248895898603,3.9487301141494098,4.023601939687081
2023-01-22 14:00:00,3.601004975376149,2.8232288209235605,3.4916425684909362,3.630191109558063
2023-01-22 15:00:00,1.5337903505793202,3.0719562115070187,4.676709391349431,3.1706043754348743
2023-01-22 16:00:00,5.171353724354905,3.2791397741944466,3.5222161701571926,4.087125594699919
2023-01-22 17:00:00,4.215552037383717,4.936625507490935,3.4081639612993992,1.5987085039590871
2023-01-22 18:00:00,1.695454834288877,2.1776538721552803,5.5556650602337125,2.801139839171006
2023-01-22 19:00:00,2.4141486475271416,1.1755251438982073,1.6158358209508261,4.310680755923042
2023-01-22 20:00:00,2.4796960793020224,2.1713644307228837,3.6978753616084212,2.4707243745202145
2023-01-22 21:00:00,0.9638146906256448,4.726019916567496,4.176842845797857,3.554689975206679
2023-01-22 22:00:00,3.3073187330942506,0.9942358200698971,3.1937325180518603,4.926867298187779
2023-01-22 23:00:00,2.032019921406568,2.1248838258511498,0.4233356206628569,2.8217695401007434
2023-01-23 00:00:00,2.248058880028087,4.405881059646897,4.007984136679884,2.36371188373551
2023-01-23 01:00:00,3.530858670665549,3.497375513635505,3.7149779365176996,5.2356147146878875
2023-01-23 02:00:00,2.644194757396549,1.350277606771038,3.2353482255198744,3.709503868515293
2023-01-23 03:00:00,6.815123059578355,4.5909707899280985,5.507287709044374,4.927538089519738
2023-01-23 04:00:00,4.069171432058674,1.6115015846637573,5.394835366007594,3.441665179690055
2023-01-23 05:00:00,5.730784310683578,0.1,1.3557432430673377,3.168933648526114
2023-01-23 06:00:00,0.7765725593961523,3.9374459523913243,4.415792321069734,2.8877350372692088
2023-01-23 07:00:00,3.243300464641858,2.3235783436929207,2.4309800493992446,3.9044463404565355
2023-01-23 08:00:00,11.819266836738255,8.86603806256965,6.444811778287876,5.578377569578585
2023-01-23 09:00:00,15.814247682087192,6.371141044239041,11.323118907484204,11.406010684310017
2023-01-23 10:00:00,15.457367048505072,8.318821821471113,15.368227112112598,12.391564859412135
2023-01-23 11:00:00,6.1525068848247475,12.86206825761511,10.645352207223212,4.092710177685023
2023-01-23 12:00:00,12.687297314076911,10.597747810290095,10.78974048354738,12.77518384447006
2023-01-23 13:00:00,9.873711269896738,17.30160612243832,7.852100854628766,12.420402762663535
2023-01-23 14:00:00,7.078228894781264,13.798621418872608,7.754411293790355,6.212639188268213
2023-01-23 15:00:00,7.93743454131292,11.37138533028609,8.236994364378582,10.361706467354706
2023-01-23 16:00:00,7.98323772795281,9.497505770662327,7.901634225672779,10.189771612052763
2023-01-23 17:00:00,8.782103923703792,14.243400642347709,12.86616672336985,12.419421737033488
2023-01-23 18:00:00,1.1411510166907637,0.1,3.1530466842252625,1.005037016752647
2023-01-23 19:00:00,5.0372177506044435,3.8832450879491764,5.284691471524553,3.211716657572835
2023-01-23 20:00:00,5.413204957518225,3.4930273718384472,5.855977028481671,4.293878486251801
2023-01-23 21:00:00,2.1850774868652842,2.490650665429225,2.750135524629984,2.990379255679921
2023-01-23 22:00:00,3.942169852776673,2.3112130809008837,3.4227722478857974,1.5446384787707361
2023-01-23 23:00:00,2.8531107144958665,1.205390370877558,2.179795982178792,4.298114431062439
2023-01-24 00:00:00,2.953943929522662,0.2864797650535609,1.6986734422811969,0.4214117650734406
2023-01-24 01:00:00,3.6799796654729535,2.194223371927327,2.747869582167545,3.6495019901474555
2023-01-24 02:00:00,3.6572788167028834,2.5879335967160237,4.496110433496418,3.552627126334615
2023-01-24 03:00:00,3.3114595883795324,3.184297553578122,2.7390811563384028,2.9482124517846997
2023-01-24 04:00:00,2.7171165240576274,4.392135175916553,2.2846425913757553,3.541356875852108
2023-01-24 05:00:00,3.5627772225949563,4.304672633964927,3.7233441286194964,4.149136820880583
2023-01-24 06:00:00,0.4393378876092142,5.103472445243659,1.5146280629643805,3.26212444120727
2023-01-24 07:00:00,1.5883185862655687,3.360933927229726,2.8411757032666904,1.8997134228969563
2023-01-24 08:00:00,9.668871821838632,7.64741019630582,8.124848768650406,5.581853693299925
2023-01-24 09:00:00,9.981665958320347,10.637964413396213,9.780300749197599,13.872297719023953
2023-01-24 10:00:00,7.963268469183102,9.033035018112187,12.139505304574303,10.364764167031094
2023-01-24 11:00:00,10.36238176323097,10.232114194212633,7.827984646982789,13.14253246544013
2023-01-24 12:00:00,9.633868558703083,13.17194810429376,7.120928880541294,7.443723348547309
2023-01-24 13:00:00,6.714429261285101,15.238489835140262,11.671953899727237,8.381727698425724
2023-01-24 14:00:00,10.096993814567192,5.1286993184949035,9.614158136073494,10.546659979759536
2023-01-24 15:00:00,13.888375663136664,11.168431298788118,10.308814404390379,14.037704321586386
2023-01-24 16:00:00,8.43462386578231,10.212197837393603,8.188120544619924,8.161265121694129
2023-01-24 17:00:00,9.860533176241475,9.063761593826053,11.742059747308854,9.684730768382918
2023-01-24 18:00:00,5.849590759893874,4.197678924086103,1.7600514740438125,3.2921731973652926
2023-01-24 19:00:00,1.8743820139543588,2.5318560635525595,2.8325859291261386,2.3879127976524437
2023-01-24 20:00:00,3.2782794454606026,2.887705515808232,5.006255479887337,2.4090848532882165
2023-01-24 21:00:00,2.731231504406881,2.590912600124694,0.9097466538887153,2.102990839614802
2023-01-24 22:00:00,1.6194877422630738,2.60968436053458,2.2217129642141193,2.6524604166167283
2023-01-24 23:00:00,1.7018100423333125,4.5188561025611484,0.5466916707244049,1.4148721922222465
2023-01-25 00:00:00,3.2771937987594884,4.712627519857717,4.573264345959015,2.185944082673752
2023-01-25 01:00:00,4.8013946554029925,3.456633941216176,1.110928519696394,3.3332663231468826
2023-01-25 02:00:00,2.885287418383085,1.1466245172543048,2.6864534254444896,2.4782016163775564
2023-01-25 03:00:00,1.3990577035197709,5.218292861020404,2.5857980673763388,2.5588864329265033
2023-01-25 04:00:00,4.803651202168511,2.337059122317833,1.468007927920551,3.3217110640850604
2023-01-25 05:00:00,4.240450093472459,5.255169182614759,2.7750785250767844,4.841852914710637
2023-01-25 06:00:00,4.280042790209438,4.814260779194714,2.9364638796541276,4.521735360840799
2023-01-25 07:00:00,1.3812167866920846,2.858824245193104,5.357715377329715,0.7727115911273303
2023-01-25 08:00:00,7.433738342525729,13.725637150565564,10.165598173508984,15.906488821661004
2023-01-25 09:00:00,11.420247220035783,13.756307363619591,6.286349388017146,14.339836457109232
2023-01-25 10:00:00,13.815784312998217,12.898884012895465,12.633744474285795,9.66154935111815
2023-01-25 11:00:00,12.93426935517225,9.740517476597663,11.954363221631752,11.446562870169512
2023-01-25 12:00:00,11.971667208548034,9.522932540773827,8.982672594605607,9.0326659464866
2023-01-25 13:00:00,5.040274622859241,11.23437258414982,9.704283409246543,9.693108905369145
2023-01-25 14:00:00,12.419187233483486,9.773143488199107,9.356080705767083,8.868891760244038
2023-01-25 15:00:00,12.060464862397874,15.009222453853777,9.678655611793191,4.87859826155162
2023-01-25 16:00:00,14.902536697881597,11.248402152907492,5.183977531962237,9.694543274427701
2023-01-25 17:00:00,10.779634963185712,9.368319508579424,9.914042926722649,6.45206121723625
2023-01-25 18:00:00,3.9770610229468826,2.4480140174784717,2.456483981061017,3.30474421172604
2023-01-25 19:00:00,1.0921300052734684,3.4659706928158824,1.0006697289268085,4.186409144206555
2023-01-25 20:00:00,3.496678522309708,5.353286520823461,3.156567876621303,4.668045309421128
2023-01-25 21:00:00,2.4390866298317557,0.1,3.300760141753864,2.505539136721006
2023-01-25 22:00:00,5.933165317454687,4.588910484756682,3.9875780545248656,3.4086703257882225
2023-01-25 23:00:00,2.935933482537055,2.6807341488266734,0.1,2.9154487772947433
2023-01-26 00:00:00,2.950800569057689,1.4293546893002858,1.8681179724504342,5.68497308545134
2023-01-26 01:00:00,3.1291557281039695,0.8874705166222361,2.69366298230102,0.1
2023-01-26 02:00:00,1.0394629991702353,2.5380661950429397,1.0823265069999666,2.5317219743574846
2023-01-26 03:00:00,2.4362403316209607,3.7736891570530804,3.575494390492901,1.9313983296101949
2023-01-26 04:00:00,1.0179879096184565,3.1119303151545323,1.8841299958737903,2.8943115564862136
2023-01-26 05:00:00,3.0748908498840164,3.9125500001333666,2.2679799256389406,5.184708436393406
2023-01-26 06:00:00,2.3196310141776135,3.6752538460605955,1.359616918073105,2.723106271261371
2023-01-26 07:00:00,3.37220742506364,3.435683452576354,2.566212695050516,2.281218830410327
2023-01-26 08:00:00,9.7340597403746,13.555686475445848,13.489134457578242,10.967483576475864
2023-01-26 09:00:00,14.375908228561489,4.7908415180287065,14.228416445548492,3.353428661725408
2023-01-26 10:00:00,9.188934589873035,16.265608518268955,11.561683906871503,10.050606979106844
2023-01-26 11:00:00,7.3539431771499775,10.917567275069151,11.677368941521838,9.502556345938332
2023-01-26 12:00:00,10.577795834389983,7.6877521861266755,7.685749508215368,11.07124283511345
2023-01-26 13:00:00,6.517006500227393,15.303424949919247,12.430659364099874,9.05738849035809
2023-01-26 14:00:00,18.027339346381154,6.571035648909393,10.107153715772181,15.329420952909155
2023-01-26 15:00:00,8.8543454916841,9.212278975086154,7.02764240705425,10.33965127501492
2023-01-26 16:00:00,11.468471300747725,11.258244928450484,7.145957802407466,6.976343382184347
2023-01-26 17:00:00,13.488402222964886,12.780563693168771,12.057464452919888,6.6527054548151074
2023-01-26 18:00:00,2.7150622900719994,3.2927725695381933,1.531500004392127,3.824622441214589
2023-01-26 19:00:00,0.1,3.3192434979014265,5.273981614489683,3.695150446399925
2023-01-26 20:00:00,3.255217749035283,5.473560989333199,5.369520727839486,3.5703159332399985
2023-01-26 21:00:00,4.888848378650861,4.7565455529218745,2.1917912027567126,2.9465702688802766
2023-01-26 22:00:00,3.8273317737471038,2.882071020959899,5.2562547183477974,2.554858502254211
2023-01-26 23:00:00,4.9121256913284075,5.5480159778322236,1.0277833811726338,2.6107231414959235
2023-01-27 00:00:00,0.9539499617624152,3.732622794405751,2.695758501737391,3.752808781880317
2023-01-27 01:00:00,2.8050008800060926,0.1,3.9903738578779304,2.7530088739673326
2023-01-27 02:00:00,4.733447757651833,2.6654808227525635,4.0855749366551235,0.6526913912390659
2023-01-27 03:00:00,5.682870573910534,4.0953558102528245,4.32949452826938,4.20693341863179
2023-01-27 04:00:00,4.366809336937239,6.452514604828023,5.033082920182945,3.0036745071844155
2023-01-27 05:00:00,4.08785830365874,1.8751472640765365,4.931984034012963,1.49952099433267
2023-01-27 06:00:00,3.589021307099721,4.3091742043996035,3.3380128482677445,4.604804592174077
2023-01-27 07:00:00,0.13979724526942672,5.553941576538781,1.8615335067049985,3.521723009853167
2023-01-27 08:00:00,11.35145081320819,11.642709107468388,14.563704157669822,8.713978473531
2023-01-27 09:00:00,13.481160550321821,7.649156912822195,9.619712676406463,6.187958778359885
2023-01-27 10:00:00,14.03799426554972,6.901486775168106,9.870277345014982,7.829510479473842
2023-01-27 11:00:00,4.037877534894889,10.339861915526727,6.2620980974677085,7.9621285384763585
2023-01-27 12:00:00,12.812615908397115,10.833925015492508,9.797433199869031,7.013425346147482
2023-01-27 13:00:00,11.412124894757744,9.526918021183185,12.108040370178687,8.333518684337925
2023-01-27 14:00:00,9.491185927649104,6.9620361119443785,15.699245493850468,10.603115620875375
2023-01-27 15:00:00,8.683452582874228,13.150034879331042,11.991206863966278,11.049635190029365
2023-01-27 16:00:00,5.780286574947749,12.538881706226778,6.051080017392771,9.697677240482127
2023-01-27 17:00:00,12.98397740163646,11.35070096536002,3.684551910125734,7.164650700323225
2023-01-27 18:00:00,5.686094801992793,2.2521913575620567,1.012252261784432,1.2629927484987085
2023-01-27 19:00:00,5.527586678029064,2.2574524237206823,2.587890612109494,2.1238840599423776
2023-01-27 20:00:00,2.7304987656671784,0.8373620722388608,2.0924266763766717,3.664953803396796
2023-01-27 21:00:00,4.382708123178706,2.108567143801338,0.790675131973889,2.3526457159915126
2023-01-27 22:00:00,1.4737765598005794,4.073549378211533,4.4183475946731,7.674550174903022
2023-01-27 23:00:00,2.973915099868307,4.890577360228102,6.24888998871234,1.7908918626751298
2023-01-28 00:00:00,6.066256779134469,4.672138516778761,4.009932431475821,5.210621843235513
2023-01-28 01:00:00,1.4849569744392763,5.08946316633239,4.111784617092694,2.5862020198790265
2023-01-28 02:00:00,4.2412430527257285,2.1077910620285607,2.010535015283753,4.438298334583555
2023-01-28 03:00:00,3.9667305488634215,5.146425323973172,2.494897209508571,1.3502414431431093
2023-01-28 04:00:00,2.3306762345829704,5.390333406981474,6.8409472862593335,4.3620014975851005
2023-01-28 05:00:00,3.2656511074948584,1.9362809481084233,0.1,2.195672890879824
2023-01-28 06:00:00,0.44480007777390584,1.940050423423575,2.313812433756204,0.47352428589006523
2023-01-28 07:00:00,3.535407036401644,0.15826281677705767,5.223474318960234,2.6628236873603366
2023-01-28 08:00:00,3.113848604741012,2.0522514529871807,1.7925070931304858,3.742291310652088
2023-01-28 09:00:00,2.8620082690380877,2.0299416245647977,3.9678432586203876,4.378085526309295
2023-01-28 10:00:00,3.1318775209950735,3.221117945284961,1.0734382557291609,1.7883019144649839
2023-01-28 11:00:00,4.125964849981985,2.2804903948024817,5.811119722832953,1.992147514014376
2023-01-28 12:00:00,2.9199253898124415,2.729173515511386,2.462423669756983,4.066138083749734
2023-01-28 13:00:00,5.145040983295847,2.8219478532876647,1.971324408628969,5.198992677877834
2023-01-28 14:00:00,3.219530021275527,3.5643207042742104,5.8120183970600925,1.5511418524259568
2023-01-28 15:00:00,3.8295770637187005,2.6146481345252646,0.9579719679727674,3.1835273988099084
2023-01-28 16:00:00,4.638964239853522,2.8828506703006944,3.098848051245,6.319456863491327
2023-01-28 17:00:00,4.978370796745461,4.193661953731893,3.14297671691678,2.075963051676579
2023-01-28 18:00:00,3.226082271501936,3.711667689487552,3.8294810446089413,3.948951894579218
2023-01-28 19:00:00,2.441292758206874,3.152674541843705,4.232152772554071,1.3714333962923746
2023-01-28 20:00:00,3.681782161544401,1.864559648625886,3.3983123086773324,4.037825636676393
2023-01-28 21:00:00,4.057970988655974,2.7496152345602676,5.101214605493843,5.28052702113133
2023-01-28 22:00:00,4.007317812763823,2.8115446620951956,3.345936373606899,4.419439804296092
2023-01-28 23:00:00,2.305926809760628,4.970596217093586,2.0835760397773386,2.3501910958711623
2023-01-29 00:00:00,0.9291901278972379,3.5883171545992525,4.036649918711301,2.700734424334475
2023-01-29 01:00:00,0.7425665063239366,1.0175927626556986,2.7554916765470323,4.539810651576378
2023-01-29 02:00:00,4.563766072375406,2.736969192766782,3.022716379536449,6.341599805013512
2023-01-29 03:00:00,2.158233651995244,1.7392118966122685,2.7158362725960346,4.0812621986838815
2023-01-29 04:00:00,5.032418118897986,2.9373784046509552,4.510885983685641,1.9565058775963176
2023-01-29 05:00:00,4.934844978444409,2.597646661339438,2.9826518989312674,2.9010550447474728
2023-01-29 06:00:00,5.173580305903185,3.7071043385167064,3.1176593519362434,0.9000142752618694
2023-01-29 07:00:00,3.9127332458871145,4.817246688211931,2.1581373812088875,2.221731822059006
2023-01-29 08:00:00,3.4386912929198203,3.2277542561766865,1.1747777833782849,2.994908315699989
2023-01-29 09:00:00,5.46009711982426,1.834060107673841,2.0318481438514624,3.853703086071599
2023-01-29 10:00:00,1.7582848968982276,3.495878912810803,4.4536713434254676,2.384241553974453
2023-01-29 11:00:00,4.8981262168210495,2.571230005307748,2.0182527018005914,6.2269828740815445
2023-01-29 12:00:00,2.0555835279470482,1.5359102384851675,2.585389754571538,3.406212149175303
2023-01-29 13:00:00,4.23517998364988,2.8038719285044467,2.53215477384338,3.5818333161113687
2023-01-29 14:00:00,3.065668413028671,3.648813328619685,1.7934844686392668,3.0266522462540006
2023-01-29 15:00:00,2.7604982505259246,3.2253168320521453,3.518254271482509,1.2935338532760472
2023-01-29 16:00:00,4.3119330847816135,3.9628663856342,2.6225481117447105,2.401080696609293
2023-01-29 17:00:00,1.9144006168821441,3.4294503887896095,1.8527704880607736,3.8471851090263565
2023-01-29 18:00:00,1.4646521334425975,3.0814753076955164,3.6257226008126504,3.246625624637728
2023-01-29 19:00:00,2.9863243506670405,1.1716166643350088,3.1495236091636545,1.4724596605462303
2023-01-29 20:00:00,3.437500619471625,3.3421237689775545,5.256711768489933,3.2425351640083466
2023-01-29 21:00:00,3.2029094519992887,1.816581810840512,0.9776116043494008,2.6141845759165387
2023-01-29 22:00:00,0.1,3.7873084677824536,3.5821844804701355,3.1450485843455005
2023-01-29 23:00:00,3.868190338749253,0.23970374970286512,0.7331511726570019,2.9525623363282016
2023-01-30 00:00:00,3.265277479821754,2.2656170430221136,1.7718358602501159,0.9954429422791815
2023-01-30 01:00:00,0.8778285602463849,0.8147841154415572,6.950605406852173,2.445896871172858
2023-01-30 02:00:00,4.310546952324053,4.633328499112859,0.6237671303149526,1.9646871729623563
2023-01-30 03:00:00,3.3693529383487104,2.4935057897163424,0.46428704160140866,1.5440327246406749
2023-01-30 04:00:00,3.250865928106223,3.711440294926971,3.2671654897968128,3.41953147651012
2023-01-30 05:00:00,2.9836449169072807,2.7487652087601284,2.649190117518163,1.110040834080337
2023-01-30 06:00:00,2.3115552409775257,3.461275318501473,3.1711859019996256,2.3588335672442025
2023-01-30 07:00:00,1.8724631721257015,3.7421738242886136,1.8009785217567724,4.5209108465202545
2023-01-30 08:00:00,5.328095582289306,12.43474283774222,8.878425434789122,10.507813295515296
2023-01-30 09:00:00,17.94630484609784,8.769703012307431,13.47647116603793,3.3587988626638285
2023-01-30 10:00:00,7.900201343632789,10.81427149289527,7.251881832659644,12.954958291932686
2023-01-30 11:00:00,11.558195291114295,8.72726870127685,10.480010148534612,5.793209927418376
2023-01-30 12:00:00,3.734611089398814,12.056310071517373,8.13719995485322,16.195561604945617
2023-01-30 13:00:00,9.511319814442034,10.255925798603721,9.324725112402954,6.794735793042571
2023-01-30 14:00:00,7.1404934177468045,9.22235088027011,7.028152581393976,10.084355148478839
2023-01-30 15:00:00,16.39021466944443,12.455016589979978,11.126779159612799,10.439285064362046
2023-01-30 16:00:00,9.494106935155006,8.845609766452021,10.213527724578961,7.916269297862289
2023-01-30 17:00:00,12.237021241417017,10.738449427178523,11.163875221992058,13.120662680672586
2023-01-30 18:00:00,6.1133570825186805,0.1,3.410929092987187,2.537507219820148
2023-01-30 19:00:00,4.564241612266009,3.553885556188282,1.1871256921040456,1.5664784531946276
2023-01-30 20:00:00,3.3130584017281914,5.075511842794668,3.9371738663560087,6.250436200455399
2023-01-30 21:00:00,3.1937091302412832,1.6352772791529482,4.513723951646941,5.692128112271451
2023-01-30 22:00:00,3.1211706834797086,3.660318502760101,4.624699693371401,1.4772141309051046
2023-01-30 23:00:00,2.177711989915241,2.533709270048277,2.852344260416717,2.4289425847298918
2023-01-31 00:00:00,3.6355701412187593,3.432598173767163,1.862043926625644,4.286628811872347
2023-01-31 01:00:00,3.4072218304665807,3.8877486606265688,3.429818298740644,2.156093095187291
2023-01-31 02:00:00,0.6470227563857982,3.718974756527092,3.905631542351132,2.478762408134156
2023-01-31 03:00:00,5.393203484999969,2.460803226974881,4.889372218302127,6.088364574494669
2023-01-31 04:00:00,3.571723682426618,4.214132121663528,1.6524923178251585,2.7059822375411415
2023-01-31 05:00:00,3.8636426173153584,3.0149476079762922,3.4041878183685244,3.5714288615659813
2023-01-31 06:00:00,1.3833364667730277,2.3580575829113704,2.9374696385432872,4.518818843736239
2023-01-31 07:00:00,4.5904957748134105,1.570685782162704,3.3517203803232443,5.305656829047397
2023-01-31 08:00:00,10.977341740437346,12.810151054182455,7.647341095403464,3.1203871976096096
2023-01-31 09:00:00,11.601140704111824,11.455197153561455,8.467394382174733,7.449722309733467
2023-01-31 10:00:00,10.043254051652891,7.830199091587074,6.42020749320568,4.5414944733112925
2023-01-31 11:00:00,12.533920866819882,11.625687317294531,5.32560174524499,13.881753678360262
2023-01-31 12:00:00,12.510519664760405,7.8402686804559565,7.389518951819035,8.666657452711732
2023-01-31 13:00:00,8.581230151496218,14.252541750381923,5.653240793546144,13.641701692541323
2023-01-31 14:00:00,8.477392240223617,8.073255020232864,9.075662900786854,12.225957057076418
2023-01-31 15:00:00,15.498444081906579,9.752811797015767,6.589902026400833,11.06553519354708
2023-01-31 16:00:00,12.314512758348954,8.452355888928055,11.497743883736067,11.348899928324004
2023-01-31 17:00:00,8.294637930670053,11.283192075608278,10.258251193985387,9.620064669878591
2023-01-31 18:00:00,0.528909387008027,5.167036342577134,3.8809646145507104,3.67838856415733
2023-01-31 19:00:00,5.985394036139914,5.012576588381383,3.1608133048488662,1.4187646571881172
2023-01-31 20:00:00,5.410089213222365,0.43747956663614973,2.00925784204232,5.184998952218963
2023-01-31 21:00:00,3.557483039373427,2.321609359223512,2.6317146550241244,4.116418705411414
2023-01-31 22:00:00,2.184736543059973,3.304992136652818,4.025842514039153,4.386878246085854
2023-01-31 23:00:00,2.742053996567024,3.5446170958991132,1.6200438729210196,3.005182760079956
2023-02-01 00:00:00,1.8904194249156188,2.822050375959881,3.488641674372211,1.9422337019486988
2023-02-01 01:00:00,4.357964635929884,2.035217543228148,1.30914741009761,0.2426674455133786
2023-02-01 02:00:00,5.007442764210473,2.8526606246504125,0.7499777347725995,3.7932177840741517
2023-02-01 03:00:00,1.2845710664542414,4.5089765141455,7.016152400693124,3.947510700331442
2023-02-01 04:00:00,5.281442920133118,2.4266728955869565,0.5224853012608834,1.1064920765867046
2023-02-01 05:00:00,3.445772723941292,3.6210961625702733,1.7309002965893558,3.415641267526238
2023-02-01 06:00:00,3.452330317709604,1.2816491550817117,3.81833550525376,3.1916485001976174
2023-02-01 07:00:00,1.682333945304257,3.5301810001693794,2.7077351181208593,3.8402466250597636
2023-02-01 08:00:00,14.28065711917181,7.637694063664375,5.916636717572835,12.020512246129408
2023-02-01 09:00:00,15.608043896875557,11.909986547144504,12.349950067680497,15.06426126251605
2023-02-01 10:00:00,10.508364218071137,11.29136461772897,10.83618036064165,9.647780847501544
2023-02-01 11:00:00,7.535516460981336,9.147038696309181,9.541568226647005,12.503241184940414
2023-02-01 12:00:00,8.926592187363537,16.008787619393438,4.520572253276515,7.09987765829492
2023-02-01 13:00:00,11.898782190142764,13.319162817441011,5.400217628277311,8.859239396354944
2023-02-01 14:00:00,7.943313332192215,4.71548150727544,14.678948979305147,6.973331081068513
2023-02-01 15:00:00,8.929110314979443,11.495643771791151,10.527890273334709,13.536562434254702
2023-02-01 16:00:00,10.5297748852677,7.969933639667714,9.768147710019008,8.697173235429407
2023-02-01 17:00:00,8.619397680287967,10.051569784086626,13.415171948120776,5.857754543560967
2023-02-01 18:00:00,4.292733126587024,1.4493490701229508,2.0874528528796548,1.370007909082195
2023-02-01 19:00:00,7.576004021110586,3.9990790693282374,3.5767600031143694,2.9409997538264467
2023-02-01 20:00:00,6.172674061784418,1.1084892165030573,3.5561934818554874,1.810642426741106
2023-02-01 21:00:00,2.9499361918164206,4.758455484397324,2.4415477094803393,2.869121836483617
2023-02-01 22:00:00,1.9752113861574905,5.351681261368501,4.020762136168257,5.8588031299498144
2023-02-01 23:00:00,4.2239570210424215,2.966584908404495,4.3996687650434065,3.25649476107426
2023-02-02 00:00:00,3.7844604927382597,2.6638513654928673,3.33373820850512,4.734012028314128
2023-02-02 01:00:00,2.3908554180026647,6.594488419782671,0.6401499864915285,4.7422046636594795
2023-02-02 02:00:00,2.604328671441782,4.916910874046154,0.1,1.1490003286595463
2023-02-02 03:00:00,3.042685153215534,2.0905137311959936,4.288627279749043,3.74310533354188
2023-02-02 04:00:00,2.754260478356266,5.142611594620742,1.2821952208469423,2.1697446289109097
2023-02-02 05:00:00,3.989118152218403,4.893271900269506,0.1,2.2774248678614493
2023-02-02 06:00:00,3.9634089226249096,2.9091600139206912,3.4748391788946584,2.121003173050593
2023-02-02 07:00:00,3.501677544561157,0.1,0.786827184868963,4.615484507226097
2023-02-02 08:00:00,8.907049796377358,12.991305528064348,7.446783489319534,13.5216999348061
2023-02-02 09:00:00,11.649964104993247,11.869358508607366,5.089574309772099,12.506097601250563
2023-02-02 10:00:00,12.800700556927168,2.372332073308473,9.275277536794686,7.749153264490564
2023-02-02 11:00:00,12.661326930177644,4.15889889286193,10.53319603034393,8.150079510568972
2023-02-02 12:00:00,13.484165074395078,14.212657383258602,11.22706763505719,5.4092846682064915
2023-02-02 13:00:00,3.2676559447004347,7.568669029990016,11.494405645582583,14.909963630243654
2023-02-02 14:00:00,15.173713953504285,14.015424856811233,9.161726863257966,10.103309014849229
2023-02-02 15:00:00,8.20684122000963,9.572247969429279,13.878702046551165,12.034954480081879
2023-02-02 16:00:00,7.703791325499231,13.839162276554452,14.367833770995546,12.758224028025433
2023-02-02 17:00:00,6.98466137906493,9.784324397288177,9.695534660046956,7.059658394013509
2023-02-02 18:00:00,1.471486049831313,5.839179824356681,5.312203133041478,2.550976709751473
2023-02-02 19:00:00,3.0458381177956344,2.321924373474289,6.32146360555682,1.7853323573359987
2023-02-02 20:00:00,3.383778188454656,3.622107659953444,2.704239784320061,0.17320541604378725
2023-02-02 21:00:00,1.9890846441179841,0.6814499114702945,0.1,1.8027468746499076
2023-02-02 22:00:00,3.8930780595198904,3.4059053483348336,2.394848960131058,4.290821072920273
2023-02-02 23:00:00,2.3383306335379794,4.287231743967064,3.448575557955621,3.5376123137098183
2023-02-03 00:00:00,1.1813653551146786,3.0650241378187495,2.1278073783322395,2.7621173007525295
2023-02-03 01:00:00,1.2760259247471302,1.4156529041810166,4.103008557663053,2.438537446131111
2023-02-03 02:00:00,4.751475031576105,2.631225092239613,0.35142673455459317,0.9961965145125076
2023-02-03 03:00:00,3.9662506027903888,0.9636861971973687,1.0033463760097325,3.845410992095623
2023-02-03 04:00:00,3.539794625754892,0.7220536032675731,2.9085665738909885,5.067648573980237
2023-02-03 05:00:00,6.8623231591700105,0.6891179314216531,5.6394921903542325,1.5372106611468386
2023-02-03 06:00:00,5.41933883566664,3.275699385331198,1.6010138805226684,4.277500065060321
2023-02-03 07:00:00,5.222539639237798,2.7641273573844183,1.4390017099204209,2.835929797356242
2023-02-03 08:00:00,11.309435127004058,19.785911451636004,11.933040479649431,9.918725273149864
2023-02-03 09:00:00,14.821850313935496,8.853392436491568,14.28346755424965,11.88555842911511
2023-02-03 10:00:00,4.527347640056323,11.184253468798438,7.8115209308431455,8.629245140350355
2023-02-03 11:00:00,10.17220549193432,11.587637642295789,9.335176000878116,10.270165873422592
2023-02-03 12:00:00,15.457850973164012,5.586252445139754,10.395818067962495,10.594287790642946
2023-02-03 13:00:00,12.543813125900222,11.983528028850387,7.299536339488746,7.455834360777347
2023-02-03 14:00:00,9.25388802285832,6.518747996093584,13.301007406220911,4.86063659834064
2023-02-03 15:00:00,11.483499418390672,9.226071643108947,8.613104849320342,11.520335684170133
2023-02-03 16:00:00,9.039807056641681,12.888996633515287,6.972887839029422,11.08112062264647
2023-02-03 17:00:00,5.764328572850939,13.00801508425884,6.562058719983883,12.793195076303112
2023-02-03 18:00:00,5.282255956253979,3.4287172885483286,5.590048886924485,4.978602590110286
2023-02-03 19:00:00,1.0694646087034527,3.175670824114004,4.409985299593031,3.9308727901842717
2023-02-03 20:00:00,2.521565359867691,1.752889975787632,6.767673927945753,0.5808175519961454
2023-02-03 21:00:00,4.82032690751508,3.919625826482027,2.4805492164482947,4.255282619910006
2023-02-03 22:00:00,0.1,1.2921042995865761,2.1686228887784513,5.472634774465957
2023-02-03 23:00:00,3.1759801313592693,1.459430731605519,3.9205728036867282,2.807740248673446
2023-02-04 00:00:00,2.756072991793224,4.258264058037685,4.640317434002056,2.9500678830829927
2023-02-04 01:00:00,2.0876229515968934,2.6358486659082745,2.708198514588743,4.024859393484043
2023-02-04 02:00:00,3.08718115275958,6.346691873022868,4.576454573028999,2.6040292795445086
2023-02-04 03:00:00,1.9257709696963325,3.32054744505937,3.195314091454114,3.545519458953515
2023-02-04 04:00:00,2.493737218072702,5.834765352265195,4.3563526963536345,2.875154695798571
2023-02-04 05:00:00,2.31492058623482,1.8346340651999826,3.8693374264249556,3.642066722307314
2023-02-04 06:00:00,3.9159825166756854,2.593124548781291,4.581483530644845,3.434336665079385
2023-02-04 07:00:00,5.897451324608252,4.60617645069435,3.895163296597745,1.7421536272306422
2023-02-04 08:00:00,4.612447310743546,5.010325364661501,4.041386292538635,4.260850446783584
2023-02-04 09:00:00,3.5909705946572874,0.2952735409434788,4.3290360717014345,4.637055408495099
2023-02-04 10:00:00,1.7406717412107278,1.3365740503600279,1.2401988893216283,2.328244571379134
2023-02-04 11:00:00,1.984676109532936,4.698056300544854,3.0627975121731463,2.6960092861784437
2023-02-04 12:00:00,2.175250274631901,2.784583508338885,2.591098928552895,2.4419679044566722
2023-02-04 13:00:00,1.7911926728342655,1.297818617339622,1.1439522077049689,3.5205281458316615
2023-02-04 14:00:00,5.287051240796362,0.1,3.8122733770168233,1.7286223500396134
2023-02-04 15:00:00,3.933413139331112,1.8793706832857706,2.1399502128609145,3.193353683008693
2023-02-04 16:00:00,2.5048774351240954,6.102420645838115,3.192339795741602,3.552046429863748
2023-02-04 17:00:00,3.160659110226937,3.4032121808758475,2.1518189618218413,4.05282826066893
2023-02-04 18:00:00,5.684871015756213,3.4977626462030544,2.9470011156712066,2.1416157925885138
2023-02-04 19:00:00,5.109180852980456,6.137325317381738,2.261498904131643,2.8277060640705174
2023-02-04 20:00:00,4.8898202002748015,5.655751148497663,1.0724437544513525,1.868006274753984
2023-02-04 21:00:00,2.2976541212101234,4.8025242893589635,5.966452302749462,3.9295976507645296
2023-02-04 22:00:00,2.3136491438747475,0.10103115721145084,6.267266671486475,2.872433249776439
2023-02-04 23:00:00,2.7249025459298526,0.2561547724896096,3.044348046771795,0.1
2023-02-05 00:00:00,0.8890797199702063,2.028935666113612,2.2086249993141704,2.2862112824438867
2023-02-05 01:00:00,4.651738437779407,0.8868742796474507,2.416791934009993,3.050062454751802
2023-02-05 02:00:00,2.9320477137789775,2.151564465570517,3.502018874430667,2.858850485719585
2023-02-05 03:00:00,2.0735490431562846,1.568169272929847,3.1444335045901752,2.3156484520316445
2023-02-05 04:00:00,3.0770068719032286,1.044853466259764,3.291358132251528,2.5696218911353026
2023-02-05 05:00:00,1.8401578173065214,3.8773493265325123,1.3332594078331654,2.7715417538881577
2023-02-05 06:00:00,0.1,3.4013333158180394,4.010398390013348,3.3360416490921767
2023-02-05 07:00:00,2.486123234491176,0.8456896742807625,2.9807324044911994,3.9806349810486044
2023-02-05 08:00:00,3.0437216261604285,3.032869663469162,1.6369007892602705,4.148354869594346
2023-02-05 09:00:00,5.065267014337719,3.9524576481451317,4.295611679408555,1.8602633211628579
2023-02-05 10:00:00,2.54049852556369,0.16035387795972866,1.855424242968015,4.363116944789168
2023-02-05 11:00:00,1.8664153214625254,3.6013729012089604,3.8050374082249534,4.7064891599826275
2023-02-05 12:00:00,0.940157660705423,4.299470528734609,3.759152382602226,1.6681093622369334
2023-02-05 13:00:00,5.4759459042448055,2.1172754963855662,4.011630109327822,3.043180627834072
2023-02-05 14:00:00,2.589844887451183,2.118319316991082,0.5225644481342253,4.433256967826354
2023-02-05 15:00:00,2.892069399493344,2.790116824953316,1.736928328003233,0.8518684904437857
2023-02-05 16:00:00,3.260389850924515,2.5461770935624712,3.9727006401054417,4.459370599814822
2023-02-05 17:00:00,2.5473357513239083,2.789259883002836,1.751481162991542,3.459522260977759
2023-02-05 18:00:00,1.5899559268224341,4.351561010818339,2.7814612093007116,2.6914267228039526
2023-02-05 19:00:00,1.2741113580040646,4.589058612012501,4.344866179994842,1.829470546622198
2023-02-05 20:00:00,1.7019397000459315,1.6897665850561638,3.4049820207853863,3.2510318465047736
2023-02-05 21:00:00,1.2750068856672607,4.987460722007347,1.6020806647397143,1.1909540836824746
2023-02-05 22:00:00,1.059726020584295,3.2665836696953434,1.8112088787044005,2.6142201467144828
2023-02-05 23:00:00,2.8779078416504076,4.796713066231281,3.555052109567777,1.73798766334622
2023-02-06 00:00:00,4.749442653709071,0.8093692547349844,3.2906507214919976,3.1582958331088538
2023-02-06 01:00:00,4.896158240663972,3.7336368445789985,3.4111367897329306,2.409850708144761
2023-02-06 02:00:00,2.6400620283748832,3.3872012929366355,5.823479142834074,3.3985768573041613
2023-02-06 03:00:00,1.9362491551632504,3.6921898319443534,0.1,3.340850417015783
2023-02-06 04:00:00,1.7472466670687221,3.6489712924658053,4.5192125298667145,4.100577369126649
2023-02-06 05:00:00,3.228024000008469,4.688758920745903,2.8418159568995245,3.048754770942103
2023-02-06 06:00:00,4.12597494599287,3.0944131644206916,3.4453337209389447,2.45631884837633
2023-02-06 07:00:00,1.6923941415012318,1.2788666231594892,2.5981022048943494,0.9436979877296348
2023-02-06 08:00:00,6.934527894622089,9.690375950005329,15.881015619781696,11.787309981717305
2023-02-06 09:00:00,8.636992209791778,10.756854779743703,12.916839482582548,6.58684971305644
2023-02-06 10:00:00,12.050789283621526,11.041052889588473,9.02301378042057,15.230361838449994
2023-02-06 11:00:00,4.606266022992549,7.982384766662637,8.535083747585348,10.851015072229734
2023-02-06 12:00:00,9.98657668285003,12.17441749813413,6.968798346828544,9.837931862011454
2023-02-06 13:00:00,15.253029758491863,14.566894691429475,12.644172666581895,11.917615071253547
2023-02-06 14:00:00,11.875208978347496,3.594204439620608,9.553125394887454,10.272118662565157
2023-02-06 15:00:00,12.592480257804256,11.288890151520274,14.913780692114642,11.02905932043353
2023-02-06 16:00:00,8.275481873208491,8.974280402445144,13.434949959682744,12.810633237226215
2023-02-06 17:00:00,10.883390369327946,7.201098395381404,10.593480517721607,9.757816934048282
2023-02-06 18:00:00,4.426229262131706,3.686324711743243,2.8887609668015077,2.4125713919319995
2023-02-06 19:00:00,0.7545098984950629,4.061154691588469,4.709078749777831,3.714558032599505
2023-02-06 20:00:00,4.40919301093982,1.866133276224669,1.8591242935854164,1.2449333037762158
2023-02-06 21:00:00,2.9292146390878795,2.9126502749783594,3.285895751451173,0.17517442327245947
2023-02-06 22:00:00,4.209747595944897,2.3033869306235664,2.368464613666152,2.084078163669048
2023-02-06 23:00:00,3.3282135275142495,3.4353476600223973,2.6980040783502828,2.0245391501761874
2023-02-07 00:00:00,1.5145473178801363,2.3920535699910572,2.328257803087845,2.3384721086373146
2023-02-07 01:00:00,0.7783169896176814,3.6300238654870087,4.322796908831185,1.9694154693757717
2023-02-07 02:00:00,0.6141282635335297,4.4249595662384085,4.016057264728167,5.710249689699976
2023-02-07 03:00:00,3.1464030712940567,2.6321852154696526,2.855369208938594,3.0039579776658183
2023-02-07 04:00:00,3.8499635851754084,3.355707982500867,2.845805264113664,3.340681441687303
2023-02-07 05:00:00,2.9331077247598523,1.1707716060122868,4.231884830052601,3.80356409643172
2023-02-07 06:00:00,5.337416045802016,4.599563369691053,1.6973482792159778,4.284900314297387
2023-02-07 07:00:00,4.68985720223408,3.9236085311557423,1.9699111221745378,2.662732124272673
2023-02-07 08:00:00,11.588404164869518,7.940076027038545,9.40097533904506,7.116043950506234
2023-02-07 09:00:00,10.520807875616427,9.895934938940844,18.17821769794495,5.827118072773565
2023-02-07 10:00:00,5.769510356832164,5.415133440933813,8.495113446841996,12.03324965693449
2023-02-07 11:00:00,10.446358093936741,8.80835256866565,10.918245501576664,9.535017199942732
2023-02-07 12:00:00,8.995487936138511,15.254758291344789,13.770770502735349,8.40879033042295
2023-02-07 13:00:00,8.741964696338789,9.504114345113317,10.635126333070817,13.687232075819235
2023-02-07 14:00:00,9.014243028504591,10.81103600003834,11.987134574708577,8.148310557948838
2023-02-07 15:00:00,10.266296317540323,13.51723759830114,13.757594981307605,12.760453979673073
2023-02-07 16:00:00,11.28860333274568,5.509910192185451,7.557352070183825,7.883222281228416
2023-02-07 17:00:00,9.77812590753889,3.2249826693488632,11.031686443694843,10.64721698171458
2023-02-07 18:00:00,4.299615607932415,1.7961225969290506,2.64362950757384,1.88882492794807
2023-02-07 19:00:00,3.03688082147228,2.1069170667037938,4.312463295632655,2.4711771621087557
2023-02-07 20:00:00,0.738709870757206,1.5201075922969032,4.571232617180255,3.4244811187202533
2023-02-07 21:00:00,5.412952607168894,3.8785055448954004,4.001077880769938,2.664288174697208
2023-02-07 22:00:00,4.304448198679718,5.645526010563456,1.3552669725119477,2.221951648370851
2023-02-07 23:00:00,2.3001805067804795,4.13832756753524,3.210305867655448,2.41607417227971
2023-02-08 00:00:00,2.7693531288368023,2.5322049372423527,1.1205275195852697,2.153306856612595
2023-02-08 01:00:00,5.663801308579058,1.9548000203792646,2.47732415679757,7.162153843613235
2023-02-08 02:00:00,4.520662484120251,1.71229163609001,3.7290992833323093,1.851088116642947
2023-02-08 03:00:00,2.106995468830743,2.9234174698272577,3.6342469039020595,1.0568232357912706
2023-02-08 04:00:00,3.9388972645961142,3.021350295580319,2.652911772982884,0.5840070712356371
2023-02-08 05:00:00,3.0543304765504673,0.841354920433897,3.133299304010725,3.4347487154252767
2023-02-08 06:00:00,3.5254090225167927,2.371156676185583,4.538753522366589,2.827413782654476
2023-02-08 07:00:00,4.5064842694445755,5.28441473811819,0.34135692672708284,2.719668647584959
2023-02-08 08:00:00,9.402222114784292,9.293681327142226,11.963036062207193,11.486572861676205
2023-02-08 09:00:00,15.447278575174025,9.814468242029168,12.13294910643139,10.430802287658915
2023-02-08 10:00:00,8.05012035245253,10.996674639152308,10.008302206379687,10.222861617269292
2023-02-08 11:00:00,14.386046972161218,10.224953382972895,12.475125023867772,14.177106105046693
2023-02-08 12:00:00,8.523530920179661,6.2741430141827115,12.400228897017037,13.682253349892143
2023-02-08 13:00:00,9.015845922427083,12.93376843154282,9.866062749360388,16.97166029836827
2023-02-08 14:00:00,4.867990999139208,4.838740345360659,5.825110695355005,8.912764667582632
2023-02-08 15:00:00,12.57702933084132,14.344253228964238,13.438862151863779,4.367160414152673
2023-02-08 16:00:00,16.21693714893206,7.085743124872707,11.711497118997368,16.95376722500194
2023-02-08 17:00:00,12.762035478166194,12.239059118708099,7.134906174675417,8.305988263612841
2023-02-08 18:00:00,1.6652809988497148,4.013020330116612,6.400811880487971,1.6090790241744868
2023-02-08 19:00:00,1.7304699241140358,2.38614980800427,3.741998593374725,1.3725324645354267
2023-02-08 20:00:00,0.1,5.864665395514779,1.8537301660932257,2.2586268851494
2023-02-08 21:00:00,0.2225057171989926,3.21858758572354,3.539220671576519,2.9981980023841492
2023-02-08 22:00:00,2.341978403066187,2.530933630633453,0.959445412929175,3.6165784357485897
2023-02-08 23:00:00,5.064508883505314,3.4625248762419867,1.586251926578909,1.3186884499610687
2023-02-09 00:00:00,3.6527927599964096,5.432148463864257,2.478492164082012,4.201568297598538
2023-02-09 01:00:00,0.9404676202687949,6.89370745163093,2.978629900746975,3.3758896658510817
2023-02-09 02:00:00,2.7725845062573256,3.462505777544076,2.3815714895423823,0.8265155593864866
2023-02-09 03:00:00,4.631440560635172,4.910146201720603,1.9042069543688116,2.6777524923070075
2023-02-09 04:00:00,0.6691662698629197,3.190609152250449,2.403963828411128,1.7273917309780282
2023-02-09 05:00:00,5.3499497418022575,3.9188892545595384,3.6132039061856487,2.502069113950239
2023-02-09 06:00:00,2.279482892267547,3.5317133511665464,1.2552385922948028,3.4528568040443495
2023-02-09 07:00:00,2.728244684423193,2.819342415778359,3.3335931542295207,5.667450707470997
2023-02-09 08:00:00,6.3292408141509915,1.6344703792243411,8.611564228374782,7.22709706840778
2023-02-09 09:00:00,10.155418604252173,10.175704987565549,10.415908111866107,7.282310854482818
2023-02-09 10:00:00,6.0582620045212865,5.619363349496024,7.594446740922394,8.366655793360973
2023-02-09 11:00:00,16.43242402340777,8.654046708815475,10.87581696311764,9.646539283669538
2023-02-09 12:00:00,6.300018194608041,6.617805236397339,14.11233662649689,15.210101002084247
2023-02-09 13:00:00,9.960973093023108,5.9833499906391685,10.699293759765292,6.075698879791317
2023-02-09 14:00:00,8.987096140214339,6.156004873675331,10.986367520265143,8.873995775797194
2023-02-09 15:00:00,4.027903843005413,11.043106482867543,6.718184868452328,11.830851689755292
2023-02-09 16:00:00,10.700951874617742,9.863665481106121,8.546679791139733,9.301155008691918
2023-02-09 17:00:00,10.110834012191638,5.906717654166551,8.883585387352543,7.793935907410049
2023-02-09 18:00:00,0.1,5.336984218135234,4.930119643838577,2.779145880409589
2023-02-09 19:00:00,2.8399436016131565,1.0241628767199964,2.1186719299069394,0.8071300554771321
2023-02-09 20:00:00,0.22346531351924082,0.6239074831236491,4.329979578028288,3.6362139136657112
2023-02-09 21:00:00,3.0177802517802523,1.1230867436149223,2.7849333780129544,2.5233907450440904
2023-02-09 22:00:00,3.7229816737075194,2.3474174361716518,0.5624430644762586,4.779523552603958
2023-02-09 23:00:00,0.1,1.9234069794626545,4.589258215116784,3.235556514260941
2023-02-10 00:00:00,4.092219989623697,0.1,1.9096654047986563,2.843299999703302
2023-02-10 01:00:00,1.2925117712908527,2.3963186922935327,2.923588759961249,2.7164681085323004
2023-02-10 02:00:00,2.579071728383377,3.610269051291496,3.8086289624879726,2.872482003821687
2023-02-10 03:00:00,2.272243905138714,5.3734447224263135,2.705133188474654,0.8146169847706788
2023-02-10 04:00:00,3.758608982783242,2.433743981472988,2.8657945240354494,4.015014684292342
2023-02-10 05:00:00,2.8531700986395494,3.6253246189272437,6.270498896839891,3.4352073853344485
2023-02-10 06:00:00,4.755279657361051,3.627423265407594,4.714618299066559,1.3719956197590208
2023-02-10 07:00:00,0.21093880653707542,0.1,2.3823048437576997,3.7148166593908876
2023-02-10 08:00:00,13.25317013083134,15.802089438231476,11.466473716005268,10.519012323689442
2023-02-10 09:00:00,9.38082944676806,17.779695712434176,13.895280893901138,11.851121171341518
2023-02-10 10:00:00,7.63835533957269,4.456907150697711,11.587403722386917,9.126246348735677
2023-02-10 11:00:00,7.525993165620326,7.4235827279067825,8.567407850654101,6.244073654601358
2023-02-10 12:00:00,11.012414131141204,12.643861264255708,6.078488101738788,10.983462195048244
2023-02-10 13:00:00,9.892760388805845,7.085314352639034,8.238669761839688,3.5065736086804833
2023-02-10 14:00:00,13.799075565525074,12.193452892935767,8.723356256586785,7.84970610007038
2023-02-10 15:00:00,6.303477038067767,12.475540011621499,13.235307953568292,7.0291088357317175
2023-02-10 16:00:00,10.485959398080624,11.669563045113868,10.16902990691759,9.245346651863583
2023-02-10 17:00:00,11.07301212304504,8.46809131178766,9.404628322077658,12.901520140671597
2023-02-10 18:00:00,3.7758524077224322,4.452550035036275,4.526725533707671,5.662813648560983
2023-02-10 19:00:00,0.570058983354023,1.7816479048741196,4.229889954137409,3.293300045370497
2023-02-10 20:00:00,3.8310969486392366,2.200676796093253,2.224002991595394,3.1334523220676647
2023-02-10 21:00:00,1.8366402035886011,0.1,0.1,1.5573171236438688
2023-02-10 22:00:00,4.034354900226058,3.21119551604547,4.7339916262929265,1.536104224854258
2023-02-10 23:00:00,4.886029938166659,2.8025976239465042,0.1,3.61462117543391
2023-02-11 00:00:00,2.365473341944991,6.381405626074121,1.270966098083206,1.8459240847392047
2023-02-11 01:00:00,4.017154981920752,4.170708731335262,3.48355171931103,1.8252227061674866
2023-02-11 02:00:00,0.9852856514408028,0.8598227377402217,3.8357142582497077,2.863253286681024
2023-02-11 03:00:00,2.5169790183995584,3.0061465708104125,2.5363082939540065,6.5675883277365
2023-02-11 04:00:00,1.5373853125136838,3.721855722353992,2.832579286866911,6.298914211047049
2023-02-11 05:00:00,2.1432954325381397,3.4004327783323,4.714330706146072,3.1444114746726815
2023-02-11 06:00:00,3.3713388974720395,2.8487805635787473,3.732122933140074,6.168346527649437
2023-02-11 07:00:00,1.0662263490441428,2.96530434343178,0.7697473855266361,4.732293263028656
2023-02-11 08:00:00,5.240995927084347,6.46027430034482,3.13191231025456,4.306166946328194
2023-02-11 09:00:00,3.501356718542751,4.973147625826149,4.546183059306656,3.8685064640917535
2023-02-11 10:00:00,3.85782257392843,1.097114612979202,2.14041812720344,3.3696478072443368
2023-02-11 11:00:00,1.861482655862888,5.371440822465593,2.6167167049462923,5.9711750131517904
2023-02-11 12:00:00,3.686670326085193,2.5790309483270866,1.534551661510812,4.542351333121766
2023-02-11 13:00:00,2.8633745083124102,3.2549764478154026,1.695263314418423,2.457296786330214
2023-02-11 14:00:00,2.3313909872203453,4.084312784472816,3.9082391954218525,3.806126138823466
2023-02-11 15:00:00,4.842492431179182,4.024660049773686,3.9897127844513447,2.063598675673437
2023-02-11 16:00:00,2.3451522043372237,4.623259958149581,2.2608167228543827,4.183069084367407
2023-02-11 17:00:00,2.9334061370472138,3.3374046964892665,2.1317171043596055,3.1809147212919537
2023-02-11 18:00:00,6.921358984079363,3.1081633319970248,3.902653710678525,2.498041658199348
2023-02-11 19:00:00,2.7741174955704735,4.282081435478721,2.9916088733899686,3.1899237191668437
2023-02-11 20:00:00,4.24461542376601,2.857336164073921,4.327333721480283,1.5141140843365979
2023-02-11 21:00:00,3.251153947862337,2.8447533709722355,0.1,3.78087684912373
2023-02-11 22:00:00,3.8932310651296933,3.405693701094507,4.132530021284219,1.2518600586422555
2023-02-11 23:00:00,1.4750771864449588,1.2990486417680347,5.438393530924694,2.271401606310037
2023-02-12 00:00:00,2.1613113101127603,4.6829705660135765,2.4023161408025517,0.9876804260110186
2023-02-12 01:00:00,3.842373910888621,2.084530992051386,3.4532552011151187,2.0770500416313897
2023-02-12 02:00:00,4.55915477911329,3.5280409842836464,5.0662439749461,2.4635513731332743
2023-02-12 03:00:00,2.45539424832372,2.097575877068568,2.17377611598239,4.596193327219566
2023-02-12 04:00:00,2.526877743489277,3.1203953932460635,3.264875466208789,2.776112044708741
2023-02-12 05:00:00,3.0340852714691975,2.160439501656835,3.1639005087365715,1.5640123254997185
2023-02-12 06:00:00,2.1043548123027307,4.524386086374411,4.698671360094446,4.745118561866812
2023-02-12 07:00:00,3.3253039047761335,5.182691587536584,3.9981037972434375,1.2800767541119336
2023-02-12 08:00:00,1.6005722641814932,3.9481023186516526,2.794555570997048,3.222794647160191
2023-02-12 09:00:00,3.7304915116750426,1.9582024241663645,4.759310890707663,2.6002129593999026
2023-02-12 10:00:00,5.350521396133175,3.983640745492312,3.7526065914921216,2.488865115640351
2023-02-12 11:00:00,1.660675037670156,4.074698610889618,1.3518016669360162,0.632240012484214
2023-02-12 12:00:00,3.707575003781672,3.6665722567454138,1.1712302378989454,0.15105721415088746
2023-02-12 13:00:00,1.8090458056336196,3.765759346953323,4.725479850875072,1.8938133885898618
2023-02-12 14:00:00,5.827475351527335,2.2762929945145114,2.831253487381968,3.2390426242083152
2023-02-12 15:00:00,3.128136174169647,2.525874290168025,4.3172943445648215,4.2839156428524605
2023-02-12 16:00:00,1.040595034603537,2.6004908574575576,4.053377322531441,1.9206654413274107
2023-02-12 17:00:00,3.114316879136265,2.21522903477413,0.8783909743340548,1.644159555900155
2023-02-12 18:00:00,3.049431699547195,2.729743526715311,3.735180466112774,5.03579795610082
2023-02-12 19:00:00,2.17781090362669,2.8728935054616733,2.87288169477769,2.5619559664513925
2023-02-12 20:00:00,2.9489840936196416,2.8870448859361915,4.816496714189938,3.3900290279512983
2023-02-12 21:00:00,2.759169895363362,3.3805808602302045,2.1027463550758223,2.316167876928305
2023-02-12 22:00:00,3.3104767312702013,2.674287521367278,0.1,2.8142635001536505
2023-02-12 23:00:00,3.8906533247343784,3.3810883673657917,5.102204712054222,3.087352466661991
2023-02-13 00:00:00,2.519094430355519,2.9768110498881493,3.2557884065362135,0.6912845735083133
2023-02-13 01:00:00,6.933058553360823,4.308486220515742,2.7947371568569,0.1
2023-02-13 02:00:00,3.119416195652784,2.6898226947977464,2.0661759405947926,1.106702632859322
2023-02-13 03:00:00,1.0756461957548233,6.30910295321486,1.1694333050161048,3.2039899052111207
2023-02-13 04:00:00,2.8569632828121776,5.043613384262821,3.8656044479035607,1.113214400046393
2023-02-13 05:00:00,2.792006820090056,0.1,6.103173114830758,0.9058273185016867
2023-02-13 06:00:00,3.557711623207671,5.970916683880365,3.415648315645122,4.225887354275628
2023-02-13 07:00:00,3.933065067619588,2.3438381647596396,1.295533801134354,4.776180389479424
2023-02-13 08:00:00,7.331522154623759,9.841549835757988,11.750954071210755,9.856290679533728
2023-02-13 09:00:00,12.066526809523392,15.469244398133675,8.260969095354543,14.525640175441891
2023-02-13 10:00:00,9.863619762858992,13.154735198434874,9.979388132578643,6.016855611105437
2023-02-13 11:00:00,7.548732476576005,0.9657027896466115,9.232114863475395,11.506797989090833
2023-02-13 12:00:00,9.848064565944556,13.725556307959629,6.700287255849837,8.410301462327904
2023-02-13 13:00:00,4.797822488873194,8.377174571450295,11.902728028443983,15.538055333175343
2023-02-13 14:00:00,10.826532731695389,7.690879006926501,11.693695519022206,12.452958067189808
2023-02-13 15:00:00,12.489824861457954,5.18726767852106,9.85544900899556,7.495915247976729
2023-02-13 16:00:00,6.8304015125886,11.041194341119677,11.657680294345537,7.8054278604593375
2023-02-13 17:00:00,6.637138614577271,9.482182743694574,8.18781221744042,9.27696972024529
2023-02-13 18:00:00,2.098698123455299,6.335203424909004,2.2393261458799327,4.193600705168532
2023-02-13 19:00:00,1.4868816126540743,2.4919858295558672,3.3600213421114478,3.3252402041313815
2023-02-13 20:00:00,3.6660713298611354,1.3035924795209561,4.291450962978455,3.542529139663438
2023-02-13 21:00:00,4.155706282565042,3.4973686871164222,3.070071887320906,1.5620045684692012
2023-02-13 22:00:00,0.9052075074733912,4.371907138602404,3.706659752188804,6.222949298318174
2023-02-13 23:00:00,3.6909884175665484,2.2592740910379527,2.4657254721794564,0.5812367357458985
2023-02-14 00:00:00,4.553686273210239,3.642845669029108,5.549277765173956,4.803464922265873
2023-02-14 01:00:00,3.1295775730692985,3.7804407476651463,5.958486173959837,0.7386941751541158
2023-02-14 02:00:00,1.4411082871720051,4.5285818656790635,3.193202120024321,3.82308671158242
2023-02-14 03:00:00,2.0146038960567068,3.5177205096998208,1.1096060851240217,3.769015635534848
2023-02-14 04:00:00,1.538758256472754,3.874186225079106,2.362419017571142,3.138989732631471
2023-02-14 05:00:00,2.2635595827369785,2.761185179564417,4.763801854067305,4.8374813414467885
2023-02-14 06:00:00,4.790484066537941,2.3769235701777163,5.2343306312979365,2.1830131687169323
2023-02-14 07:00:00,4.133372676906489,2.0058177665360275,4.662681886827833,2.932053941374398
2023-02-14 08:00:00,10.75997332632716,10.618872410741155,14.79752147355081,13.884695697823695
2023-02-14 09:00:00,7.441541800959857,5.892706853051491,6.971703847822244,9.280967053448773
2023-02-14 10:00:00,10.538402139433567,11.65758051563924,13.390819220544792,13.186233229260399
2023-02-14 11:00:00,9.016893690222828,10.603767841621954,10.535211474748902,10.864435524244792
2023-02-14 12:00:00,15.40522088739445,11.65658808616557,7.223806000572461,13.017819242449077
2023-02-14 13:00:00,10.710023008148035,9.885255052151548,12.652457712524793,6.017403506443549
2023-02-14 14:00:00,12.124562865478627,6.2264772574935465,10.796636904964787,4.817227362431134
2023-02-14 15:00:00,10.435189540446691,8.694772208270193,10.255668925364285,6.216274825383374
2023-02-14 16:00:00,10.349157389254124,11.970526334760777,12.929789264430369,11.329696095236072
2023-02-14 17:00:00,13.906147147690389,9.314961208574188,2.5093965757884025,10.533738561800165
2023-02-14 18:00:00,1.7342237053198275,2.3800466105846376,3.6581674237218262,2.8440558114337646
2023-02-14 19:00:00,4.244003313989501,4.753320465324737,3.6209692487240446,3.451813022005471
2023-02-14 20:00:00,4.455647792079892,4.580667317901853,2.7695269935009894,0.5121268779790098
2023-02-14 21:00:00,2.738017362667025,1.6707133450211153,3.4710211003378064,5.29477832256192
2023-02-14 22:00:00,2.7041933803168834,4.095756231667774,4.336514300034929,4.62813749500029
2023-02-14 23:00:00,2.0214550188411486,2.0099405276779683,1.0953910057309355,3.14014642851854
2023-02-15 00:00:00,4.5576882185969545,4.122215784283727,4.944374503915763,3.2762538145988467
2023-02-15 01:00:00,4.982125887376654,4.425068022553211,2.164732728425589,2.969535360277797
2023-02-15 02:00:00,4.2222065049795034,4.408797559903257,0.16056900535319407,0.2480332490405246
2023-02-15 03:00:00,1.6064335675274752,3.531690449364709,1.1698425853632202,5.107188268812424
2023-02-15 04:00:00,3.667535910246966,2.911222080819681,0.47360484780748147,1.773771952555181
2023-02-15 05:00:00,4.13095984168914,2.9366824153116062,1.2060779832163662,3.355461336171477
2023-02-15 06:00:00,3.2814995849103257,3.610659388595254,5.584052243535641,6.088046387890017
2023-02-15 07:00:00,3.2872477751077818,3.769596038582409,3.137669231072435,3.798374160841849
2023-02-15 08:00:00,6.917447537853355,13.872476690904083,10.320345691337343,11.527877486694255
2023-02-15 09:00:00,10.701102673030324,10.140596359404006,8.824590397137165,7.505504327963895
2023-02-15 10:00:00,8.306231854397954,15.024619583617516,10.595446427876965,7.33893978305894
2023-02-15 11:00:00,15.904402414696879,8.65776946293662,7.277609956478255,6.472468172475473
2023-02-15 12:00:00,12.263181961924102,9.106748906479558,14.879546380059839,2.435092196244158
2023-02-15 13:00:00,8.632239146540712,13.391983651815517,9.540907196214993,9.537851767988892
2023-02-15 14:00:00,7.601290690149377,9.141776091849225,10.182295196289314,8.872731817629676
2023-02-15 15:00:00,10.85528352073821,10.858876937547818,11.757563808399611,12.625335825044452
2023-02-15 16:00:00,11.562388648697503,13.164226227888925,11.60399718091647,10.844999277535676
2023-02-15 17:00:00,13.90636411119934,14.51560484974956,5.978220063601208,11.57350340845343
2023-02-15 18:00:00,2.3270593142608833,4.095858448777718,0.7544462303319026,3.8385434789984973
2023-02-15 19:00:00,4.877176520199656,2.2192472733841075,3.269731121148709,2.0859830265494974
2023-02-15 20:00:00,4.260002062668997,2.875460595060762,0.8161852672978887,0.6595063105145811
2023-02-15 21:00:00,0.8469155427341724,3.209473888740602,4.442863995081163,3.1655221530371103
2023-02-15 22:00:00,0.7108609946390221,1.0518239464880699,2.4512206843104627,2.3439651153813994
2023-02-15 23:00:00,4.485716078584157,5.254456183134501,3.6501555266820382,2.1978880673216388
2023-02-16 00:00:00,2.26146640405714,3.2928829723059927,4.2761014890789495,2.9511981130481364
2023-02-16 01:00:00,0.1,3.3998951255100023,3.408577924627315,3.751109970428832
2023-02-16 02:00:00,5.499458321243293,3.1519029395701823,1.697813744235388,4.60771760634097
2023-02-16 03:00:00,1.499070814469115,3.465225694337134,0.7511225724807988,3.3821996083931607
2023-02-16 04:00:00,2.2626464647680034,2.8615409065428237,1.9374121116945453,5.9983824814296325
2023-02-16 05:00:00,0.18634386081058496,4.944091495230925,3.142338397408937,3.598874004827445
2023-02-16 06:00:00,0.9536911098636791,1.8898955477490358,2.6940272371166505,3.743816134705768
2023-02-16 07:00:00,2.1034971731046745,1.8458194848954235,0.593225975418922,3.8586976331213214
2023-02-16 08:00:00,14.248702300837657,10.351733333379958,14.080193736732722,12.283763418926275
2023-02-16 09:00:00,11.508294060452219,12.16769263997552,10.40934580472653,13.454927233086508
2023-02-16 10:00:00,11.0869323150079,9.874371600272656,11.51006244391803,17.07446962987665
2023-02-16 11:00:00,10.953262613653783,9.950753504167574,10.694178872508909,14.790920356984833
2023-02-16 12:00:00,7.680928838428885,9.91959368867658,12.42121334088193,8.427289754315474
2023-02-16 13:00:00,9.324836881206501,17.155031946594953,8.1482124891219,6.880073962746206
2023-02-16 14:00:00,11.60361231608531,7.4825741083936155,13.573766287094742,12.043064997194323
2023-02-16 15:00:00,11.76626025550053,8.820784696832611,12.750749522768409,11.942456641274278
2023-02-16 16:00:00,9.558697732808916,8.685588047908265,11.352560232966775,13.696475997449465
2023-02-16 17:00:00,11.702871992713163,8.636287683463674,5.943800640040891,10.297293947597566
2023-02-16 18:00:00,3.259216128027754,3.451779685061102,4.170106029370227,3.494158294689533
2023-02-16 19:00:00,5.022669991449682,2.5828699999850366,2.495900763499101,5.46771447821922
2023-02-16 20:00:00,1.4143120512860161,3.1860670434031078,3.0945284243285442,5.8998859190509725
2023-02-16 21:00:00,3.5816747110032825,7.709362031273194,3.009099876396945,1.327161013136961
2023-02-16 22:00:00,0.2715980211655955,3.882450664886374,5.440557872932297,3.0317956201311898
2023-02-16 23:00:00,3.8679722932500296,2.4681954342723142,6.183265723582208,1.5332799589349202
2023-02-17 00:00:00,4.015871918863221,1.1398676116161328,0.17609367599532444,0.8299673245065478
2023-02-17 01:00:00,3.704741185266175,1.9820520981248906,3.3021921564241383,2.81189477145292
2023-02-17 02:00:00,3.5807228980227013,0.8735148989885846,3.1611936560971765,2.9979447346666865
2023-02-17 03:00:00,2.8977915209821035,2.0984150657012743,1.7748960208928808,5.350470312876606
2023-02-17 04:00:00,2.470779868851681,5.9157175399646995,5.0821914676165845,2.3669974145780346
2023-02-17 05:00:00,1.0679909271046455,2.2394095002497982,0.2208745674540067,3.650277049470628
2023-02-17 06:00:00,0.5051150381009237,2.0171970763850045,3.613672227122435,3.1187655961973784
2023-02-17 07:00:00,4.787015482891906,3.0964366277131643,4.111748100807034,1.5105373437630685
2023-02-17 08:00:00,10.967188362695188,9.39183969426614,11.269655005757457,11.5720072162631
2023-02-17 09:00:00,12.644799681957528,11.544420849850546,11.547448140488054,15.481317913520272
2023-02-17 10:00:00,13.824301332124131,10.580904261661688,4.894050048665691,6.493937009878062
2023-02-17 11:00:00,11.957753911268682,11.567524761289365,6.110651658604457,7.258615869037624
2023-02-17 12:00:00,9.638765603060365,11.79446473339405,15.386447638400544,8.333945636822412
2023-02-17 13:00:00,12.379240099886108,9.312658656762432,7.6438162199824085,11.505519766532249
2023-02-17 14:00:00,13.663814495917828,1.9206350484521693,7.3909942130408535,12.91133717160189
2023-02-17 15:00:00,5.5752766435215975,14.150572035736158,11.16123990318181,10.494924816278688
2023-02-17 16:00:00,13.325728314821914,5.678475683600697,11.087996856069237,12.66750370989555
2023-02-17 17:00:00,14.58082368557983,10.354684975330043,8.656580038344867,3.733930077779771
2023-02-17 18:00:00,1.688824851823637,2.4399443476142015,0.6743311810428998,2.215909083559243
2023-02-17 19:00:00,3.5931067434150665,3.1249647812805375,3.0667542483866046,4.623040962087503
2023-02-17 20:00:00,1.9695022557235267,5.0437279180265655,2.587085133319351,2.688426279678512
2023-02-17 21:00:00,2.200537149021375,0.1,3.8937680842854268,3.1612421437805827
2023-02-17 22:00:00,2.7612077804781787,5.049086190313253,4.213230795085881,3.432138890549477
2023-02-17 23:00:00,1.6467647118173614,2.8851444313383974,1.7984618470776865,4.843771182030489
2023-02-18 00:00:00,4.551638682889727,4.1197871670420545,1.5868013018561666,2.6740994992912808
2023-02-18 01:00:00,4.062627433314388,2.00901415438637,3.942035347588622,3.654087021019879
2023-02-18 02:00:00,5.032456258006967,3.562099444197354,3.772985232161858,1.394536266334587
2023-02-18 03:00:00,4.619531737129148,4.266128704457923,3.2644158094756706,3.723705845568893
2023-02-18 04:00:00,3.140243302796641,1.9814396402463683,3.899883831025786,5.540694275091781
2023-02-18 05:00:00,0.7884576096662403,2.7809462648256744,3.914426175129666,2.4964931964765724
2023-02-18 06:00:00,4.06374881333157,4.105496227980939,0.1,5.37638311638879
2023-02-18 07:00:00,3.4730375057441307,1.869112447055686,1.157289123984355,3.221771184506226
2023-02-18 08:00:00,2.6622981594712756,3.2895020282338128,2.8085444286376924,2.38617295619028
2023-02-18 09:00:00,4.819572182492761,3.6637760795950207,1.1555634923514781,2.1992529243339822
2023-02-18 10:00:00,2.3463694903064267,0.5684972784883726,3.778310141757661,1.4304199177269283
2023-02-18 11:00:00,3.532401278549611,2.302235588472571,2.3845514013544094,2.677905124819903
2023-02-18 12:00:00,1.7095006733362172,3.987158734675074,1.6269522896399928,1.2319903257077196
2023-02-18 13:00:00,2.1597130249903747,2.1796715217233436,2.9822069320403712,2.7240489221591417
2023-02-18 14:00:00,6.188520494022498,2.603705394280344,2.874814176437217,2.4417229099912596
2023-02-18 15:00:00,2.8109964057738024,1.8578180677572824,2.9983858326722506,4.239313896668547
2023-02-18 16:00:00,4.469984514400123,3.0477263800180783,0.35036022283224133,1.9368773376513682
2023-02-18 17:00:00,3.2634743748202113,0.47970981206840957,4.49312809417647,4.579374521815775
2023-02-18 18:00:00,0.705640377253506,4.078335926231716,3.5372255212090993,2.9802439030224983
2023-02-18 19:00:00,3.9534249042989833,2.722769876410668,2.866286162287193,2.1166469238029144
2023-02-18 20:00:00,2.2700023743281577,1.6873274688057058,1.4071528005087002,0.7499765604107083
2023-02-18 21:00:00,4.209710203955782,1.084830094035891,3.8991636214871583,2.447385801595527
2023-02-18 22:00:00,2.933591204802031,3.54419208434848,4.467628311038495,2.773754840359232
2023-02-18 23:00:00,3.924662352977074,1.2483239039353018,2.659571612629556,2.543410503066771
2023-02-19 00:00:00,4.071120404525122,4.009142925267273,3.8572477400604726,2.1373506940409595
2023-02-19 01:00:00,0.39593244920882187,3.516464690208282,1.6245490108620273,2.4680662884164093
2023-02-19 02:00:00,1.5827453845071588,3.2371390311100123,1.7492695540364178,4.076022154141443
2023-02-19 03:00:00,2.31825414364071,3.175192326666498,3.3401385949110303,2.9156638589099186
2023-02-19 04:00:00,3.841983275123293,1.28934602694232,2.4383470062243275,2.2189683773389026
2023-02-19 05:00:00,3.847538682560188,0.1782355705897798,1.9162981019845455,2.1830517483345075
2023-02-19 06:00:00,1.7081450994638925,3.677347080976526,3.700173492738519,2.734539185386895
2023-02-19 07:00:00,4.681523599432321,2.6066221514053405,6.211258632979513,1.5629244526402686
2023-02-19 08:00:00,1.5173412343752226,4.0809825087787415,2.9228180821823644,4.018317904255651
2023-02-19 09:00:00,0.39743572656941684,3.675779040826764,2.167736627405594,3.2451716513296303
2023-02-19 10:00:00,1.3366769236225464,3.6193953428606553,3.2172247503897693,1.869811049935376
2023-02-19 11:00:00,2.92337350695792,2.6133410660539313,4.57026366751921,0.31124258672340055
2023-02-19 12:00:00,3.1778853384762575,1.7265320016809007,2.741523171737655,4.5036144824261175
2023-02-19 13:00:00,0.23423785379262174,1.32893570464251,5.2448080783152955,3.141493409369151
2023-02-19 14:00:00,2.0613534327336773,3.0109907807187772,4.3791499945986665,4.453518388233158
2023-02-19 15:00:00,3.89598140295327,1.1382693008529454,2.134377305527276,2.2242069508394526
2023-02-19 16:00:00,3.9074576060868766,3.598612407628762,3.319723654837099,3.9539776466270427
2023-02-19 17:00:00,2.9286542471335757,3.0998337946055203,1.545717066327789,1.962103900546795
2023-02-19 18:00:00,0.8169626952591384,5.053082365174042,3.080379035128418,2.058682626369771
2023-02-19 19:00:00,5.089806467245658,4.722214147383225,3.2925314476119785,0.1
2023-02-19 20:00:00,1.4129072212898204,4.492735302327386,1.4255577489713058,2.4225761144316893
2023-02-19 21:00:00,3.6587804436443556,4.336280248905954,3.0369998380378824,2.2309558822678692
2023-02-19 22:00:00,4.022308641138744,0.6831328420697043,3.460603758452273,1.1688803768966105
2023-02-19 23:00:00,2.5324117494800245,3.7463073412488095,1.3622310802592432,3.1610430675162196
2023-02-20 00:00:00,3.7655076692668814,0.8499747708991023,2.962146557913502,3.5692500410047554
2023-02-20 01:00:00,2.9323594548446943,4.896131234182943,1.9489877101627875,1.1175173367691864
2023-02-20 02:00:00,3.873404918109437,3.012315333732002,3.0322052584326995,2.2694545282975866
2023-02-20 03:00:00,3.33643045538008,3.0505762404179384,4.877128883592043,5.987810601809152
2023-02-20 04:00:00,2.8776979903518587,5.993226467104361,2.62290973429403,3.106307410170474
2023-02-20 05:00:00,3.311098326366772,3.305580677489492,3.4885045455363524,3.923694676795003
2023-02-20 06:00:00,2.5379722747849742,3.625533719852512,5.120146713726894,2.4045743733998286
2023-02-20 07:00:00,3.6733416313518132,0.5166123103965137,5.853519938593393,0.1
2023-02-20 08:00:00,13.618875499677841,9.356026413439809,5.849624516770467,9.916837301264504
2023-02-20 09:00:00,9.114594110287946,7.701706166495443,10.254431280379332,11.676322843250109
2023-02-20 10:00:00,15.457586915851941,10.753092292565652,9.14242748435314,7.2123893680446685
2023-02-20 11:00:00,9.306348224278455,10.198060435215185,9.323441744053397,10.241028414316819
2023-02-20 12:00:00,10.015423032806037,10.087935425996022,11.481730695564215,4.1833030854446145
2023-02-20 13:00:00,5.536301522506176,5.490281879879617,11.20769876451045,9.659706375829662
2023-02-20 14:00:00,11.330657920889168,4.460377511661724,5.997920313152072,13.211794928251622
2023-02-20 15:00:00,12.749491093994102,7.756195573467949,12.915392487513785,8.371062754881656
2023-02-20 16:00:00,12.382326987412375,9.155512863497531,6.570863552242923,8.583549995237496
2023-02-20 17:00:00,4.748713831728494,9.454895478365902,8.365686960843064,13.153424680651568
2023-02-20 18:00:00,2.921187402934008,2.0831623436462996,2.238546076913803,4.536665528580943
2023-02-20 19:00:00,1.838317711402234,0.32878371101595594,4.91562087327074,4.5367952345857905
2023-02-20 20:00:00,3.0928241617405803,3.829058515816969,2.937941904115194,3.4165845384566977
2023-02-20 21:00:00,4.393322259429768,1.8320076638950158,2.164275101477336,1.8740363868703764
2023-02-20 22:00:00,3.5596861575099643,0.3787819228431357,4.122775563082864,3.9204152501255134
2023-02-20 23:00:00,3.7184645895627133,3.953173037773492,1.6687465079219261,5.5032619958291376
2023-02-21 00:00:00,3.7626146807311023,0.1,6.810969138921149,2.6866247051301184
2023-02-21 01:00:00,3.335892198074445,3.0410752232831126,0.9267867022948595,4.848375231586137
2023-02-21 02:00:00,1.746042420239341,1.482795714198321,3.3272080336614733,2.15595316189082
2023-02-21 03:00:00,0.9661040808791808,2.970162158079226,0.765908806769291,2.6832473800022796
2023-02-21 04:00:00,4.9731887520503175,0.8686672544283418,4.0646105821368845,3.621963985503587
2023-02-21 05:00:00,4.071786805595102,3.5252241060257834,1.678550303256407,1.1382921671586677
2023-02-21 06:00:00,1.7243028069492523,4.216320426572744,2.3058651224564284,3.508940853656059
2023-02-21 07:00:00,2.0512761042227936,1.6213666298317835,1.8831004918190892,3.599522801359755
2023-02-21 08:00:00,6.503246875345794,14.060234322534734,9.166505707785094,8.502727051926502
2023-02-21 09:00:00,13.133311552329065,8.958190490469608,4.2442896087415765,13.086598888364882
2023-02-21 10:00:00,8.156648564162763,9.296845212231933,7.080752182703035,10.23128503224784
2023-02-21 11:00:00,9.501696092793184,13.020075893166016,12.082276974610052,8.254638897169832
2023-02-21 12:00:00,10.68802055004756,7.5485841458313025,14.77778474523997,10.751150043009522
2023-02-21 13:00:00,12.093550045611657,10.03908775432211,11.464018531580066,14.942830663434123
2023-02-21 14:00:00,11.699953892797957,7.856202620565495,7.396813101710283,6.87960710117823
2023-02-21 15:00:00,17.167019696598388,8.284637016508512,9.73357520099312,6.545676937804785
2023-02-21 16:00:00,7.6025498350360525,9.010196223365499,12.701732543333227,13.858007341160786
2023-02-21 17:00:00,7.394984869449346,13.369941179889668,13.086549957820028,9.382966892778926
2023-02-21 18:00:00,2.379748026783367,0.9625182303374187,2.302955472052636,2.3880975899088517
2023-02-21 19:00:00,1.3256973683020576,2.226196552405683,1.4749853856337238,1.9577684044356207
2023-02-21 20:00:00,2.669823309242301,0.24441495646383693,0.1,2.6482555828600987
2023-02-21 21:00:00,0.8426264260039891,3.632628175898258,4.431883517645986,4.661367527992288
2023-02-21 22:00:00,3.839715492317238,1.3444517176343234,1.5238331456417085,2.9705793877392024
2023-02-21 23:00:00,2.5103239056113815,1.7368085224134107,2.012722844030378,5.66723420436718
2023-02-22 00:00:00,2.3020758047602157,4.3986370419872465,4.019262614911337,4.489977584738877
2023-02-22 01:00:00,5.152397914706669,2.825192432836851,1.8767989843883495,3.972092113453025
2023-02-22 02:00:00,0.45708802045146646,6.039840558237287,4.8196439994073925,1.5069257432171002
2023-02-22 03:00:00,1.2169625712511989,2.1401133110423554,2.956230367474883,3.1331840736846455
2023-02-22 04:00:00,4.522192788198689,2.8445879821393505,3.2328039925673733,2.5042977793547823
2023-02-22 05:00:00,1.8750899864537822,2.4670324734159594,2.3143730106327904,2.586359267000625
2023-02-22 06:00:00,2.419744087349488,5.020150526071388,0.1,2.6644509207096005
2023-02-22 07:00:00,5.561492058968398,3.5503353578251415,7.008898408072555,5.123018311926541
2023-02-22 08:00:00,9.417919373510877,14.281994842849887,14.253844591159062,9.628345249496595
2023-02-22 09:00:00,7.767450960558504,7.788888766685714,7.313833269613479,13.702629553508702
2023-02-22 10:00:00,7.911987246132892,7.982554810659833,10.78151549973277,8.69245473597743
2023-02-22 11:00:00,11.50567145636466,3.609465589868078,7.406264718037385,9.585636016186603
2023-02-22 12:00:00,15.073320224553282,5.657455645819106,17.03541992893912,14.237497241969365
2023-02-22 13:00:00,14.696594438171164,8.909899239085824,10.623457346404114,4.045661089620241
2023-02-22 14:00:00,12.98605461058522,9.662877992003796,10.899434050378543,13.56666583719606
2023-02-22 15:00:00,5.231749991936199,12.7531900444977,10.682480796762485,9.536046532606864
2023-02-22 16:00:00,7.756079879644748,8.510934271019332,14.948019189938687,11.769324341857462
2023-02-22 17:00:00,9.305066852314418,10.629587357431669,12.604735015147973,15.7643821983098
2023-02-22 18:00:00,4.623148903898638,1.8233023476786774,3.1691671118919102,4.085577204582586
2023-02-22 19:00:00,1.8880432789205843,3.5644488307787165,2.431854111784271,4.1311011880682145
2023-02-22 20:00:00,2.529383025173228,0.6775441824708457,3.123373051358908,2.622669658062088
2023-02-22 21:00:00,3.0729081184909575,2.7658274710092927,4.150110067306548,3.957426358652311
2023-02-22 22:00:00,5.769250853102677,2.247978695262403,3.0952099398835324,2.847644671667938
2023-02-22 23:00:00,4.274479012520265,2.275521736686802,2.0857894696287556,2.7358997839666133
2023-02-23 00:00:00,2.036813397552164,3.3990658733137376,3.1973746372973255,5.418852713501012
2023-02-23 01:00:00,2.6830807131140237,2.2491869971153777,4.263806186507856,4.2666132557353205
2023-02-23 02:00:00,2.1064458660349947,3.645742100181378,3.8612914211240796,1.13901082512978
2023-02-23 03:00:00,0.8521091707988155,0.23710213579597594,1.0999150053919595,3.2613428272625273
2023-02-23 04:00:00,3.836675155498896,5.0581859169432395,3.262723458886512,1.3781017963164937
2023-02-23 05:00:00,2.7148051650263114,3.386672008723731,2.8086970563496707,1.8404336012961158
2023-02-23 06:00:00,3.0916668075049394,7.81404856845535,2.8818034760970477,2.2636876323272057
2023-02-23 07:00:00,1.3822481338153754,1.9327448668853742,0.9109184891414239,1.8172718561101568
2023-02-23 08:00:00,12.360402119785922,9.544185442193916,7.035380968662219,9.276639797847887
2023-02-23 09:00:00,12.97023208262682,7.658294562095406,7.99590365431734,6.854478090816114
2023-02-23 10:00:00,9.796513232664065,6.509919531436084,9.37835978558759,5.391262268289524
2023-02-23 11:00:00,17.84999530547711,9.90567322371112,11.267403443647684,10.00168114195562
2023-02-23 12:00:00,8.535241991324542,15.349287580655563,10.475571774298073,11.893770441907668
2023-02-23 13:00:00,8.084529454642128,7.079033719187397,7.954807189384157,13.063352330734453
2023-02-23 14:00:00,9.929604377813908,12.355341859311032,5.873723224143352,7.366689795519812
2023-02-23 15:00:00,9.033601445492245,13.149866065042634,6.232160797168256,12.00180764083374
2023-02-23 16:00:00,9.9841979817019,9.095891641665192,10.246341196830363,7.787079099758608
2023-02-23 17:00:00,10.174412543542841,14.932971990130351,6.520480351430308,10.950220736775655
2023-02-23 18:00:00,1.8077104958052561,3.122585298587618,5.229757532860371,2.634868838151206
2023-02-23 19:00:00,4.0521354937016625,6.382684648548613,2.1708082894680163,0.1
2023-02-23 20:00:00,1.6812423326937234,2.9987702832060927,2.8343694622761615,3.044232625514747
2023-02-23 21:00:00,1.2650538242728202,3.092926476261247,4.948280084624574,3.6566199531978145
2023-02-23 22:00:00,2.98031327799011,3.8100483968381393,6.020592397885823,3.520364071525914
2023-02-23 23:00:00,2.951213664923432,1.4354042900813648,3.968484287688411,3.792353061066181
2023-02-24 00:00:00,2.1415015124880936,3.9561144078279575,5.604777916662972,3.577009161476125
2023-02-24 01:00:00,3.1926225570677493,2.052141701770203,3.8811107897109474,1.6043979233612058
2023-02-24 02:00:00,3.285299825850359,3.8401551868232007,4.036821020425592,2.079842102652882
2023-02-24 03:00:00,4.111405754347105,3.0475416641094064,4.720654307833602,1.5476494889890748
2023-02-24 04:00:00,3.0430803955887837,2.419687773205881,1.7653183725582695,4.729201530192425
2023-02-24 05:00:00,5.231465616982746,2.843286979344286,0.9372377911288656,2.8295195076215007
2023-02-24 06:00:00,4.3083861449955885,3.5075479989828473,2.1063118910959027,2.675297987962492
2023-02-24 07:00:00,2.6207517770257938,3.4745440064409663,2.093606449211263,2.5229081861275944
2023-02-24 08:00:00,14.223556601916183,14.278268603738747,5.7624198415632355,9.430827062798699
2023-02-24 09:00:00,7.5794227530933735,10.136608705498807,7.623897624274502,5.2216110864574325
2023-02-24 10:00:00,16.595216605112423,10.2953302239472,8.386113351094926,1.1963535860055572
2023-02-24 11:00:00,14.053432942980262,4.586741961992163,11.43982999173338,11.791744040778955
2023-02-24 12:00:00,10.762746887375302,8.046688467069467,6.050931373734335,12.520342896256544
2023-02-24 13:00:00,14.021047854447183,10.118294983589598,9.61614920110444,11.159659137744729
2023-02-24 14:00:00,12.171903362764972,10.931386355678349,6.274151765890069,15.664738233386297
2023-02-24 15:00:00,10.05593126967923,8.031368085240508,11.644618750411155,5.577903851815709
2023-02-24 16:00:00,13.09184950159225,8.928745151970329,12.437873770065618,8.358302037949166
2023-02-24 17:00:00,11.649732342836682,4.736157278224461,9.957976716674697,13.597763704255703
2023-02-24 18:00:00,2.1473335770848667,0.2315467586029012,2.3880475081621086,3.000427913300372
2023-02-24 19:00:00,0.1,2.2204388533768107,4.692213983644429,4.632928703836702
2023-02-24 20:00:00,2.497649911613129,0.1,1.4687081884395172,3.6760276007721746
2023-02-24 21:00:00,3.635575031113591,4.513605971406541,5.253871621184148,1.8964387484608065
2023-02-24 22:00:00,3.8627964372632935,3.0782349829496347,4.757970798004299,3.757010448403916
2023-02-24 23:00:00,1.4920859746952007,2.9344430568206636,3.6832315478114435,2.552537356042059
2023-02-25 00:00:00,3.1479482525073523,2.1040597807357946,4.329671764759893,2.2986978562373253
2023-02-25 01:00:00,0.746985492217779,3.8966234216685494,5.39367669788214,0.9910651776227244
2023-02-25 02:00:00,2.8320683847529504,2.400116171089279,3.075103600180035,2.0204176389148074
2023-02-25 03:00:00,4.2551295410366,0.6148578972936907,1.5782457769887253,5.518872399616351
2023-02-25 04:00:00,0.8178747930457848,3.7658753685466975,0.9070081553031337,2.9450885006944443
2023-02-25 05:00:00,0.1,4.121253283750815,1.878441661453843,0.7468594237686035
2023-02-25 06:00:00,5.938501739639931,5.234578507299256,2.5234142141678007,1.7455978533295868
2023-02-25 07:00:00,4.085416264946622,0.48378780074243277,0.1,3.3749925765706483
2023-02-25 08:00:00,3.2674097256874415,3.838111267393382,3.640890211465523,3.4195456612175295
2023-02-25 09:00:00,1.7733641917571095,3.616247370422508,1.8137815253112954,4.606487534450563
2023-02-25 10:00:00,1.6661876110178584,4.7723782722185835,0.1,2.220832003410618
2023-02-25 11:00:00,2.9960115307801862,5.834323396647706,1.496106634965634,2.0287983813570287
2023-02-25 12:00:00,1.4132769722795857,3.3904003807417555,3.4208679764316954,4.010378427285862
2023-02-25 13:00:00,2.324507888813585,3.6315667769702453,0.31653252600179993,3.6456924464126
2023-02-25 14:00:00,4.675448769675976,4.006169519046416,3.276554523050794,1.8871234966067352
2023-02-25 15:00:00,3.7380300789142415,2.132198274525547,6.489294307770037,4.129122507192333
2023-02-25 16:00:00,2.7764622355016644,4.357278197081506,1.8705008220139479,3.719482678978591
2023-02-25 17:00:00,1.0986411699178507,2.3434462203676194,0.4562804828825753,3.616128841652756
2023-02-25 18:00:00,2.6988063539202027,4.585207111275603,1.832776909624671,3.692853913349321
2023-02-25 19:00:00,1.7121969736162799,3.7620226607922183,2.2715510523185714,1.6690476550853035
2023-02-25 20:00:00,2.338231143879697,2.485615343344188,1.580500612635866,1.8275598912336481
2023-02-25 21:00:00,0.1,3.562143782848823,5.417300736608398,1.6919106573695302
2023-02-25 22:00:00,3.1876785173079267,0.6683565637738642,0.8863404694205093,2.205881740644818
2023-02-25 23:00:00,3.6720723878657,2.9190692660064794,5.839695970022426,1.2930599396108287
2023-02-26 00:00:00,4.325810120465835,2.234150255736988,4.541535851529155,3.4438155591391397
2023-02-26 01:00:00,1.5086804794793123,3.8179288095346093,1.136846940032929,0.2824584511687118
2023-02-26 02:00:00,6.002791196262232,1.924886187343144,0.5906723059364718,1.4746504843550472
2023-02-26 03:00:00,2.0529749843092726,3.0862834444829863,4.044296608627053,3.3180548860992887
2023-02-26 04:00:00,4.808373661042514,1.8404508174985834,4.368253669427416,4.7784666820914445
2023-02-26 05:00:00,2.2605585903540932,0.7044993584153842,4.562946075394341,1.444951533995497
2023-02-26 06:00:00,5.141728812931547,2.801080574435259,3.065004426740665,3.7005330599932162
2023-02-26 07:00:00,2.4620598991180156,3.144901208467954,3.1125488041256415,0.43046666867707906
2023-02-26 08:00:00,5.245327872762298,4.930813016269898,1.888374607427302,3.153635861373587
2023-02-26 09:00:00,6.6795468077294196,2.0370439356003187,5.474909635313128,2.929877233664907
2023-02-26 10:00:00,2.1418990836032563,3.793610138596615,0.16931789120501106,3.5745263088586516
2023-02-26 11:00:00,0.1,3.1074131087806105,6.120816000367679,4.4118801128069185
2023-02-26 12:00:00,3.6154683153569187,3.591091709137646,3.855458754196369,2.515415251420743
2023-02-26 13:00:00,1.8833404442994042,1.4469475882457972,3.864553124703958,1.8671544487230796
2023-02-26 14:00:00,3.3202400317505423,5.189201115862965,4.997895385442161,6.442299868831686
2023-02-26 15:00:00,7.229339614629632,3.338481809960529,3.4860923077424673,2.775413702700634
2023-02-26 16:00:00,5.5119189305744065,4.167567789297386,3.0152407982159692,0.1
2023-02-26 17:00:00,4.309772866660128,4.117737059809601,2.1298805896513953,2.7273094124959543
2023-02-26 18:00:00,3.2323237251877956,4.344321318133808,1.7992617493476661,2.7796831894920384
2023-02-26 19:00:00,1.9359966759062728,0.140983494695472,4.531409707725371,1.7931386747137321
2023-02-26 20:00:00,5.823673679137153,1.8130674479440416,0.324909767890909,1.5557557864248903
2023-02-26 21:00:00,2.8692083928076304,2.4641859215926543,4.4038563009734055,3.3054328875782764
2023-02-26 22:00:00,3.809890060935118,1.2542651646655234,6.184950090925462,1.135153632500586
2023-02-26 23:00:00,5.026336459052311,2.9749926443233496,2.627926062487896,3.904123774155534
2023-02-27 00:00:00,4.543956624982236,4.75603918711931,4.40853939145403,2.586328179013348
2023-02-27 01:00:00,2.827070817422108,4.528737554737413,2.842339386627053,3.961482819813979
2023-02-27 02:00:00,2.4424745776485297,5.448862456515493,7.002299068997063,4.285846637973
2023-02-27 03:00:00,1.3371490406629845,2.2642223650886635,3.0023405910634806,3.471882824773735
2023-02-27 04:00:00,1.2590634821420452,0.869025054677067,4.805392266920017,3.303452205448779
2023-02-27 05:00:00,1.393259877469835,4.081832391530876,3.7438035700406167,2.3164889231412538
2023-02-27 06:00:00,2.235171971745976,3.1294904299270554,3.469501957887054,4.094778832372119
2023-02-27 07:00:00,2.6732664881397623,4.183030228730029,3.542167491564778,3.2196495444848234
2023-02-27 08:00:00,9.263031564826948,12.109623263190468,12.734711440127182,12.339803295778408
2023-02-27 09:00:00,12.29748371259723,8.186855706732688,10.518397011761339,11.30271320929096
2023-02-27 10:00:00,10.492159655347194,12.501164765056688,9.156569698580686,11.373378346563802
2023-02-27 11:00:00,14.307564013647024,12.896791129771517,5.963078218685804,13.148711596902793
2023-02-27 12:00:00,10.024916293138414,14.38905009742277,11.861670361876268,7.617081879402379
2023-02-27 13:00:00,11.451598795874704,5.3142312257793165,8.135671179101196,11.037517571144827
2023-02-27 14:00:00,8.788554946860264,11.59575578512192,11.194208030851676,16.425849195668107
2023-02-27 15:00:00,10.611458047338864,8.039024661239777,12.378498125638238,3.3343897998318663
2023-02-27 16:00:00,9.38423042691111,9.496683039109557,9.633102513509293,11.090735752956169
2023-02-27 17:00:00,14.974094048404478,13.303496498640186,6.87691100753897,7.744671261758292
2023-02-27 18:00:00,2.649374236081767,2.9557795944284915,3.6424993086884996,0.330437605868072
2023-02-27 19:00:00,4.683646336374176,1.3780911820395363,2.826671466830693,1.5192561647824225
2023-02-27 20:00:00,3.109269875353663,2.3066784724724045,3.357207022001112,4.597338935037532
2023-02-27 21:00:00,4.300774477346225,4.8652500563697165,0.7512967894105045,3.8758738321395723
2023-02-27 22:00:00,4.626010332426569,2.5475177561286935,1.3418560744402093,1.225478147104011
2023-02-27 23:00:00,1.9464881379852002,2.605713505217744,3.0773414180140968,4.925149333087623
2023-02-28 00:00:00,3.4292233743723157,3.1943261407501504,2.6082659777015684,3.904972680705445
2023-02-28 01:00:00,1.4537399050839954,3.9006125467190076,2.6696592458305695,3.395145362497468
2023-02-28 02:00:00,1.7702106339341692,3.5904119061827298,2.7131582736559583,3.8372249253940662
2023-02-28 03:00:00,3.7115748615002193,4.566680937760343,4.200132752780117,2.9355331478286057
2023-02-28 04:00:00,5.480759039878668,0.8498261998415657,3.5533917474365184,0.1
2023-02-28 05:00:00,1.6591547492601553,2.3361990154531784,1.8875523252927455,2.6864063292020894
2023-02-28 06:00:00,3.5435432554284265,5.043681445575119,2.535164066621563,5.2542672580101275
2023-02-28 07:00:00,2.1492920110953606,3.5272827557794746,4.313473943996334,2.1829667473671086
2023-02-28 08:00:00,9.077793259378417,4.773009540542213,8.692114119021852,10.971966458632707
2023-02-28 09:00:00,14.132508778045224,14.196186999833346,17.706428598495307,11.414057374729754
2023-02-28 10:00:00,8.140016174548617,11.265279836695466,9.900673051304949,7.6980562064128195
2023-02-28 11:00:00,13.160246377369457,9.414935898619664,7.475868785989274,16.748897322921575
2023-02-28 12:00:00,12.076748177063845,7.987586909015255,12.720933776425994,9.246774062950342
2023-02-28 13:00:00,7.4239597533848745,16.209761482315876,7.72891398399125,9.246314982307576
2023-02-28 14:00:00,12.750175369058766,10.683969802001823,6.181214143900065,10.372152134786278
2023-02-28 15:00:00,9.62302668827422,8.034500424116448,3.9182020150635033,7.715797611933645
2023-02-28 16:00:00,8.519181671829843,9.40631231129579,8.308882607464133,2.318882021661862
2023-02-28 17:00:00,12.839520458257173,7.311204737947638,7.550472796354224,6.6141787974871695
2023-02-28 18:00:00,5.455426944381934,2.8793031724465603,5.854282467510501,6.7265227840736195
2023-02-28 19:00:00,3.5807392010904615,1.907820890706028,6.243859338816229,3.667439801153785
2023-02-28 20:00:00,1.6498135775967668,1.7407695809907016,1.8118812934371291,4.896269667443141
2023-02-28 21:00:00,1.8374455583903928,0.5659027747406853,3.435269036430519,0.1
2023-02-28 22:00:00,4.155216621041359,2.381473792085139,3.8015258793682616,4.683125181715347
2023-02-28 23:00:00,4.831432594826956,0.1,1.5014181713390098,2.721253012124169
2023-03-01 00:00:00,3.6968483702002217,4.7536869457957005,2.8383630436618366,3.5070801014249833
2023-03-01 01:00:00,2.379350368722056,3.0056153137102988,2.831177530324821,1.4706776811755682
2023-03-01 02:00:00,3.5060654577956125,2.7999410565437266,2.4976739705893283,4.806658482391869
2023-03-01 03:00:00,2.590618138672962,4.2493684690958435,2.3321955870576847,1.7579887464532717
2023-03-01 04:00:00,2.814455567531212,2.2864919226197706,1.861713693443247,1.9073739312355062
2023-03-01 05:00:00,4.45428558432366,0.5671984179898186,4.181537789457684,0.7956752776512124
2023-03-01 06:00:00,1.540357942773689,1.4518178664852026,4.712710693821334,1.755646070325454
2023-03-01 07:00:00,4.060093322830607,1.7480099702373006,2.9900244208375004,3.79578709518828
2023-03-01 08:00:00,14.726774057446377,10.632534171569175,6.458262470694699,7.72227118711014
2023-03-01 09:00:00,10.903405909641506,9.418642164905844,8.356417511083285,11.757092528511148
2023-03-01 10:00:00,13.059643951810013,9.261543599985888,6.119943095792743,10.188876694377077
2023-03-01 11:00:00,12.336426128303222,9.304154451532304,13.922517079399217,8.732708112756868
2023-03-01 12:00:00,8.78604192291381,10.929767170680696,12.619672675290479,3.9742254014695746
2023-03-01 13:00:00,9.73270223367333,13.633157551189747,10.802350799693087,8.757734585738538
2023-03-01 14:00:00,10.213687547218074,6.97238914066787,15.214746209541929,8.80118970898743
2023-03-01 15:00:00,15.420746226414277,15.27065052050751,7.265204848552111,12.08525035721504
2023-03-01 16:00:00,14.530771433777392,7.6464134118390525,9.951638874324368,15.409055631266416
2023-03-01 17:00:00,12.824741418652371,10.466931794764024,7.2541408026030485,9.073982222203718
2023-03-01 18:00:00,3.7480366322568592,2.5516269585849356,2.905809690672237,2.7174281219209426
2023-03-01 19:00:00,0.6228584784655302,1.1081853208076926,3.815834097004327,3.5431311889421986
2023-03-01 20:00:00,3.642185253884031,0.16666820333586374,4.080198747885073,2.974202283943652
2023-03-01 21:00:00,4.195979935534756,3.152874823898787,0.8657201625242887,0.1
2023-03-01 22:00:00,5.940293718955852,2.584453832597099,4.899535214691326,4.355347403950274
2023-03-01 23:00:00,4.197555863945851,2.9345815996642344,2.921179092932463,1.8756201619778976
2023-03-02 00:00:00,3.5506975816931003,2.2838507071322884,6.391046198333748,2.67132675808522
2023-03-02 01:00:00,0.1,1.692995816303283,4.050008904228566,2.8316479343489167
2023-03-02 02:00:00,2.707140702193089,6.7159223141895845,2.88858714930667,3.227562675365399
2023-03-02 03:00:00,1.3199138640944916,1.80869776358213,2.166996176387157,2.365867003056529
2023-03-02 04:00:00,2.9736247726347274,2.7445613551925074,1.5237481877237606,1.8325183690846831
2023-03-02 05:00:00,1.9917847265848028,3.9024426510242507,2.926528207967608,3.993489167570829
2023-03-02 06:00:00,5.652464263958391,2.877015386577272,3.4143425201459277,5.537602804801194
2023-03-02 07:00:00,5.500444047636848,3.0230649722563596,2.7234002339319807,0.8348490855767774
2023-03-02 08:00:00,14.694093090949227,11.052070841683689,15.964061858250801,10.509693280599452
2023-03-02 09:00:00,7.93208107550293,10.20508701165454,11.921299361270767,9.960769281820129
2023-03-02 10:00:00,8.589693320672595,9.814662960063735,8.604245816456316,7.317268447465895
2023-03-02 11:00:00,12.90544555240145,10.82911961166077,6.046820266791897,16.05337239496928
2023-03-02 12:00:00,8.447858550631585,6.455313658526303,6.814844732803055,8.68791379477094
2023-03-02 13:00:00,9.661400452688213,11.23562755310681,8.74158903988322,8.676824169640835
2023-03-02 14:00:00,10.950079600787019,13.55302083107096,12.415361532420594,10.746129999242978
2023-03-02 15:00:00,11.361697384429817,6.704856322173796,11.700360704965394,6.529431943063312
2023-03-02 16:00:00,15.22250831696973,10.77777925034754,8.612238529174107,16.892105323441015
2023-03-02 17:00:00,10.407962621330048,9.906435633225172,5.158469718284358,12.341266916766857
2023-03-02 18:00:00,3.6326829935634226,0.4508377172839526,5.274245604234659,1.1095520283861662
2023-03-02 19:00:00,4.706719870118641,4.222225137345972,2.765759841841101,1.7668787253933373
2023-03-02 20:00:00,0.9462101692529696,2.1260004074854715,3.3277842973960468,3.4672889251521926
2023-03-02 21:00:00,5.14638430868021,1.6115582601960858,2.3745109293322395,1.865426885091647
2023-03-02 22:00:00,2.1282931419160263,3.8933028158275915,5.020673613917507,3.340299249149674
2023-03-02 23:00:00,3.6609191433318093,3.261005722763275,5.133514386678769,3.4899183809020737
2023-03-03 00:00:00,2.7742119136792267,1.8021542202909855,2.5193666413857745,6.340461500443704
2023-03-03 01:00:00,1.771943540599914,4.258583812023779,2.1693117221861584,3.59011844901071
2023-03-03 02:00:00,4.7649267001476,3.8620488210343438,2.0470791703975726,3.1388595518652136
2023-03-03 03:00:00,3.462989535801859,3.5910770978350497,4.381563619057614,0.1
2023-03-03 04:00:00,1.128153529813135,4.802078307421265,0.1,3.301404675886576
2023-03-03 05:00:00,0.830066676551743,1.6959309307310415,3.4818861530526943,1.283963225076298
2023-03-03 06:00:00,0.5996035518689151,0.1,2.9998472001257044,3.1727793594152724
2023-03-03 07:00:00,3.487179815396469,4.743648091277354,4.241764933150118,5.431795330572577
2023-03-03 08:00:00,12.719591105785224,11.137681384231044,9.697801875089267,14.097432122878548
2023-03-03 09:00:00,5.858615788105036,10.406529667183115,10.129728798580125,6.9530724352534055
2023-03-03 10:00:00,11.30184438510774,8.163649463637181,9.694847927938797,7.7853446146363385
2023-03-03 11:00:00,12.104051435254645,7.997456617221479,11.617334747101333,7.859562563041675
2023-03-03 12:00:00,11.7444183315346,3.5289456781150843,11.227125619820919,12.474694170577973
2023-03-03 13:00:00,4.279400837626697,2.065693393227943,14.05700798069206,7.615522176866588
2023-03-03 14:00:00,4.777521311142713,4.761533351016125,5.142366569601961,11.849773976675316
2023-03-03 15:00:00,14.238198428651843,9.747673076907278,9.85031795311877,6.6862196861040735
2023-03-03 16:00:00,5.706539397948659,9.16610145318703,9.090335248343711,12.287820788718694
2023-03-03 17:00:00,3.8676018050423835,9.178889514343243,11.522128082797005,4.743849480610927
2023-03-03 18:00:00,1.9877956468808573,3.831736288031121,2.8909360575428,4.593023907210524
2023-03-03 19:00:00,3.5962111002921686,4.771484838839378,0.7891149150556602,3.49660102211872
2023-03-03 20:00:00,2.1284215920048246,2.978196756827936,0.901258966252596,1.6505337070419999
2023-03-03 21:00:00,0.1,3.7445423617770333,0.1,3.0202177296269808
2023-03-03 22:00:00,4.258652497927644,4.7991434312791865,1.4704701047473532,0.8372373030146201
2023-03-03 23:00:00,1.7967344604388669,3.0904716515590844,4.2692873442022625,3.20734782690759
2023-03-04 00:00:00,1.5022766323665278,3.476402744651665,1.98685014968796,0.1
2023-03-04 01:00:00,0.7050470216309979,5.347725388381894,2.03325451406496,4.332038281524923
2023-03-04 02:00:00,5.505566480044774,3.662730030140474,3.5197957971775296,1.161895766070016
2023-03-04 03:00:00,1.7095173179333722,1.1420144337606644,3.5837346991690566,3.755982186727148
2023-03-04 04:00:00,3.1148786591191673,1.8239095170089927,2.1390435325685284,2.7675947351536476
2023-03-04 05:00:00,4.189654764480682,3.2656870245603846,0.39834112260454413,3.4565889546834714
2023-03-04 06:00:00,0.32676762476395904,1.1079205284946942,6.179716443765478,1.239862577123547
2023-03-04 07:00:00,3.3452966948459024,3.493873572053797,2.8709584752762907,5.285194379225187
2023-03-04 08:00:00,1.8782466946013838,3.3017174608243733,2.6754327463557117,4.065733101242883
2023-03-04 09:00:00,3.685352687997693,2.8670471875316155,5.263250378345749,3.5499155663856867
2023-03-04 10:00:00,4.348381328065935,2.7157944049611302,1.7624150128907874,4.825238321640263
2023-03-04 11:00:00,0.1,4.4393344191951325,3.08566997765736,6.169224902627333
2023-03-04 12:00:00,1.611109896873835,4.278594454704366,3.551714142008146,4.157178342966465
2023-03-04 13:00:00,2.113649569334237,3.5467785198842616,4.708903297247762,3.3718613770546364
2023-03-04 14:00:00,0.9405948552030585,2.1457592283163898,3.9082984867892034,4.552665437676344
2023-03-04 15:00:00,4.1735611377322615,2.8431010523919973,3.9318607477304597,3.6855984380055387
2023-03-04 16:00:00,4.007983735838058,3.177366609163618,1.8506874052492044,0.5641605238839889
2023-03-04 17:00:00,1.6922292718940506,3.389220134270059,6.713497650448991,1.817013175883885
2023-03-04 18:00:00,0.10845954966862292,1.0946392178402449,0.1,1.922794602606789
2023-03-04 19:00:00,3.045043600409471,3.155040579741901,3.117775445804793,4.629717039888707
2023-03-04 20:00:00,1.4036700306371896,4.0954567445582075,3.092486421821728,3.666854915108445
2023-03-04 21:00:00,0.9023230882044575,5.265286292528755,2.6353549099044375,3.489998097754503
2023-03-04 22:00:00,4.186084718391026,2.6700413485717673,2.1999851440281457,2.3190839807311705
2023-03-04 23:00:00,0.1,5.625031374867647,3.4254026019073316,3.65768973213373
2023-03-05 00:00:00,1.4431281964545222,1.0504748512153228,1.265802635001361,4.03403561855751
2023-03-05 01:00:00,2.373278837998524,4.6092439180405025,3.3389073350382845,1.98676861450621
2023-03-05 02:00:00,2.226843653188708,4.4854957854146145,2.71313902602159,4.10910904579012
2023-03-05 03:00:00,2.5796107590051296,5.144702858063629,2.299005558300502,7.432954700290629
2023-03-05 04:00:00,3.6649776810157935,0.48732214444355737,4.43658668642076,4.638407317704936
2023-03-05 05:00:00,4.97931725188657,0.640006500249072,5.773342713788627,3.940652325723391
2023-03-05 06:00:00,4.315889618440618,3.2976428304984227,6.993800770182547,3.9509461614000285
2023-03-05 07:00:00,4.143396809664388,4.418683856239477,3.47787507590441,3.1544133958962814
2023-03-05 08:00:00,1.707491065563643,1.016113967253164,2.550128202437703,3.524092807543294
2023-03-05 09:00:00,2.8560485962031197,3.047296647418945,2.6802348068752058,3.2554943569387484
2023-03-05 10:00:00,1.8717910607019874,3.7147386597516467,3.4262695832878007,1.0303518317288032
2023-03-05 11:00:00,3.506835543570355,4.017553471267922,6.181180980464802,2.028540533806291
2023-03-05 12:00:00,3.631190401350878,4.456043455864192,1.2969404979776478,5.186603400015537
2023-03-05 13:00:00,3.633656617716346,2.913166993245267,2.5912044047677925,2.4114810075809707
2023-03-05 14:00:00,3.698524068635569,5.221658269928596,6.369520490395655,3.311178337268031
2023-03-05 15:00:00,4.130754001402178,2.6026589854842275,3.9339350305524476,2.727561004652896
2023-03-05 16:00:00,2.4097557656431348,1.5986703593580711,4.151089871880076,3.8140641909103232
2023-03-05 17:00:00,2.551999357694727,2.426266552345348,2.31554083308446,4.4683670799108715
2023-03-05 18:00:00,1.7997127468982423,2.749706303505863,1.5543364913073188,3.7723387990508925
2023-03-05 19:00:00,3.323019646427346,5.34441747878601,0.26578943925181386,4.2635281416840165
2023-03-05 20:00:00,5.379383774714266,1.6121531539015819,6.619862050259737,4.573711547187128
2023-03-05 21:00:00,2.0650347566970613,2.035654989875445,3.7187308549325184,3.9413138118187505
2023-03-05 22:00:00,2.9142722560722536,1.4480659922347963,2.461115208585624,1.3609875722910756
2023-03-05 23:00:00,3.571945500570587,1.8389385406182785,1.581039375338413,3.423629134136714
2023-03-06 00:00:00,2.729677057399027,1.9820295555786545,6.84733043864761,6.095452999578102
2023-03-06 01:00:00,2.407523152525287,2.3695162725760253,2.337192141161604,1.4997083315832156
2023-03-06 02:00:00,4.15437767759063,2.1450696746158133,0.10225757240319311,3.791417205540404
2023-03-06 03:00:00,3.821597907734507,4.462773137368183,4.0446248040058235,1.6276065706217318
2023-03-06 04:00:00,2.080924216817754,3.5790004450984734,4.716870609862116,4.405678617443225
2023-03-06 05:00:00,2.5169693832604754,0.1,0.9542469097128885,4.148911929143077
2023-03-06 06:00:00,4.101287342870842,2.9092728866684827,6.011131581307334,3.5422269793294126
2023-03-06 07:00:00,5.484482567564182,4.761910244696583,2.4745636876470134,0.8437849165260629
2023-03-06 08:00:00,6.943589458092147,12.843967047272631,10.309089422517356,13.990839323340913
2023-03-06 09:00:00,8.044269386482103,9.271413178889384,9.744082364825083,16.565370117394643
2023-03-06 10:00:00,9.11297971166852,5.208634688003766,5.806327091052763,6.954797620072794
2023-03-06 11:00:00,12.402599474545852,7.5823800113866024,12.77339910729333,8.150321498549221
2023-03-06 12:00:00,9.767132290798697,10.481061028888062,11.450950574172188,5.353254516835235
2023-03-06 13:00:00,11.433825894876223,11.923334233418462,9.717940738859815,12.99018622240055
2023-03-06 14:00:00,6.259915564521732,11.340295612191948,15.625887197546554,15.15604310694305
2023-03-06 15:00:00,10.739650525155856,10.264988632383082,6.4136407163553155,3.6315364759867963
2023-03-06 16:00:00,7.6774017764878195,5.691626561793128,5.709993754398126,7.669999975539063
2023-03-06 17:00:00,9.926608611419875,13.682847682369923,8.768189644230803,14.019945682461486
2023-03-06 18:00:00,1.9992733915343897,1.4023883813705103,4.605124487768682,4.920647111244763
2023-03-06 19:00:00,4.096929856950144,1.9929280956685758,1.2746994337932898,3.304775317572993
2023-03-06 20:00:00,4.165615323792183,6.891998126051098,1.5495508242670057,5.0054508788992
2023-03-06 21:00:00,1.6282009691508863,3.631922517126255,3.1692186244829625,5.43079922314099
2023-03-06 22:00:00,1.422007532522423,2.8060597375078857,2.3214117635049134,1.8033628586415769
2023-03-06 23:00:00,4.9383514666782595,1.1363146599391274,0.15344092313534663,3.1287970657028445
2023-03-07 00:00:00,2.710260791426696,2.8692451211228587,4.360688424926119,4.883729926575771
2023-03-07 01:00:00,3.505667612497348,1.4842017897768258,1.9371835880174597,2.3018390714626253
2023-03-07 02:00:00,2.6643987215871103,0.4322958845475702,1.828781757518315,0.10784760836419727
2023-03-07 03:00:00,3.0995562354854482,4.177247345662143,1.3127738884479154,3.2870202989863446
2023-03-07 04:00:00,4.167933731660121,1.644332991278137,3.579314580648346,1.8248263716695379
2023-03-07 05:00:00,1.5671933556164008,0.21314614242596486,5.647330427392021,2.949323971149443
2023-03-07 06:00:00,0.5951913662171648,3.004453257522151,3.0808423856655294,3.8935237851657223
2023-03-07 07:00:00,3.5540136306017196,0.9775587076184116,2.9290731681975917,1.7091829854501315
2023-03-07 08:00:00,9.041318952323937,10.023068924118952,9.90611780921147,7.125431269661131
2023-03-07 09:00:00,7.7658738048841505,18.223118435576787,8.95408510527968,5.9142214922582514
2023-03-07 10:00:00,9.99125944664405,9.591661468769564,7.295434595926595,6.946915359293808
2023-03-07 11:00:00,9.710800985760198,10.943488176712407,3.2995396113759785,12.10770396606614
2023-03-07 12:00:00,14.185361631916319,6.984524594801405,12.669342250331965,6.029651459380338
2023-03-07 13:00:00,9.295626460521364,7.48244774690468,7.339427772342746,6.0489731884636635
2023-03-07 14:00:00,12.260704991331785,6.581177309636387,8.76081175485902,7.1063445401698
2023-03-07 15:00:00,12.132024329019192,9.483170081827215,13.63101373952409,6.79345646221373
2023-03-07 16:00:00,1.5822045235977757,13.773645068529802,8.987644326106892,12.424163825842324
2023-03-07 17:00:00,4.674030675438146,14.15040050952668,16.336178920193163,8.439389277115037
2023-03-07 18:00:00,4.0486260604853666,4.064214605488397,3.221250228147163,2.090981730028806
2023-03-07 19:00:00,3.499283936563529,4.75443866352926,5.578694998028936,2.7394006435507863
2023-03-07 20:00:00,1.9254594488689474,4.382476350732368,2.956791164506335,3.738826364522555
2023-03-07 21:00:00,3.5649218114908696,1.2554028095790573,1.7036582432995813,2.155653303161341
2023-03-07 22:00:00,4.189338124761642,3.4255788677266836,6.1040530367550785,1.8098218022477106
2023-03-07 23:00:00,4.278782640981649,5.139186800976227,3.3482486857125338,3.147263394823579
2023-03-08 00:00:00,6.458786944152408,3.2572359951529926,2.8396430866847564,2.035677977178115
2023-03-08 01:00:00,4.9235779347826565,2.7117450884080014,0.7409214966968904,0.1
2023-03-08 02:00:00,2.8494861267515312,1.2102157085739982,1.6167929010464968,2.940989552481103
2023-03-08 03:00:00,4.618925072557471,0.12838588162713016,3.5399793465408984,1.1180069528546714
2023-03-08 04:00:00,1.612685770782031,1.6988100287331138,5.875606071500458,6.743134998218269
2023-03-08 05:00:00,2.5213872286697026,2.7565044247395853,3.975098441099483,2.7224659864914638
2023-03-08 06:00:00,2.4918160890785286,2.0463821237715543,1.9619527062302728,3.952839772907166
2023-03-08 07:00:00,5.497086661520285,1.116067372512806,3.7428553085034055,1.4833779049443607
2023-03-08 08:00:00,11.446645521664214,11.34322610365059,5.931903529126579,6.32685114232496
2023-03-08 09:00:00,10.094734325907003,6.293206829849905,11.276410049624836,8.61615831089084
2023-03-08 10:00:00,9.504182766421172,13.99159416260624,9.963426241153261,12.301970898184642
2023-03-08 11:00:00,5.0242794300301945,15.706925214217552,9.479222312295175,6.183712840753013
2023-03-08 12:00:00,11.63773696158157,11.112914373380725,5.766982324419313,8.844388843731755
2023-03-08 13:00:00,11.037708139320078,7.67105511050023,8.025316210308823,10.67146606855292
2023-03-08 14:00:00,10.173964724680173,15.682763859187704,12.628420079671432,9.377860956907403
2023-03-08 15:00:00,6.536467409822575,7.702360651258974,6.911668456754869,6.483501507422048
2023-03-08 16:00:00,5.807761802685477,8.652086100039543,13.082028793861152,7.777565443508082
2023-03-08 17:00:00,10.67569198962517,12.257537318899296,5.294816950803234,6.953414318656401
2023-03-08 18:00:00,1.7507278796527503,1.4293052693135766,2.474905689414832,2.911584964723742
2023-03-08 19:00:00,2.617099693672495,1.0758328036350147,4.794796797216413,1.0168895362994252
2023-03-08 20:00:00,1.4637825989815405,6.247714376134041,5.5846482333452165,0.4211383908926116
2023-03-08 21:00:00,5.521258548069566,3.310599802275316,4.316779821655303,5.114984334420225
2023-03-08 22:00:00,3.0463177802365156,2.209449136995122,3.1458135586562017,0.1
2023-03-08 23:00:00,3.413255828477428,2.918650795421915,2.490080477742859,2.4863356455634675
2023-03-09 00:00:00,4.068160200150976,0.6531098805466713,4.090572563807369,4.885601386834532
2023-03-09 01:00:00,1.744739257773501,3.719705906510615,4.557953689791923,4.911335397716827
2023-03-09 02:00:00,3.579211144227963,4.470674533471271,1.0241242558526191,2.8792459576961162
2023-03-09 03:00:00,4.969109185628692,2.4408054526875453,3.979609233756733,3.674635325693944
2023-03-09 04:00:00,2.7106423032284237,3.3182650054016696,3.7077737403236037,2.5964477021458836
2023-03-09 05:00:00,2.7053166880334922,0.9257249744739959,2.8380452367014133,4.0708338609457755
2023-03-09 06:00:00,3.390054312291142,2.256233300035709,1.3436176103457522,3.43207996909801
2023-03-09 07:00:00,4.7051218757167454,3.5105588532675585,5.513896357160561,6.607613442692726
2023-03-09 08:00:00,14.831440782288098,12.170405415814571,7.962240290172202,12.254888472125632
2023-03-09 09:00:00,8.331799515452191,8.878385409161128,12.803947284835145,9.791390499077206
2023-03-09 10:00:00,11.082386321156276,13.561175863264776,8.907003519010702,8.406815025033007
2023-03-09 11:00:00,10.135332094229305,2.251388480933219,16.16575094242985,12.29116651418879
2023-03-09 12:00:00,15.32229832191905,11.635528121091715,9.920270638976401,7.767980604035804
2023-03-09 13:00:00,11.048443496575661,8.665933599659065,8.64602480869374,11.304255948776163
2023-03-09 14:00:00,16.23501168385016,12.784169507508274,13.676240009645634,12.065716195388635
2023-03-09 15:00:00,9.985918052142017,8.959427552452434,11.483653581929048,11.225310173046365
2023-03-09 16:00:00,9.32122249388477,12.410387399792402,8.277256362874853,7.901103605959749
2023-03-09 17:00:00,10.336638026534779,10.150625374364079,10.714972036139201,8.741384560769747
2023-03-09 18:00:00,5.009108357165112,4.126448280192662,4.3849857799357395,5.35389946933072
2023-03-09 19:00:00,1.9808924031375865,2.470165699984423,1.0811865489695522,5.145042627183515
2023-03-09 20:00:00,4.670662147469792,3.839328175755564,5.869971107666765,0.6600832635639673
2023-03-09 21:00:00,0.1,3.0692334885723915,4.435349671950705,2.2593654394149842
2023-03-09 22:00:00,2.887673330240026,1.6218227309384203,1.7593710014460782,4.121094546944106
2023-03-09 23:00:00,4.343762966311431,3.2894555636469267,1.8150606713955828,2.524228845543453
2023-03-10 00:00:00,5.521951961119024,3.4422170718895457,0.1,1.677714022821398
2023-03-10 01:00:00,2.659646877822493,1.6863563022809953,2.3647850550029488,0.542733118580923
2023-03-10 02:00:00,1.8534975979241082,1.2886292697196466,1.5036832889855758,2.8914602188746286
2023-03-10 03:00:00,2.3619467052080383,1.805644686415495,2.068231144896127,2.0256764277678583
2023-03-10 04:00:00,4.830405563386695,0.7053711690331541,2.3775410581583714,2.9031222516323507
2023-03-10 05:00:00,2.2945548742158413,4.548304800399718,2.788117218703576,1.6207778652271285
2023-03-10 06:00:00,3.6699620456414506,1.8207938894663533,4.8909605790368,3.930986418018195
2023-03-10 07:00:00,2.575076868539418,2.76658989416772,2.6151007716959422,3.005662185612466
2023-03-10 08:00:00,8.202642222506515,12.228997479855021,10.364261116320948,12.790690764762935
2023-03-10 09:00:00,4.454376167464873,9.141520666850383,13.757370997179358,5.15381813938449
2023-03-10 10:00:00,4.948075736059686,11.582225993283462,12.168678769723208,6.769898779811373
2023-03-10 11:00:00,8.721506923343622,11.894583476119742,9.64206149735549,10.138175765582472
2023-03-10 12:00:00,13.343538276066923,11.738661443792491,9.512742011622676,11.901032682264033
2023-03-10 13:00:00,9.522571076038771,12.052089537457993,7.579690381786729,6.860226972751253
2023-03-10 14:00:00,7.176884574369634,16.059165607272362,19.78373744223865,13.580508774346693
2023-03-10 15:00:00,12.383873431339996,14.070249596690358,10.438136729741185,11.144161498712355
2023-03-10 16:00:00,14.029587827555716,10.130998702764384,9.474052216692199,13.311024026328987
2023-03-10 17:00:00,9.781943796935487,12.738340709238408,7.980105977609226,12.760497816820916
2023-03-10 18:00:00,3.1640578245129745,1.7424640719763942,2.9661996497200045,2.422579975459237
2023-03-10 19:00:00,3.7535377362511557,1.7948041160523724,2.4118330917918356,4.719419843664709
2023-03-10 20:00:00,3.171525585676948,2.310033533168972,4.192080625922797,2.437623175549743
2023-03-10 21:00:00,4.589603182854488,2.677498802656541,2.815284976803244,3.0978492592454603
2023-03-10 22:00:00,2.758524376728859,3.8074384095150338,3.0476696532190086,2.893330847087725
2023-03-10 23:00:00,1.856476660016338,3.0941966536983947,4.747887604175006,4.04649813175956
2023-03-11 00:00:00,2.221134516443506,1.9823861204551185,1.9982727618963407,0.1
2023-03-11 01:00:00,3.1538479952506324,2.8625760520980315,4.531500392419274,2.2773741571054096
2023-03-11 02:00:00,1.8781162316605537,1.448272927134438,4.7835121211365355,1.7727265436640622
2023-03-11 03:00:00,4.262038312048279,2.749742273694266,1.6592169865278863,3.5829257946508744
2023-03-11 04:00:00,4.097786482639249,2.970043537543182,2.930488745803766,1.5126177277869843
2023-03-11 05:00:00,1.6485115183029864,4.325700907814768,2.665727376017436,4.185867388210391
2023-03-11 06:00:00,3.7969619751688146,0.3473060850533298,3.2040517199519676,4.658488429356381
2023-03-11 07:00:00,2.8635565265638347,3.910904082877755,2.3311143914632027,1.3578324065088268
2023-03-11 08:00:00,1.4427165201793588,1.7824511811991322,1.4041700338213472,3.7521924634949784
2023-03-11 09:00:00,2.615062654507031,2.7064598360855827,4.167520502283336,2.968305487983122
2023-03-11 10:00:00,1.1146098902466424,3.7718249694187014,1.2369946509620395,4.7578933985962495
2023-03-11 11:00:00,2.697496064525361,3.9113674533635088,4.710374081171757,3.9348057054468653
2023-03-11 12:00:00,3.6161617041392584,2.450351075489849,4.139802136339145,3.861921896623342
2023-03-11 13:00:00,5.547411961805169,1.3892735598684842,1.7841302411491031,4.279345071814854
2023-03-11 14:00:00,1.5785658596482732,2.9222802986185568,4.0822254126172375,0.7670314957023727
2023-03-11 15:00:00,2.4359292032670594,3.446607978383985,2.147486204048898,2.8241732256887815
2023-03-11 16:00:00,6.970119497611525,4.552909891265148,3.582768426627516,3.4275625487707293
2023-03-11 17:00:00,0.1,3.4078918933091753,2.2928586631169505,0.7935992868425048
2023-03-11 18:00:00,2.462466189632221,4.110150820462392,4.600103647045978,3.580080038713879
2023-03-11 19:00:00,1.8603498699198133,2.8875841920103733,4.23891195385068,1.794698329663538
2023-03-11 20:00:00,6.516640299677355,1.6769299288959756,2.3201012050672096,2.230171077531564
2023-03-11 21:00:00,1.2738515712096365,1.1431230115129045,1.9956107125172395,3.1083762406751894
2023-03-11 22:00:00,3.11306340278245,4.13469678385559,1.861519265844692,5.742363477581016
2023-03-11 23:00:00,3.337684563894049,2.317701105330611,1.5321903788359446,1.4332117810367875
2023-03-12 00:00:00,2.2148201518071913,4.143189561851628,2.7707283548457022,5.601146852760284
2023-03-12 01:00:00,1.6755725327516824,2.1272021865171213,6.45926703557436,3.2793879745093615
2023-03-12 02:00:00,5.928317918863932,5.555896330823996,0.7660669989412705,3.1732423902969877
2023-03-12 03:00:00,1.9933984206771482,2.579413155227667,2.652333910134372,3.070154946088071
2023-03-12 04:00:00,5.485433215176963,4.124213120161156,1.462594376519955,1.6863547425050782
2023-03-12 05:00:00,3.5716415601771754,1.8004308136874034,3.375434868079849,2.811699336229712
2023-03-12 06:00:00,4.4514678914464865,1.4205671175869599,3.6791676748121103,2.0632394153390834
2023-03-12 07:00:00,2.3173909020821557,2.2879242196093528,3.138374253588516,0.15950274509488427
2023-03-12 08:00:00,5.013113430787577,5.401910297564224,3.4050823458903423,3.3900487551570277
2023-03-12 09:00:00,5.164270403994269,0.5837578208732932,3.5593176573189655,2.3728495397991267
2023-03-12 10:00:00,3.6369753884404608,1.9536386869823539,3.0129757669871977,0.7469199021119786
2023-03-12 11:00:00,3.3872373533339193,0.2753996428736989,1.0914737413842799,2.7431234286443313
2023-03-12 12:00:00,2.33955706445101,3.017802200534805,4.081333281618253,2.7662060182090866
2023-03-12 13:00:00,5.913546368786659,2.459773852274485,0.1,1.4518294301511396
2023-03-12 14:00:00,2.6794227365904186,4.1886882070097435,3.6898587825123594,1.5037511744769025
2023-03-12 15:00:00,3.340699519085403,4.634087811269527,4.033606411048095,4.584910412743947
2023-03-12 16:00:00,2.417423803686008,3.1355515604678863,3.6276230606016315,1.9729701883342479
2023-03-12 17:00:00,0.9593883446951699,3.6869725289459208,0.1,3.127231042924779
2023-03-12 18:00:00,2.65007852555255,3.731430651924937,4.3054981168253095,1.6249008596598875
2023-03-12 19:00:00,2.895894019836228,1.8785746362428188,2.787165762561591,4.1236724736550965
2023-03-12 20:00:00,2.1087573613997095,4.29555063574716,2.617393911917346,2.5484233745750124
2023-03-12 21:00:00,4.594706095276635,3.0432263251486593,2.3614622892715054,2.9093619943051454
2023-03-12 22:00:00,0.3207273725613806,2.964654170261051,3.353974849482122,0.6783763986065185
2023-03-12 23:00:00,2.1060067360871475,2.869552067777951,2.2062162607223885,0.6419407311186687
2023-03-13 00:00:00,2.512724996082982,1.8373536387562013,2.027618676333157,2.4809135465352377
2023-03-13 01:00:00,0.1,3.525619810854309,1.8672030125592223,3.308820012689889
2023-03-13 02:00:00,0.4852265671163152,1.7219130955017619,3.499851206656685,4.810479924251965
2023-03-13 03:00:00,1.5332423266567097,3.2488089610735353,1.842125872189127,2.497497372845981
2023-03-13 04:00:00,4.1982825647183954,2.009694919813211,0.6046950857100595,3.106670113666015
2023-03-13 05:00:00,2.853217163569287,5.650040250304151,1.219388063652656,4.858455425443152
2023-03-13 06:00:00,1.6257638834471733,2.368806235565547,3.308949804138157,3.8132664624843913
2023-03-13 07:00:00,0.5558196873258101,1.4417524383303184,3.7053194196681956,4.171432360064936
2023-03-13 08:00:00,8.783262747682885,15.183780833770268,11.575583493096135,8.347823026498558
2023-03-13 09:00:00,14.210720501657487,6.96459766656993,11.286677620612359,10.772301795194075
2023-03-13 10:00:00,19.58596803520625,12.747629266115393,4.341747619259113,7.489701499828117
2023-03-13 11:00:00,13.467237447568866,10.44929793808805,14.573465816198993,12.87909131301407
2023-03-13 12:00:00,5.3792572273584085,4.005252153149544,10.192612592511,16.312763311705673
2023-03-13 13:00:00,13.990542253059093,6.184008121836346,9.741166026533302,6.938089798694751
2023-03-13 14:00:00,8.966046329691205,7.751588419636073,11.172416894940882,11.737792039748554
2023-03-13 15:00:00,11.844210944660624,14.234887053989038,7.949545234525432,8.884740846441742
2023-03-13 16:00:00,11.701309280031214,12.473409263267865,8.971299473025033,10.740964391206882
2023-03-13 17:00:00,12.633826650487721,8.212306948956716,11.034821206790657,12.11822446911412
2023-03-13 18:00:00,3.582562541010568,3.476184125231707,3.6593443771816845,1.3571516764618228
2023-03-13 19:00:00,1.7736978264460124,2.082570745830379,3.2892509624478916,1.748891989189681
2023-03-13 20:00:00,1.5274255142511974,3.7461423400607807,5.076934327398538,1.3580757029081774
2023-03-13 21:00:00,3.2890401942382477,3.1483734745816525,3.719986459520463,2.893482433276819
2023-03-13 22:00:00,1.976972573614601,0.8177768204478548,5.27104797898938,5.1699362237005095
2023-03-13 23:00:00,2.7067712110989306,0.22550418003338812,3.3820694742297643,2.664206435195121
2023-03-14 00:00:00,4.105663814746571,3.7475440206431108,4.6500370728039515,4.0090737644606405
2023-03-14 01:00:00,3.0257134370023198,1.077648986954391,4.320589660431155,3.090761255729342
2023-03-14 02:00:00,2.4960966422575086,3.7166532277250863,2.583689946016597,3.8596300504231706
2023-03-14 03:00:00,5.053118900745327,2.2876165828696973,4.561279216861625,2.751188813645429
2023-03-14 04:00:00,2.2332164468257565,5.759197067504257,3.77778934035923,4.889986514480284
2023-03-14 05:00:00,5.666925866166308,1.373870792041195,0.1,5.931990666433402
2023-03-14 06:00:00,3.6816189871974077,8.260081743404466,1.9663459894283704,0.9141027836248234
2023-03-14 07:00:00,4.269654214268938,2.655212330018534,1.714872529831366,3.7068791733969184
2023-03-14 08:00:00,12.251069809126394,11.280657669108887,7.77827675521392,4.5727328011706225
2023-03-14 09:00:00,4.322049850450682,11.669727415276583,4.46028195328319,15.935453154544469
2023-03-14 10:00:00,14.391377792489259,9.152696664185406,11.64454919710136,4.913365265066086
2023-03-14 11:00:00,13.345268411932516,14.383659199269037,4.858044687106827,12.896455128735024
2023-03-14 12:00:00,10.627967326412236,17.739216501217292,11.359031668752628,9.006452283969068
2023-03-14 13:00:00,10.312341778003946,8.783772296669976,8.815827200925597,7.090392697724813
2023-03-14 14:00:00,6.543584454175898,8.974623490997038,8.861123335455446,12.807754285736692
2023-03-14 15:00:00,6.683257891653758,13.993250979556546,11.646582245704705,11.064548600736627
2023-03-14 16:00:00,5.664192893930933,13.153585343788468,11.80003838456407,9.902350119724668
2023-03-14 17:00:00,5.9654035356672495,11.272187685745529,8.733494056281543,10.00903878645791
2023-03-14 18:00:00,2.826125178820362,2.7128798062730666,3.3564656507062174,5.18111373916706
2023-03-14 19:00:00,3.2964595741603056,0.4538785773436129,4.245890801202689,2.766795196962915
2023-03-14 20:00:00,5.7676270573045825,2.1295750042189026,4.54817944142593,0.5617425908190574
2023-03-14 21:00:00,2.220446078403353,3.995101709419167,2.446943938892169,3.3015000196020465
2023-03-14 22:00:00,3.87090041174774,6.296663952991965,5.290675261263676,3.52511846646132
2023-03-14 23:00:00,4.928628879571234,2.660319338577523,3.726046237502968,4.179785580207847
2023-03-15 00:00:00,1.7497497927443513,2.4463534580362847,2.6018863140727935,1.836782308577321
2023-03-15 01:00:00,1.9254265859067963,1.1004467855239701,2.0754152086256124,0.9328155890320136
2023-03-15 02:00:00,3.5635658437498936,5.734938527094139,2.038275733799887,5.483568802590795
2023-03-15 03:00:00,3.7223332743837063,3.669876938333447,2.618935768653725,5.24878140121773
2023-03-15 04:00:00,3.1003485917416937,2.63011256099376,3.9815168126887333,4.2002101356430135
2023-03-15 05:00:00,4.518839252223746,0.1,0.7611454824352144,1.5834134575704641
2023-03-15 06:00:00,2.550380872550673,0.6923253911008826,2.761054082742577,3.4164444787423665
2023-03-15 07:00:00,3.9510519651250435,2.6329188703975848,2.7024537175157333,2.793682777284289
2023-03-15 08:00:00,11.298174642524422,8.53780577585928,9.334870674239685,7.5219510654005814
2023-03-15 09:00:00,10.073409537539762,10.763758294961296,17.78506910938646,8.13847436086227
2023-03-15 10:00:00,15.020305318982096,9.176669101417428,7.7921244075575515,7.424028190654218
2023-03-15 11:00:00,13.973246379630535,8.03933600069148,4.706433502938095,9.911056577601641
2023-03-15 12:00:00,8.294017314469748,7.1473103969067555,10.382143354802992,10.50370098135657
2023-03-15 13:00:00,8.018795419279838,11.120828781382802,15.040884213611884,7.461190897781881
2023-03-15 14:00:00,8.64551110359209,10.821678664291605,11.127625604819295,9.747997981385884
2023-03-15 15:00:00,12.823509443242408,10.057065248676123,12.643794678574048,10.622266473418648
2023-03-15 16:00:00,2.961164843718784,7.691200939338131,11.219591392020524,10.237618056536549
2023-03-15 17:00:00,9.498578975270998,11.482723439477727,9.455571364262807,9.256340767640165
2023-03-15 18:00:00,4.933457709865597,2.113321558840825,5.52108737331195,3.1012958417231147
2023-03-15 19:00:00,2.7872788561450936,1.87218436813952,5.864154961628385,3.26828705962774
2023-03-15 20:00:00,6.834232746779164,2.06028369416988,1.584565299564978,4.070559236494815
2023-03-15 21:00:00,4.510809350543953,3.358612768286235,4.494596327543609,3.351801295749641
2023-03-15 22:00:00,3.9235419078942124,2.687536802158717,4.022733159220299,4.266577944663142
2023-03-15 23:00:00,1.4229576741497674,2.493634759191722,1.849872455193025,2.6264843272129608
2023-03-16 00:00:00,5.059912724912092,2.0425447181620155,3.496667528753909,1.481343320293563
2023-03-16 01:00:00,2.776565142631414,2.5537815978082827,1.2533172529880334,2.3716430079746638
2023-03-16 02:00:00,4.09597383151822,3.688395495747417,1.06104652124154,2.2867365165767883
2023-03-16 03:00:00,0.1,2.8542977789384865,0.1,1.9826466531031979
2023-03-16 04:00:00,4.687704058138641,5.078228819510158,4.1986144721913305,4.489804694219756
2023-03-16 05:00:00,2.3246002358603253,3.7898477796447714,3.041998886752591,2.1928274276978836
2023-03-16 06:00:00,2.1690572113042195,0.8556511285332817,2.955199685088937,2.5446407358699092
2023-03-16 07:00:00,1.7029624325086303,1.3176030661238942,3.1107600921539933,2.7168630460534917
2023-03-16 08:00:00,16.139557191787688,4.014826386855027,9.46930270987931,11.70727579555941
2023-03-16 09:00:00,12.377634881907909,7.723431764523879,10.049796586563547,6.999931972117933
2023-03-16 10:00:00,13.623460097667328,9.282222792317151,10.34079406074296,6.943523358752126
2023-03-16 11:00:00,14.765643510099267,9.422660581888632,10.619178449127443,12.806634180853194
2023-03-16 12:00:00,7.705312363695825,15.425895452891101,14.528112099295004,3.5042653590867827
2023-03-16 13:00:00,7.065963378424928,5.81187076156401,6.20392494216832,6.7462878150859975
2023-03-16 14:00:00,6.217328836045704,12.028288034580243,11.666256817973544,11.969055801578254
2023-03-16 15:00:00,13.963237769543635,13.33365307129228,10.924974956576687,7.806644030333561
2023-03-16 16:00:00,10.198026035584565,10.99945128385844,9.95889060940086,15.805627720140443
2023-03-16 17:00:00,8.498209351462583,7.96378645034854,7.970299216705897,3.409286288299878
2023-03-16 18:00:00,1.2863581598367482,2.407157192727781,2.7142483140325293,5.324775208937718
2023-03-16 19:00:00,0.1,4.038852312871845,4.445502571813222,5.6162623048160425
2023-03-16 20:00:00,2.7051061579715805,3.545906036394526,2.194074559424185,2.7953158788532537
2023-03-16 21:00:00,4.3041736183285435,4.206832120428326,3.345213987062819,3.1286790399543007
2023-03-16 22:00:00,3.1786334783248154,3.824631436307018,1.2283517135524673,2.0917455340222944
2023-03-16 23:00:00,5.683562935290085,4.585194847127051,1.9707638501780798,2.128146054774168
2023-03-17 00:00:00,5.205590953279971,1.5360031881227487,2.3111236013246734,4.521160185773622
2023-03-17 01:00:00,2.385655959956867,2.9437353832894795,3.2478163094860655,1.159278622442007
2023-03-17 02:00:00,3.6104727443369793,3.515352477761434,2.1118100540673916,6.7659811963923975
2023-03-17 03:00:00,2.903219222838235,1.1059037165446735,3.68202045408175,5.516688238359454
2023-03-17 04:00:00,0.9111232368282871,3.8513125334411713,2.512417573643904,1.7708181328532937
2023-03-17 05:00:00,1.3140991424159645,3.954531743110342,2.699618696012504,1.9551660952233645
2023-03-17 06:00:00,1.9345344872128272,0.525786797023942,3.9694495619014947,1.9235041935880377
2023-03-17 07:00:00,2.364409674852781,3.130510381961027,4.003798900278262,3.1828144961869453
2023-03-17 08:00:00,8.44294875267442,12.79726283586112,5.312763604034043,10.649599303419434
2023-03-17 09:00:00,14.375521046353688,13.488143334292287,6.588169984296165,6.832113091807226
2023-03-17 10:00:00,11.443613140561874,9.724359675885964,9.459302109112121,10.782545431875734
2023-03-17 11:00:00,9.784802245981183,8.761851991594312,14.133353446141815,6.4181278658453635
2023-03-17 12:00:00,11.545127952390029,5.972984207962069,12.701432824309148,13.458015436990248
2023-03-17 13:00:00,7.077331289729481,8.986954223395799,7.063695745505381,18.463296043155545
2023-03-17 14:00:00,11.907319697669134,8.654429880747642,4.716366579783369,12.371087615734497
2023-03-17 15:00:00,6.30485285640759,6.161936776351508,9.049761921846482,4.874734032428863
2023-03-17 16:00:00,8.621559387167121,6.036204990660494,12.732274292380907,10.98563684231869
2023-03-17 17:00:00,6.844710939372462,9.208462138147162,10.733438861560295,13.578748776209883
2023-03-17 18:00:00,1.2266047783036518,2.196008535414151,3.1509349498720707,3.6786780249761657
2023-03-17 19:00:00,3.0355673796760554,3.879380065539774,1.3982360327773362,2.0538979738943866
2023-03-17 20:00:00,3.76863701747647,2.7154445602024624,5.677687814146029,3.698731401892867
2023-03-17 21:00:00,4.613325055459496,0.1,3.4488783748434844,2.607122474692735
2023-03-17 22:00:00,3.277087415406748,1.5532707267292116,3.2633291105949462,1.5645926797255347
2023-03-17 23:00:00,3.941138471594001,3.513211165196849,4.548591006422543,4.805999043984618
2023-03-18 00:00:00,2.0823353719330786,2.8255678888630844,1.5913686131731852,2.0159905008211028
2023-03-18 01:00:00,6.640181776410282,4.1285388027600405,4.961031952378542,2.209642694604815
2023-03-18 02:00:00,1.9220226925306694,3.9100409576187527,2.1394030137603015,2.2823356286416385
2023-03-18 03:00:00,3.4721856876739032,2.504172265559297,0.9531722731398031,3.7236952308839175
2023-03-18 04:00:00,0.7934112238051316,4.142295789335517,0.1,2.731696700863483
2023-03-18 05:00:00,3.4927295513021632,1.8312912143100684,1.9084828495865298,2.307361205501924
2023-03-18 06:00:00,3.02132595925458,2.9638051812840924,2.884618114266209,2.6371817288068615
2023-03-18 07:00:00,5.26091984086549,4.430268346999171,5.201217420885323,1.1693310086389626
2023-03-18 08:00:00,3.6737729662273795,2.8372152090399605,4.000289680713337,0.1
2023-03-18 09:00:00,2.0914731651902727,3.252269427961635,4.346900351204836,1.2689119691275272
2023-03-18 10:00:00,2.479071413575461,4.8043559356893955,6.187232293957569,1.214028271717973
2023-03-18 11:00:00,3.4967888959972084,3.9593584336717687,4.174995504258339,3.5043466076928294
2023-03-18 12:00:00,1.8626540938564498,3.7345684093775704,5.319767515743766,0.5691055624673078
2023-03-18 13:00:00,4.101238093231904,1.2964803607248605,2.732894024311508,0.28063627054429485
2023-03-18 14:00:00,3.9457797412508993,2.8895352648111823,5.191507196968575,0.1
2023-03-18 15:00:00,4.403774141224207,1.9577348142693252,3.912026526329498,1.6414091956665422
2023-03-18 16:00:00,1.55941752903103,4.852478626311984,2.470882953872583,1.9896034774987827
2023-03-18 17:00:00,4.102416722071,0.9997659800312642,0.5073158504221507,1.0935543330408006
2023-03-18 18:00:00,2.8739883110392457,2.754830109839828,4.364248161675292,2.4610532849816376
2023-03-18 19:00:00,0.12479023370105358,4.009371050017515,2.9200645459377492,4.770040868470248
2023-03-18 20:00:00,6.044058275291087,3.395627723819254,3.935536546995181,3.6748993020155756
2023-03-18 21:00:00,0.1,4.028654116987596,3.5573335958214933,3.9173448076503687
2023-03-18 22:00:00,2.7716655706347475,2.0998451931635684,2.6782974359179725,2.202069015550804
2023-03-18 23:00:00,4.462469306462449,2.267410844074574,3.2624316433658436,1.448647857022204
2023-03-19 00:00:00,2.2890286968749978,5.253018737828906,1.3761641535593525,0.1
2023-03-19 01:00:00,3.891991666486935,3.21081296509789,3.048763118699097,1.8011175713768175
2023-03-19 02:00:00,3.644740214653916,2.907151461914261,3.243595991196798,1.5219434255463142
2023-03-19 03:00:00,0.6879245179696585,2.412227138528265,3.4050658035857584,2.031860317155153
2023-03-19 04:00:00,5.064529965485171,4.197498289749002,3.5624382274987174,0.515133818254494
2023-03-19 05:00:00,2.3539816375546607,5.474844786379813,1.9234407841454972,0.672940600947106
2023-03-19 06:00:00,0.5021052926221077,3.9032271807014873,3.8004315469911525,2.2943845419545066
2023-03-19 07:00:00,3.3721196318809867,2.4265562309697373,3.2334242922600236,5.731691320465435
2023-03-19 08:00:00,5.176733354400561,0.7234842723669819,4.151405004268682,2.354814356948361
2023-03-19 09:00:00,0.1,3.172221816557378,4.499525496651785,3.994790951944024
2023-03-19 10:00:00,5.593372351811131,3.5186847107219816,4.115030143766628,2.8011156515646927
2023-03-19 11:00:00,0.6851844982786943,2.2390673610720047,4.4015481205604825,1.875291562897194
2023-03-19 12:00:00,3.4027647720312055,2.896215952991525,2.121022475191009,3.8559486321381287
2023-03-19 13:00:00,5.202804041348463,2.54032438322845,1.6703299613933824,4.950362097669412
2023-03-19 14:00:00,0.48074741972231605,3.988164707493306,3.7131682678174296,3.3127462928187974
2023-03-19 15:00:00,2.4720689121527633,2.8008883123922046,2.366131227156439,4.638631727212889
2023-03-19 16:00:00,5.541999085330237,1.2185861904983468,0.9602917906894612,2.705961138061909
2023-03-19 17:00:00,4.344353451844004,3.52957829672238,1.6713701262574376,3.993888611427761
2023-03-19 18:00:00,1.78598252584538,1.3554846896355737,3.460691260755181,4.582587660883151
2023-03-19 19:00:00,2.1856444135248014,2.61338621212434,6.890015046386527,5.900494910535777
2023-03-19 20:00:00,3.083895336534997,1.4678756707790237,3.705643836242597,4.202188869879386
2023-03-19 21:00:00,2.90255635782611,4.313225850191307,0.1,3.6517044264230694
2023-03-19 22:00:00,3.056204057427283,3.902775541632403,3.937390413045791,2.5005876630102497
2023-03-19 23:00:00,1.8375968173039205,1.4555727750668197,2.6529602547321245,3.614646982578204
2023-03-20 00:00:00,3.9490297021970084,4.240394186020925,2.2981577914571627,3.2829903347746696
2023-03-20 01:00:00,1.753399832394644,3.569001380857374,2.7594927172699504,1.901212748215901
2023-03-20 02:00:00,2.3874238436069266,2.9482211633423034,2.7997719872293145,1.0075900661541732
2023-03-20 03:00:00,4.184660903974683,5.702041748692169,1.105223650201033,0.973181014042638
2023-03-20 04:00:00,3.5800027416540297,1.845229426991411,5.270669401821621,1.7016609560766036
2023-03-20 05:00:00,2.52801712367017,0.8282749284650848,2.999332969698578,2.7980761983257323
2023-03-20 06:00:00,4.289500685090605,3.8799816366706095,1.3581595387557446,3.7272012233400162
2023-03-20 07:00:00,2.8116984150152877,2.743580460041744,4.3499334137825185,4.0613513618540535
2023-03-20 08:00:00,5.566666977538896,8.05319539521807,9.292511769519905,12.235926921759464
2023-03-20 09:00:00,13.559110195443344,13.004631623283103,12.751218171217594,10.230905410068798
2023-03-20 10:00:00,11.227691191567196,10.126918268286577,8.48023481834246,3.0518751613879544
2023-03-20 11:00:00,14.957245262516384,8.619506125770917,10.897823955642666,13.220068799680616
2023-03-20 12:00:00,7.099681142283355,7.177792305123821,8.861312730097666,6.330103575350415
2023-03-20 13:00:00,6.347237504920151,8.80390399933888,5.915650749216579,11.789018615867755
2023-03-20 14:00:00,7.305364624900721,8.849842313136872,11.302663845404858,9.450108302824937
2023-03-20 15:00:00,8.470137359769907,14.028742863367551,9.243971488487883,8.225912422401013
2023-03-20 16:00:00,8.373818276222048,11.297103347230717,9.846356247085756,15.566403768217182
2023-03-20 17:00:00,9.2659803907419,3.01646465922072,2.7696773671074606,13.203689809072783
2023-03-20 18:00:00,2.3690089923846163,0.1,4.35591334317038,6.603274088294068
2023-03-20 19:00:00,1.6623832919487067,2.4513050284114106,4.978840184815581,3.8520827507854642
2023-03-20 20:00:00,1.7849860008076408,5.318177166992844,3.151231141349061,3.323454806652952
2023-03-20 21:00:00,3.974134630638891,4.241527484137091,0.43175452713326656,5.52780876706708
2023-03-20 22:00:00,4.3061032066306755,2.9970485114744685,6.584248414456447,2.1054147717398575
2023-03-20 23:00:00,1.050500257071158,1.707087932825028,2.8329717177933347,2.4303111249628744
2023-03-21 00:00:00,1.6432890507842117,2.6108509591760103,3.2168979144725975,4.803391980086909
2023-03-21 01:00:00,2.1810904667635302,3.3511956167001546,3.4996857746909136,4.477884231476041
2023-03-21 02:00:00,2.05209845030095,3.099850051805582,2.8002134741206834,2.5669716167681003
2023-03-21 03:00:00,2.6324986827122228,3.358461048900929,0.1,6.290877044116931
2023-03-21 04:00:00,3.3094508096803184,3.189563536695864,1.2830229642096165,3.654501861336996
2023-03-21 05:00:00,1.3077735343593895,0.1,1.408468913895169,2.1884294748902198
2023-03-21 06:00:00,3.457971879824307,3.2080698897572457,6.949422478793767,3.7146119442056453
2023-03-21 07:00:00,3.3223976413919165,1.581872805846866,1.0778790665745528,0.8096944829673651
2023-03-21 08:00:00,12.251569620990026,8.034375759168274,8.927035776098394,9.324056042977475
2023-03-21 09:00:00,9.684680286933922,8.15720776681332,8.248772393973608,7.047960365053054
2023-03-21 10:00:00,5.191727691666335,11.413526293695863,12.945736221108124,4.432559253240709
2023-03-21 11:00:00,16.465594643925563,6.976654409983295,4.730059280917431,11.274136314930123
2023-03-21 12:00:00,5.685232419723696,12.439217299187028,5.600277826334897,10.382517961960426
2023-03-21 13:00:00,16.015415571356606,16.41896216925373,9.559257218122411,8.315492253257087
2023-03-21 14:00:00,9.437143041543875,11.945524576651675,16.72526623995015,11.705673842579134
2023-03-21 15:00:00,7.936851504043263,11.436476795761156,10.892663681654794,7.892759928013715
2023-03-21 16:00:00,11.477897264444888,13.950147371379778,8.555171567261217,10.293479521205182
2023-03-21 17:00:00,11.564112520269727,8.69389636177859,10.690186092361023,10.834561608513464
2023-03-21 18:00:00,3.1577350088948033,2.375657861759568,3.816814509814241,2.8604038553476028
2023-03-21 19:00:00,3.796564686271962,1.2622664794385023,3.2697608894358834,4.218969603677743
2023-03-21 20:00:00,4.518726708038031,2.1018951960122876,3.2536660674726825,3.898998195169676
2023-03-21 21:00:00,2.370427634256484,3.2667445227940006,0.1,6.075016895728072
2023-03-21 22:00:00,1.5460019578191047,2.483028018139696,0.685190278337251,2.9193105248592737
2023-03-21 23:00:00,4.717825289338024,1.6923879329112987,2.454231456414061,3.4360272188721703
2023-03-22 00:00:00,0.10967822196970856,1.4646751396856343,2.6288014906753103,2.5614567232214274
2023-03-22 01:00:00,3.804067207899611,1.2193675159206345,4.815504298605802,2.9099839583076736
2023-03-22 02:00:00,3.753799753475152,0.542383157285037,2.5804623633068324,1.7433434959936707
2023-03-22 03:00:00,1.9467657739304778,0.962272413181124,2.065616975218388,4.386535108810209
2023-03-22 04:00:00,2.2497081769251173,4.465046874508995,0.1,2.0351204038829436
2023-03-22 05:00:00,3.3063444993379782,3.130174529354092,4.702098972086063,2.6830812758027482
2023-03-22 06:00:00,3.5219317772669028,4.706213235528438,0.8541648996103346,4.708420184584642
2023-03-22 07:00:00,2.0791307552044316,4.680347070654022,2.382426665993217,4.13161214955359
2023-03-22 08:00:00,10.011728366170775,8.794995093551922,8.314861451160866,8.179479857140278
2023-03-22 09:00:00,6.4338354033927425,8.662394871182112,5.497584999320423,10.698889952829836
2023-03-22 10:00:00,6.474130248226499,8.371282306984527,7.687034145303789,7.777753061123812
2023-03-22 11:00:00,10.961498073621236,10.703559338657616,9.692012548683733,3.8580135975839234
2023-03-22 12:00:00,10.515605314657348,16.465095733366734,12.73900182009847,7.426335696004393
2023-03-22 13:00:00,9.993997425768459,8.873037281773643,10.939364300523202,12.924515196474792
2023-03-22 14:00:00,10.317563821086509,10.536683371079777,13.804467072703364,14.398146900564306
2023-03-22 15:00:00,6.796949099840579,12.139943380086248,15.457753560730367,9.55681547241142
2023-03-22 16:00:00,12.033300138292022,8.533189394133673,9.837563160592744,12.300044583492975
2023-03-22 17:00:00,12.992926599204862,10.235303211218692,12.39044764276944,12.737952894371684
2023-03-22 18:00:00,1.27770212602716,1.582401138959563,4.315499733481949,3.1218666752947524
2023-03-22 19:00:00,1.4542132780863124,2.862958865506564,5.095935894669164,0.5029059473537485
2023-03-22 20:00:00,0.5785350052301874,2.7088326450970013,3.3995371086111685,1.8027972004404402
2023-03-22 21:00:00,2.0655744383596004,5.750054245010577,4.138829946526101,5.575437775879804
2023-03-22 22:00:00,1.547332645923273,3.025209189317776,4.136598370870752,1.1005975387763651
2023-03-22 23:00:00,3.5618631079233136,3.591673294563967,1.8475251100793206,5.1513799844195
2023-03-23 00:00:00,0.1948344612407218,4.784461238566368,2.3839264258518904,2.7885202024722617
2023-03-23 01:00:00,2.413417807891289,0.5137395378603866,2.2137269766800456,3.3756983382510706
2023-03-23 02:00:00,4.806479192532566,2.7881840075232622,3.161743249648195,4.247179654940392
2023-03-23 03:00:00,2.5840075492480006,3.166342176517735,2.822215250755466,2.7640192511576207
2023-03-23 04:00:00,4.073880397822881,4.955226903729701,5.601944474296082,2.483422868554573
2023-03-23 05:00:00,3.300815223588397,3.930282673265262,5.075685229938204,1.8913481612970104
2023-03-23 06:00:00,4.199766767369234,4.528556963619996,2.4605992727658252,3.0338292357660848
2023-03-23 07:00:00,3.406313828772044,4.273304127801986,1.6673356016575593,4.682665718729073
2023-03-23 08:00:00,8.756297971114975,6.571843252046505,11.64874484604855,10.279455421283286
2023-03-23 09:00:00,1.4116852814162115,13.021517060888705,11.370838323353535,8.038573258199602
2023-03-23 10:00:00,5.761190452445162,12.644859352641244,8.944705502679563,11.787497816120457
2023-03-23 11:00:00,11.978951070986035,13.157446582936029,3.6454419264414177,6.211592681202668
2023-03-23 12:00:00,11.248829200396695,10.03680092866379,13.226825440687978,4.235972284554679
2023-03-23 13:00:00,11.260050672363072,11.97286186863137,8.753413206197076,8.240000978951976
2023-03-23 14:00:00,13.694239398984877,15.77474392168207,6.969463920304615,7.4620377264572175
2023-03-23 15:00:00,10.382035418104913,11.68607840753124,12.52346094234348,11.331971405656885
2023-03-23 16:00:00,11.666298386533235,15.5465877793478,11.410140515333932,2.90901804656386
2023-03-23 17:00:00,6.348473227742694,13.095730313455245,9.615428487683078,11.50319249826522
2023-03-23 18:00:00,3.976844850707289,1.6017669840802982,4.233930369358298,3.6344051389282024
2023-03-23 19:00:00,3.229224387727993,2.451693836896279,2.5467167345263575,4.631651803510435
2023-03-23 20:00:00,3.928118280396582,4.217356180194609,4.78434773594425,0.669070270556066
2023-03-23 21:00:00,3.2100376380916495,2.9113013028466965,3.29150666114697,4.0306132957835
2023-03-23 22:00:00,1.6548871125100104,3.9292622735500626,3.0466664070231415,4.452850413238457
2023-03-23 23:00:00,0.9712829083259171,5.476618083451868,3.2647242492225446,1.2891426975930758
2023-03-24 00:00:00,4.188938177214778,5.360855447605626,3.9651786627978645,3.510622885440715
2023-03-24 01:00:00,0.1,3.4319860606610897,5.1219971714189,2.4010577054477196
2023-03-24 02:00:00,3.5475357234910163,4.953422140518631,5.98018696965427,3.4581470075530993
2023-03-24 03:00:00,4.074503979091267,1.3327655332698605,3.418130443249475,1.5856593382601003
2023-03-24 04:00:00,1.0449556483223588,2.6615377998402314,2.5339240868458344,3.61076913442194
2023-03-24 05:00:00,1.949711629890679,2.2548648242660807,3.7610246180490554,1.9138134515029597
2023-03-24 06:00:00,3.7351345517262105,2.186253328030164,0.6506397623486309,4.814477093887656
2023-03-24 07:00:00,1.2063786109295527,0.5620805056716227,4.259482715990352,0.1
2023-03-24 08:00:00,9.984484071042685,12.639144578508672,11.509811758134166,12.133251373731806
2023-03-24 09:00:00,7.133989799383804,5.8842178801680465,9.561433427687897,9.36688249146537
2023-03-24 10:00:00,9.435578804734218,11.108186102273647,8.689762250978657,8.367651929489028
2023-03-24 11:00:00,8.278153166822763,9.682974396072204,8.860315224820186,13.753181320814647
2023-03-24 12:00:00,10.38133179823112,6.015019597080063,11.33409542157389,12.124260466278814
2023-03-24 13:00:00,6.945839169694107,7.715219708135066,4.226229148425471,9.700273327765993
2023-03-24 14:00:00,7.59127222383977,9.295030426920405,9.026882712645342,11.559732905477707
2023-03-24 15:00:00,7.604949226817769,18.303398614352677,9.394621821935615,6.57661099655549
2023-03-24 16:00:00,5.737980114469104,5.515860242118757,6.055387273267486,8.215775801014193
2023-03-24 17:00:00,7.910174892962181,11.385363524117988,10.22261392161026,12.950434892586129
2023-03-24 18:00:00,0.4485999848826281,5.199190390524716,2.862592374748155,2.0191020338997214
2023-03-24 19:00:00,2.897615277671451,2.137276094239952,0.1,3.217312654144803
2023-03-24 20:00:00,5.954843153374917,3.3799567660394,4.947078351706729,2.1261910227251692
2023-03-24 21:00:00,1.8749701953201554,2.214531012280958,1.597175233713404,3.262513268148045
2023-03-24 22:00:00,0.599897277022365,3.9770718660512423,0.5945585004390312,6.206802625666913
2023-03-24 23:00:00,3.3454001632212327,4.544585045580508,1.544863279134033,1.3917883417151806
2023-03-25 00:00:00,3.0700853092630496,1.4789834688245116,3.932262524393046,2.057079746138622
2023-03-25 01:00:00,2.443895421800377,4.5719233045361225,1.7499338069303674,1.9951947638458045
2023-03-25 02:00:00,1.53941690291003,2.322539629401115,6.399846262944447,2.422448708874752
2023-03-25 03:00:00,3.249594021375566,1.2714630203844122,2.5186721496592344,2.702067145115606
2023-03-25 04:00:00,2.2273151510030487,1.2842516833195954,1.3135211417145514,0.35083002802531693
2023-03-25 05:00:00,2.2814398405109464,1.5576727852649515,0.440989067775833,5.042057440255417
2023-03-25 06:00:00,3.329948492696462,3.070514255059929,4.175204931556273,2.2296504076819987
2023-03-25 07:00:00,6.0836509344239875,4.92106355129808,0.5902564082413768,6.488218636353457
2023-03-25 08:00:00,4.8005231770738614,2.8574094634287603,1.2375409355540528,0.1
2023-03-25 09:00:00,1.552760591295489,1.4887140248785,0.1,1.6311276137383386
2023-03-25 10:00:00,4.405789228665953,3.2370771335752453,3.765235474837014,0.1
2023-03-25 11:00:00,3.9779369123990427,3.6016028193603695,4.376431820943523,2.3900975684533017
2023-03-25 12:00:00,0.4432723530238518,1.371272186585865,4.049385533009376,4.182685414863487
2023-03-25 13:00:00,3.314217479609469,4.78488950691494,3.7958637248891955,3.9945615811573347
2023-03-25 14:00:00,0.1,4.7119011448176025,1.5589292598791733,3.110406579809147
2023-03-25 15:00:00,2.10926897372154,4.328787774680591,1.9330194138869,2.2758146296087967
2023-03-25 16:00:00,3.0081665263286483,2.417328366781336,1.6747819786754912,1.3022048413402392
2023-03-25 17:00:00,3.3017129718861216,2.2466875792570136,1.7145886087419278,1.8730250363893401
2023-03-25 18:00:00,3.509583136321323,2.628110520929938,1.1739587049115379,3.4199576566689327
2023-03-25 19:00:00,3.728967530050707,3.5307326221359876,3.06632518509013,2.3614379376795527
2023-03-25 20:00:00,1.1931207300895628,2.0869232272393594,1.278686737227023,2.151652683349904
2023-03-25 21:00:00,1.796772688908001,1.8066376086232032,1.987790011691625,2.0134520845414325
2023-03-25 22:00:00,4.256059420686509,0.6876646049534916,3.6082726174580486,2.283377153342575
2023-03-25 23:00:00,2.4482836363636755,0.1,2.972407332864576,3.9712356547005885
2023-03-26 00:00:00,2.485391652126202,0.1,5.0786597966579095,1.4899343554998858
2023-03-26 01:00:00,2.9879115597155663,3.852763503397571,4.733748733129244,4.374138054606384
2023-03-26 02:00:00,3.3777370900620647,2.4367671455650832,5.9763421896317155,2.502679862146766
2023-03-26 03:00:00,5.113709382549228,2.2154866951447927,3.631713347288453,4.578607866598508
2023-03-26 04:00:00,3.7289975507216555,4.4321873333671915,1.1378669389697502,3.299194215117655
2023-03-26 05:00:00,3.0323094899259755,5.337606374259723,0.1,2.9519222319151064
2023-03-26 06:00:00,2.5175857400825263,2.8166607590823767,0.3895148825254049,3.0480148391252904
2023-03-26 07:00:00,3.9890104039825354,5.249199232869971,4.253006668087376,2.312664219167371
2023-03-26 08:00:00,2.7742504673792516,3.4164723504571324,1.8686724083024393,1.329965270924403
2023-03-26 09:00:00,2.539960075959773,1.8198223946927574,2.0227307317051944,2.7223114098464882
2023-03-26 10:00:00,3.4336080569630423,1.9142004221610427,2.242303311914984,3.8942531007814556
2023-03-26 11:00:00,4.179436325467217,5.192372928396544,3.176197756602527,3.9404100247006943
2023-03-26 12:00:00,1.525609138838305,5.38613274203855,4.447400895669149,2.1828015808080288
2023-03-26 13:00:00,2.7958952133703896,3.945454720049465,2.8565955999146047,4.865101871726152
2023-03-26 14:00:00,2.7204328135397846,2.8515509686353564,0.8503146143030795,4.297126387670021
2023-03-26 15:00:00,3.5816247173453912,2.0686537355268855,2.252919076474782,4.006185573586611
2023-03-26 16:00:00,3.554997278968158,4.014752601308077,1.181136896890377,1.8857240057645877
2023-03-26 17:00:00,2.163667200465484,4.982373910108497,2.3236315432818104,2.9453545736895776
2023-03-26 18:00:00,1.0686631409468272,5.082427066826469,1.766044274758232,2.485402484843112
2023-03-26 19:00:00,0.8454020753957381,1.5931071775619041,6.384521277738859,3.6745587969494
2023-03-26 20:00:00,4.092314719082542,4.310361962895878,4.116155783282377,4.904752820513336
2023-03-26 21:00:00,1.028332147439237,5.0243376439283765,2.9577728576776554,1.8039262937127292
2023-03-26 22:00:00,4.853963940987246,3.035059075482076,0.9893062493429285,3.3479461279407197
2023-03-26 23:00:00,6.1327857968700155,2.2681256890179413,1.9377854513914654,4.327547024627199
2023-03-27 00:00:00,3.9222306140281686,3.76428282436454,1.5303925768979343,4.24740011987902
2023-03-27 01:00:00,0.2843356163666284,3.6693929197075974,3.727036863906371,2.5405387927263954
2023-03-27 02:00:00,2.538875403981689,2.7243856359201155,1.6029333381311393,2.5610466725034904
2023-03-27 03:00:00,6.107723130603391,4.387855763854175,3.439054122728921,4.285316332259102
2023-03-27 04:00:00,1.8371963239153288,4.2567655835168425,2.5667952920796613,0.812085553110288
2023-03-27 05:00:00,1.258300186467133,2.1585342238163028,4.6287983894233315,2.961795695154158
2023-03-27 06:00:00,3.82432245476447,3.027641272441814,1.6099392758575168,2.712034152034988
2023-03-27 07:00:00,5.33009981614431,3.4329537716707024,2.2023202564463507,5.3256669814228115
2023-03-27 08:00:00,4.841354901923852,9.592531596458695,8.284023801646569,12.774734843555903
2023-03-27 09:00:00,8.047182317013634,15.528483935158636,7.9719667331409845,17.439501691817597
2023-03-27 10:00:00,12.204716799511045,14.469204983558946,11.236538188329714,11.506440698770456
2023-03-27 11:00:00,8.257037435038132,8.810092799974765,5.7650977681346065,8.617404736583284
2023-03-27 12:00:00,7.441146819003883,9.332348503316698,11.160801693472033,12.281727462593947
2023-03-27 13:00:00,10.204367905945956,11.203599791167957,11.583999338874637,7.154141539164788
2023-03-27 14:00:00,14.910382746251036,14.827092398079618,7.8698813867268385,5.324392838372426
2023-03-27 15:00:00,10.99242225319619,12.777408729333613,9.73096715638498,6.697330883263761
2023-03-27 16:00:00,9.457703464126471,8.271592145194695,5.014101568411267,10.202936687716548
2023-03-27 17:00:00,12.916386599216938,9.078757065466124,14.582595940120424,9.589154276015792
2023-03-27 18:00:00,4.976352810144329,1.671602649515389,3.885245566536618,2.157697842648261
2023-03-27 19:00:00,3.167427985230553,5.268890457913064,4.750903288230886,2.811365534611977
2023-03-27 20:00:00,6.889114338141398,5.089384385249341,2.505365753968944,5.966408447592931
2023-03-27 21:00:00,2.158099459415847,1.9479688330009153,2.370515885198655,4.936698811832341
2023-03-27 22:00:00,2.6779883151774597,3.0939750443722818,4.510669099964067,1.7405648909008615
2023-03-27 23:00:00,0.5224154867812576,3.3759292867570694,3.5766524623980676,1.4892696703122545
2023-03-28 00:00:00,3.1298912499602727,4.336930072412002,2.425380374137884,4.166694768663018
2023-03-28 01:00:00,2.5556504862072713,4.130506337721107,5.36752399704162,2.87930665383198
2023-03-28 02:00:00,0.1,4.600147034404696,2.643488301594986,0.5747770671072794
2023-03-28 03:00:00,1.948535270600899,1.7450799025668304,2.9328020740762777,5.208484391878796
2023-03-28 04:00:00,3.0675725026594205,2.7775465849844263,1.4163118131111778,2.537431169753895
2023-03-28 05:00:00,0.5650823747411295,3.7411754872009673,3.60174383354358,6.039026778743399
2023-03-28 06:00:00,3.34342263753922,3.0948539078260873,3.5723039023918313,2.933508621938877
2023-03-28 07:00:00,3.0670892178505778,1.892759222738069,0.6064567876023337,4.4858472728289644
2023-03-28 08:00:00,6.1037841547899525,6.27781533704731,10.967541300620004,13.056717440562625
2023-03-28 09:00:00,11.731569394930863,11.48048641542646,12.932800631242005,14.522599333608538
2023-03-28 10:00:00,10.440475671812457,8.795791784418245,10.294223961096419,10.028383921081842
2023-03-28 11:00:00,6.941871048492033,12.53266639300067,12.707045849247788,10.68713604411029
2023-03-28 12:00:00,8.774163815437383,4.990148453141319,7.883276360216138,9.346785928522854
2023-03-28 13:00:00,10.666407591651813,5.238689023417074,11.955522361611049,10.902595947911097
2023-03-28 14:00:00,5.458943974497145,10.228236233509943,13.207989486038413,12.484895954371833
2023-03-28 15:00:00,9.753062500275972,6.60419828647389,9.898654206275204,9.595267620864517
2023-03-28 16:00:00,6.215747712248918,9.98430110120065,5.106092075479489,15.138250448817743
2023-03-28 17:00:00,10.51748006040452,12.852309032169476,11.124766441171719,11.30174278730729
2023-03-28 18:00:00,2.6735489191635513,3.4097654158517976,6.301615207395589,1.427663415492443
2023-03-28 19:00:00,2.6619603996600825,2.32488547851324,3.247953802707718,2.8908470620647253
2023-03-28 20:00:00,2.1279225660627086,4.604901801385481,6.702822920790552,0.1
2023-03-28 21:00:00,3.1824111037126848,3.4870081506463997,3.7222311526299565,2.2616706696007713
2023-03-28 22:00:00,1.4764890161661763,5.124949152439859,3.6547893470274695,5.912657623896064
2023-03-28 23:00:00,4.394777048721864,5.8669414861770655,3.4302498309680454,2.940963681226783
2023-03-29 00:00:00,6.34798313727422,0.6626746984154517,1.3696036493898083,3.3202858443960293
2023-03-29 01:00:00,5.876962064937166,4.593458123246621,5.11468613703416,2.3836504709261845
2023-03-29 02:00:00,3.097784260897253,1.5015327661734648,3.879575801037631,3.383302217413669
2023-03-29 03:00:00,3.0225794127142547,1.1151099411329826,3.508772670034503,2.343944569452602
2023-03-29 04:00:00,0.6512521868651864,4.9004857725062285,2.735121305244368,2.9181609067377905
2023-03-29 05:00:00,3.81191785429127,5.031539758373276,0.6953899234008758,1.8204851450971269
2023-03-29 06:00:00,2.8624435541447735,1.368147316353689,1.3281814992177388,3.2758971454504793
2023-03-29 07:00:00,3.060268299804085,3.431121654476695,0.5588538797452851,4.316341658354227
2023-03-29 08:00:00,11.434390988173945,6.446832789153362,10.234363128119488,10.719212757794224
2023-03-29 09:00:00,7.262464477324848,8.958430953365394,11.115562084957336,11.122200447511123
2023-03-29 10:00:00,7.529755203033067,7.162031672286667,5.732545540183962,9.179173034279078
2023-03-29 11:00:00,4.41217108007292,13.66766675208477,11.762672923789205,13.110568375738646
2023-03-29 12:00:00,9.475969529812762,7.23715294143719,10.896821145493986,7.703995013169553
2023-03-29 13:00:00,14.933614108521889,12.774683016068543,9.516238120344536,5.626860111006222
2023-03-29 14:00:00,10.354256501224233,7.508839834095605,11.054587396711103,7.492872956317735
2023-03-29 15:00:00,13.65728544803739,9.238554062686331,11.859081443238255,10.40938315947423
2023-03-29 16:00:00,7.429440418392227,7.2937262968011405,6.2149752427061165,9.66148932852089
2023-03-29 17:00:00,9.968368357135613,7.902869539762074,12.019486317921933,5.112425412817074
2023-03-29 18:00:00,4.66955557453551,2.3782025667508515,2.3635037270818837,2.685929390979008
2023-03-29 19:00:00,5.460851644193353,1.9955313149353038,5.197607213959584,5.554970786355527
2023-03-29 20:00:00,1.4404681710848823,3.8815427180708575,3.435231377254708,3.270659217111327
2023-03-29 21:00:00,2.3681930935237934,3.842451219173546,2.991174915841123,3.761383437184512
2023-03-29 22:00:00,2.8850321531773755,3.0382140221312928,3.4042234373066744,2.0369134374856808
2023-03-29 23:00:00,4.248486496686224,1.3916902880399773,1.5548014860143344,4.087123108306497
2023-03-30 00:00:00,3.7593663704564158,4.1354188110641115,3.671425753607472,2.659795767091011
2023-03-30 01:00:00,4.592096382772687,2.1584203240575945,2.845524753170843,3.3540578690232894
2023-03-30 02:00:00,2.4825694618617495,2.9351973908310356,3.235097752894524,2.1176892467245603
2023-03-30 03:00:00,3.138250877221786,1.99957731329657,2.0257866612594646,2.873837020601679
2023-03-30 04:00:00,3.3742939513314365,3.875260156748306,4.378103329560652,5.597272659688777
2023-03-30 05:00:00,5.464457589628036,2.1032522410066354,1.7906628557520345,3.72188181397923
2023-03-30 06:00:00,3.0118267609506106,2.0875960852248596,6.7861993820611435,3.754225531476431
2023-03-30 07:00:00,4.540435854434207,4.357880543218059,4.090869192843707,2.8793585415725684
2023-03-30 08:00:00,9.586903495416593,14.807485690567821,9.808384844981072,10.096077155181336
2023-03-30 09:00:00,8.391479761773983,11.163897040060498,10.779846818056681,9.932285172757377
2023-03-30 10:00:00,3.257898738943995,7.830395561010227,11.352029058709235,9.763061385585301
2023-03-30 11:00:00,4.444376083705677,14.296297031434122,7.0629626134363654,9.08547953853966
2023-03-30 12:00:00,14.738506258051386,12.207870902549784,11.28748717422555,5.045685019811954
2023-03-30 13:00:00,7.483312597187464,9.22870548002291,9.068122167160617,8.85421227855202
2023-03-30 14:00:00,9.838824437653066,8.58043790968204,6.53004838177108,6.945728803909303
2023-03-30 15:00:00,13.738335009210527,10.028230098951198,7.540063799899071,11.37914050633578
2023-03-30 16:00:00,7.316896447775486,6.776611810019954,11.129525666565863,16.613938319577215
2023-03-30 17:00:00,10.256759629928428,11.30531856848361,4.967154373869472,8.439715472288807
2023-03-30 18:00:00,0.1,5.3244373049221885,2.4791604621588235,2.935775449570368
2023-03-30 19:00:00,2.5421551057239347,1.898551599509494,0.647262619381431,1.897230919113492
2023-03-30 20:00:00,1.931809040739295,1.9679094511510182,0.1,3.4836984738253634
2023-03-30 21:00:00,4.566440405642707,6.615453654731691,3.663099489084188,1.9317496480757428
2023-03-30 22:00:00,2.934812818168207,5.603944279774174,2.163484990783191,3.514695103195728
2023-03-30 23:00:00,1.1079002293156817,3.244277886069467,3.9621200363600657,3.1515432856481445
2023-03-31 00:00:00,0.9507409023525062,3.766562113774844,3.0767577286184733,4.087723772721381
2023-03-31 01:00:00,4.325519301269653,1.7265692206780237,3.110535812673814,5.984596181616482
2023-03-31 02:00:00,3.809391844374207,3.9976801154409918,2.6932084079515954,3.4264389629664067
2023-03-31 03:00:00,7.242326821690781,2.389150562918079,3.4353042852767226,4.255804520456694
2023-03-31 04:00:00,1.6457881792643807,3.352384066181259,0.916137561099327,1.2945537477062337
2023-03-31 05:00:00,5.427896345948245,1.7233957431227784,5.776204244661233,2.8513703879390935
2023-03-31 06:00:00,2.985847937251638,0.1,2.7754256013984193,3.237402203274896
2023-03-31 07:00:00,2.308214897769038,3.491082741340106,2.9780967298440117,3.414125315886098
2023-03-31 08:00:00,11.574609197414853,7.1320442627271285,13.0013869487703,6.077105213413708
2023-03-31 09:00:00,5.328275915885905,12.682744954543427,11.508817501965407,11.80466135870843
2023-03-31 10:00:00,12.101407208040902,9.24969443677807,11.393705104515963,9.141465895505634
2023-03-31 11:00:00,7.9614806138969785,3.954369120934153,11.376234343087996,11.716905050134244
2023-03-31 12:00:00,10.744615641264664,15.562237137287891,10.655375338488351,6.940034241450881
2023-03-31 13:00:00,11.881644988689631,10.00875137903129,7.508819273272493,11.45521676927903
2023-03-31 14:00:00,10.56927662951173,8.087009837511676,13.03112874885914,5.220121970298413
2023-03-31 15:00:00,11.250069317763208,6.4316188584610625,11.39072687141156,2.3511650835021607
2023-03-31 16:00:00,8.398924203501588,7.296681272106138,8.076429108051064,10.85028552387369
2023-03-31 17:00:00,8.517614178822782,12.640296887755436,10.793862971149622,6.972021285728596
2023-03-31 18:00:00,4.717600249405135,1.308363852419702,4.682239129554993,4.617850647702037
2023-03-31 19:00:00,3.9110630606246994,4.4721078415965545,3.4251330513175806,2.02646723599758
2023-03-31 20:00:00,2.552227339868244,1.9532177107460191,3.2628311181397307,2.301533808726225
2023-03-31 21:00:00,4.943546973935503,2.8100181806831186,1.2192126869027957,2.2787010925051336
2023-03-31 22:00:00,1.0468449864121023,4.532734910335986,1.3269403328480984,5.397473003352415
2023-03-31 23:00:00,3.6262662114582693,3.703658494844147,2.230756800750283,5.124932380112336
2023-04-01 00:00:00,0.7501986172745418,5.208068497423773,1.5129440030116856,1.9933767449585156
2023-04-01 01:00:00,4.158037267178164,0.49309476607992586,4.40580020011931,1.4354990434034878
2023-04-01 02:00:00,1.0203103678224723,2.9408432559512607,2.5038433609755035,2.9784884415520754
2023-04-01 03:00:00,0.3058642317521354,1.5480095901211222,6.046925062881084,1.839248645986871
2023-04-01 04:00:00,2.972988293714722,4.335780424759807,3.5680848136750325,4.9022215360626324
2023-04-01 05:00:00,0.8558187442567871,2.150297434047407,3.954758389832719,3.1398214981494412
2023-04-01 06:00:00,2.9296690427970074,1.6857223686469975,3.1976996295598523,2.5440822828285197
2023-04-01 07:00:00,3.057121248107748,4.204537964284287,3.422673782390159,4.004818281937635
2023-04-01 08:00:00,0.7405593679025606,3.39683419489959,5.439668256159348,3.511205479448036
2023-04-01 09:00:00,3.04113647696549,2.1058759940973957,1.9818261141708386,2.3052871539345876
2023-04-01 10:00:00,2.571977257874551,0.1,1.6756383707790443,0.7114629061296833
2023-04-01 11:00:00,3.1464880421432238,1.4250060035592347,3.4537992545920133,4.073576357562947
2023-04-01 12:00:00,3.2177485054321564,5.324288720402446,2.1949913648423367,4.972575875937151
2023-04-01 13:00:00,1.2663417585478207,2.758374227529484,3.97670149145428,6.105769454147861
2023-04-01 14:00:00,0.1,1.547437639602502,3.121140366165016,0.1
2023-04-01 15:00:00,1.396547997946946,7.019747697928471,3.4649300900047377,5.109931182434164
2023-04-01 16:00:00,3.646476255501563,2.207127851023304,5.130642518562857,2.558218499144862
2023-04-01 17:00:00,4.17994978048565,3.1309969915781055,3.031953074828428,1.2991685479703348
2023-04-01 18:00:00,2.7928305912380935,4.371924583762775,2.819813700865635,2.047075979138018
2023-04-01 19:00:00,1.6464220251116295,2.451331782087115,0.9132975058719301,3.096636217441009
2023-04-01 20:00:00,1.6317404692679194,5.411240487359853,3.9274067257453167,3.4683847732351873
2023-04-01 21:00:00,2.427783220891011,2.3682635054416865,2.548834996143586,0.19703476899407546
2023-04-01 22:00:00,4.049372000098069,4.101633466118413,0.1,2.5606672285564884
2023-04-01 23:00:00,2.664783824710869,2.4819565043853498,4.163902120768925,2.7287791835668562
2023-04-02 00:00:00,2.462296149988568,4.284508923341198,2.8861112840298926,2.0440503937780568
2023-04-02 01:00:00,3.045233168140931,3.653816035537551,1.704613848608907,2.024913885429234
2023-04-02 02:00:00,3.147727133506584,4.230552933355374,2.737459977251782,4.557614068560408
2023-04-02 03:00:00,1.1397952498509256,1.8725715481979255,1.7306567773661883,2.6327229006495583
2023-04-02 04:00:00,1.3746583053538721,1.6328087886848748,0.6719795916685976,2.7716669560911735
2023-04-02 05:00:00,5.2255876402854895,0.8830251562211275,3.750700809885421,0.7794961592571283
2023-04-02 06:00:00,2.8633483244414855,4.178099236711617,4.779466941455518,1.3473292721306995
2023-04-02 07:00:00,3.866510389233137,3.7568358519167786,1.9781872879599103,2.022218461815344
2023-04-02 08:00:00,1.5595850398905613,1.6093311218942299,3.0157400625893924,5.4294404452657155
2023-04-02 09:00:00,0.4605045143584112,4.994357528120748,1.4814365835490308,1.1355137862108746
2023-04-02 10:00:00,3.0385070837086943,0.1,0.5445768394043249,2.2030192436735847
2023-04-02 11:00:00,2.10435955852701,0.7878613683566442,3.3030424007911594,4.283177117128822
2023-04-02 12:00:00,0.1,4.266571242046749,1.3579011621721997,3.06442895746974
2023-04-02 13:00:00,1.7490721164195704,3.7097726371741295,4.44244226814944,2.7365641890660064
2023-04-02 14:00:00,2.4640253250123867,3.871439239310794,1.0153793359206307,5.632498200801076
2023-04-02 15:00:00,3.087015450935248,1.6786868306868294,5.91643977230461,0.9441257939323631
2023-04-02 16:00:00,1.717254705645489,2.888950526860423,4.9934584045977894,3.651570514549989
2023-04-02 17:00:00,5.779963285232041,3.310665459921569,2.53371014209128,3.9654029676306957
2023-04-02 18:00:00,2.813053141865921,4.160349195063541,3.5939732651866607,2.5170280945037873
2023-04-02 19:00:00,4.09631462087405,3.803011907387965,1.7771737707012945,4.40704815773557
2023-04-02 20:00:00,4.3088553636062,0.9111033301971694,1.7724516956141037,2.8680832622461194
2023-04-02 21:00:00,3.2495458557302053,5.808081439669729,3.392081570120015,5.625601791686977
2023-04-02 22:00:00,3.7080515310055673,4.268660115961348,4.845475374290629,4.738938989759328
2023-04-02 23:00:00,5.1727281642543765,3.060912700069468,2.994590958947079,3.2261480372149864
2023-04-03 00:00:00,3.2257531355697133,2.1338475220388564,3.810424467153516,4.661608326998575
2023-04-03 01:00:00,4.266066212001123,0.9339717804609671,4.866093440737448,1.2668333593581225
2023-04-03 02:00:00,0.9204706779006173,6.177359428272391,4.820463601969694,4.3362158252635705
2023-04-03 03:00:00,2.751094282491312,2.19644300804523,5.555260282578785,3.006632474979419
2023-04-03 04:00:00,1.0403360664327446,3.8568370855537877,1.8613400149713009,0.11020182285287872
2023-04-03 05:00:00,2.990400090657652,3.3317681404113078,5.1066265069438375,3.437773582951986
2023-04-03 06:00:00,3.242452176722645,3.0155062584589136,1.5793044388083972,4.034823620350144
2023-04-03 07:00:00,4.743873240421461,2.4125698856468283,2.3536305329119944,2.874650699370058
2023-04-03 08:00:00,7.415980228299169,7.57038470569636,8.445699831420372,12.754534839556595
2023-04-03 09:00:00,10.193292400074185,13.396990056547125,12.5348477646235,9.641246328968172
2023-04-03 10:00:00,14.653816918124841,10.360406497182803,13.239666461258608,10.700082171096717
2023-04-03 11:00:00,8.010093219465814,7.391520235051688,6.188440096243502,10.917124031023828
2023-04-03 12:00:00,12.688523576034655,10.311005688298932,11.65730554748506,7.310638841723656
2023-04-03 13:00:00,7.616774241196239,14.562435018063777,13.796572886883718,10.809454400325997
2023-04-03 14:00:00,14.54942220069983,10.24359377783265,9.774166963434393,10.3126976012
2023-04-03 15:00:00,11.308908491828294,13.104085215670658,13.679195758511597,6.700964938303654
2023-04-03 16:00:00,14.82504342415425,8.05785431494093,11.025484797545172,15.095911336320658
2023-04-03 17:00:00,7.847062930441091,9.656179949247935,6.646846873770697,10.42852790857482
2023-04-03 18:00:00,1.6886441310304996,2.473540300923502,2.910235349224457,2.953392099433229
2023-04-03 19:00:00,3.2823310467265254,1.1801872221951843,3.5003787078019886,4.69632566646517
2023-04-03 20:00:00,1.2954792946288436,4.067167061070215,4.6888076203897215,3.5537336730036575
2023-04-03 21:00:00,5.3739605918926,3.2031579870403144,6.048485549634675,1.7044011187964418
2023-04-03 22:00:00,1.398430706720187,3.1347696730266565,5.591168093866573,2.0013290879810253
2023-04-03 23:00:00,3.2631164092024507,2.3858632960141626,2.91386184462675,1.6142061540251684
2023-04-04 00:00:00,6.847272413843453,4.639352712382929,3.6305474913051006,3.3550591900087605
2023-04-04 01:00:00,5.015002324212456,2.54569937443494,1.0266354640189816,5.046439313034194
2023-04-04 02:00:00,3.4501141167015548,1.2076447698324881,1.9209857501382337,5.193813626709398
2023-04-04 03:00:00,2.4686777397662736,3.939543560364286,1.4032602887976697,3.6922542226146433
2023-04-04 04:00:00,2.751435266162085,5.1286076667885645,0.29665589314283203,5.644881906824742
2023-04-04 05:00:00,3.6822580603353483,4.634848440777471,3.05875558070861,1.2591095380932151
2023-04-04 06:00:00,0.1,1.442448708021236,6.193260619767663,1.2333705262812646
2023-04-04 07:00:00,4.997590329710019,2.9970775560342355,2.5520375498692944,1.4105104122553778
2023-04-04 08:00:00,10.54323696845157,8.235323513373924,3.7507971816680223,10.59846536829722
2023-04-04 09:00:00,13.668344428413164,7.680151729768507,7.306140411458367,4.682145297191502
2023-04-04 10:00:00,3.6962483674050635,1.1093843844020874,10.449463320562279,10.651476742293728
2023-04-04 11:00:00,13.59426077314735,9.165068947549171,12.92314095300202,11.65611718731494
2023-04-04 12:00:00,12.257436430013348,12.157840037801408,13.734063070888286,7.2307638788536455
2023-04-04 13:00:00,7.217136863724308,5.46282426909807,5.1561435560239115,7.185416856852006
2023-04-04 14:00:00,10.111198806194915,7.009765282426041,13.726428756819958,11.55502273347296
2023-04-04 15:00:00,10.901903044095663,10.943668774336306,9.854955124080949,5.470327773505078
2023-04-04 16:00:00,8.800845777642028,9.824248048449867,6.723000928168696,13.765239327307032
2023-04-04 17:00:00,10.468637021385714,6.667513851650361,5.777673050770429,2.6494945196507445
2023-04-04 18:00:00,4.26741946319315,3.199836481497564,0.22985871308679062,2.3959988269003727
2023-04-04 19:00:00,3.5261265438967055,2.3778366403020925,4.2737419621041,4.395841219022076
2023-04-04 20:00:00,1.5559882674223158,3.121217776047156,3.8654511930283593,2.1463090286329143
2023-04-04 21:00:00,4.58333527079361,2.0352131535634257,3.7603660520454336,2.5910498761909917
2023-04-04 22:00:00,2.987542083711398,5.559512932695794,3.2400271084792167,1.2346919012268769
2023-04-04 23:00:00,5.867583628194839,3.8740382109408618,3.3648300714173986,0.1
2023-04-05 00:00:00,3.0220594335223674,3.2412389401662076,5.051702695187577,3.8656486040812306
2023-04-05 01:00:00,2.433714486004475,4.852946243329796,0.8211135484150693,3.2298446449836757
2023-04-05 02:00:00,3.9974025859529094,3.5432250357155786,3.391936981956179,1.8165686761425117
2023-04-05 03:00:00,1.2598867528832365,2.9252695800024107,6.5633687380278145,5.48762816856591
2023-04-05 04:00:00,4.328494977888729,3.9221114842754368,4.062500677006105,3.4850736926309778
2023-04-05 05:00:00,5.360079599659926,2.06063713141606,4.374349970850043,1.6887270244569819
2023-04-05 06:00:00,0.8671274391219952,2.023079676531424,3.574652735095543,3.5250231947956014
2023-04-05 07:00:00,1.5883044351154076,1.4651648980609364,0.7269639776230195,2.3839626666951395
2023-04-05 08:00:00,9.206279016960295,6.949016620276003,4.941355306812126,11.63306850150763
2023-04-05 09:00:00,8.467277938832947,11.008172396684607,5.244666855574913,5.7821276784991245
2023-04-05 10:00:00,10.401162064614724,9.752653043756826,7.693631684621714,7.047052587120296
2023-04-05 11:00:00,15.307455094586974,14.671148616563606,10.212685435211897,8.1186202728415
2023-04-05 12:00:00,12.776396957768771,10.095469027160792,9.894382024432705,12.346654174741944
2023-04-05 13:00:00,11.615638782100428,13.330305941729378,9.081735209535843,14.576222561693239
2023-04-05 14:00:00,11.65636653758891,10.872443148642452,6.596988611676565,5.586774469597997
2023-04-05 15:00:00,10.521665674560309,5.223173890264546,13.12595299388303,12.759269563490493
2023-04-05 16:00:00,12.437366533749332,8.713503223435787,10.075380421635455,5.346895263391731
2023-04-05 17:00:00,8.223149402951133,7.850331271909122,10.245259114280218,6.568416414372651
2023-04-05 18:00:00,2.5635821891246064,1.3010560450708055,4.297019052696198,3.882604269193118
2023-04-05 19:00:00,3.136542711945607,1.3984281954485571,0.5390391302993072,2.7902294494820157
2023-04-05 20:00:00,2.5803349262384994,0.420112193020163,3.6237840180483807,3.0227800583274314
2023-04-05 21:00:00,3.946992353831127,1.9709397030288511,3.2149784043940457,5.895428228249434
2023-04-05 22:00:00,2.7703261648819373,2.0046616118287037,2.3486916568712335,3.7144738355074844
2023-04-05 23:00:00,4.401207642903669,1.6874214542236499,6.523932014471736,5.340999950825628
2023-04-06 00:00:00,2.081351867595343,1.4687981697407893,0.6023613955551799,2.980452098736764
2023-04-06 01:00:00,3.752980950510296,2.2975270934229535,1.9360883182429154,4.7881712137047545
2023-04-06 02:00:00,4.488783568323907,1.455466774412781,3.214178772128916,3.3740174487733197
2023-04-06 03:00:00,5.737859825300552,3.6160858925123556,4.278095004853606,1.4141933478548143
2023-04-06 04:00:00,3.453333736525814,3.548178886123722,4.477324584371911,0.4835642272966121
2023-04-06 05:00:00,2.7851413099722016,3.388554931252335,2.8963960354101257,3.9806657315547134
2023-04-06 06:00:00,1.8706258178499495,1.4980019777592921,4.589461608207992,0.1
2023-04-06 07:00:00,3.109830715732757,4.9344850026712805,2.0974067955484976,4.608620766915219
2023-04-06 08:00:00,8.754152089533651,10.366696652778591,5.131150901264231,7.255700905596655
2023-04-06 09:00:00,6.1021365344422405,8.027695535566238,10.014427363353137,13.130468795641058
2023-04-06 10:00:00,4.659095761140796,11.520325856532182,7.880139574897939,11.448636512646472
2023-04-06 11:00:00,11.839748676944275,7.713558337712916,10.618118930102758,11.434913534122932
2023-04-06 12:00:00,8.448773530617991,10.585216914637467,11.428254397918552,15.568024601315326
2023-04-06 13:00:00,14.402966045258072,15.199188155949805,9.559206256119104,9.978407158928972
2023-04-06 14:00:00,11.638210599943111,12.020416317121501,8.972350595146644,12.078819154362943
2023-04-06 15:00:00,10.65001258677152,11.64037162131195,12.15235068227383,12.448360434489032
2023-04-06 16:00:00,9.319737139946662,9.031555625317283,9.315228687907611,12.834891428217817
2023-04-06 17:00:00,5.966001710965302,15.431453131834258,10.81254904396355,10.982051201471327
2023-04-06 18:00:00,2.4274645227075795,4.826762251240581,3.9767888461134877,2.9989928577012024
2023-04-06 19:00:00,3.1075095121716174,4.239177540375837,4.405555815545393,0.4680250815789848
2023-04-06 20:00:00,4.900980204042312,3.6880495726741875,3.181802536685086,3.6066328303908906
2023-04-06 21:00:00,2.600169321756906,3.9764850910016394,3.056710315696709,3.203430071210564
2023-04-06 22:00:00,0.689145015214156,0.8999837598159832,4.699454984194471,4.4095505954842125
2023-04-06 23:00:00,2.300180437294784,1.27413664487744,1.1773629108510215,5.84896300491881
2023-04-07 00:00:00,1.1457618219712213,3.760406367264846,4.846178458810853,3.7403019135143225
2023-04-07 01:00:00,1.6396122034295324,2.9575244654419035,7.049366110781495,5.386480380682158
2023-04-07 02:00:00,3.670189348412695,3.7712078344216104,2.9300114294713535,4.608902616721739
2023-04-07 03:00:00,3.171121363683418,3.120256396525477,2.6698367333310555,0.1
2023-04-07 04:00:00,3.58083205942385,0.5330697355147098,4.667376191017913,0.9233815717599159
2023-04-07 05:00:00,2.9370066379921136,3.3913903179834124,1.768369744006403,2.045733119351983
2023-04-07 06:00:00,2.9080978630841416,4.232266010720994,1.4786566389594562,1.1826843366305915
2023-04-07 07:00:00,2.3287483350918294,1.151433809261607,3.5185718202790683,3.1753885813081473
2023-04-07 08:00:00,9.809341188352063,4.081747113524508,11.137412274739715,4.951689231545125
2023-04-07 09:00:00,11.880663873344536,6.465999840122015,12.060446904308801,11.644396127455924
2023-04-07 10:00:00,11.983781648654894,10.087210557244294,7.733353949222742,12.201327268420787
2023-04-07 11:00:00,12.430689233200455,11.50227143485174,8.906570080648336,6.263721676962349
2023-04-07 12:00:00,11.38218697472608,10.124232144108678,8.335903038410594,11.887758463968584
2023-04-07 13:00:00,12.997729355318592,11.708183925855018,12.203123849510575,8.527912286558742
2023-04-07 14:00:00,10.883383269062804,14.640477297975838,7.131364440761426,9.311042240324346
2023-04-07 15:00:00,11.403321837763022,11.335707109338315,14.826057791962555,8.033308732563667
2023-04-07 16:00:00,10.353089032714104,6.108259770120474,12.518517507640574,9.198646073968575
2023-04-07 17:00:00,11.159537173358087,2.802116897910402,9.044393926681742,10.960005786749143
2023-04-07 18:00:00,4.038151582762506,5.256065554336942,5.616825679708092,1.122483651345508
2023-04-07 19:00:00,4.677232253130663,5.304024677129238,1.5075463436352998,6.734775719611202
2023-04-07 20:00:00,0.1,1.444389800900423,1.3991842084391748,1.0522995141925282
2023-04-07 21:00:00,3.628700264907287,3.1724416983283086,4.362943936158134,2.151488346126315
2023-04-07 22:00:00,2.304519517911296,4.234497469006476,3.101768609556588,6.660457552838891
2023-04-07 23:00:00,1.569126711914252,3.0292042081580037,2.6328001337718936,4.99384333431674
2023-04-08 00:00:00,1.8520258083833463,2.6524065282055127,1.656163421693504,6.200575870250787
2023-04-08 01:00:00,3.624011129975535,0.5106470119275208,4.418753303519479,2.2400097969059303
2023-04-08 02:00:00,5.932818380681762,1.1139707957705152,4.439620841314752,2.2996826298640425
2023-04-08 03:00:00,2.1513778284944514,3.0318515070152574,3.509350851136266,1.3219830749201873
2023-04-08 04:00:00,6.5657090373204365,2.2272435109660695,2.3639873895811334,4.77160987053167
2023-04-08 05:00:00,3.7354713179174306,1.5060633611702057,2.3958340496914374,4.660487818237173
2023-04-08 06:00:00,5.750752895127603,4.730656639825906,2.287179493136979,0.1
2023-04-08 07:00:00,1.7344770995830951,2.751798771139821,2.0954459253736353,0.6869926378602198
2023-04-08 08:00:00,6.316253715780746,1.6221211410912213,1.258266435856676,1.5806525276794121
2023-04-08 09:00:00,3.380679647922509,3.792902662636018,2.4039274638705552,2.7321863163641487
2023-04-08 10:00:00,2.067191519551376,2.837173747003822,3.243672321765515,3.524434922754242
2023-04-08 11:00:00,2.7509504354788086,4.660290290656949,3.2176741796720876,0.17172972541215747
2023-04-08 12:00:00,1.220723767068066,4.428776764684407,4.167478706667198,0.1
2023-04-08 13:00:00,5.84688454885024,5.846656996472497,4.974027172842777,3.1732328211592438
2023-04-08 14:00:00,5.014961942445536,5.081529253877502,1.4724170424798606,3.6975035010995505
2023-04-08 15:00:00,2.2907314765998925,1.5840211760128498,1.310673605648128,4.3045428692077055
2023-04-08 16:00:00,2.998230249161968,1.5144674191436864,3.567500217184403,3.4059969996313346
2023-04-08 17:00:00,2.7554052576800037,2.9176049048852883,1.8296982204978027,3.894979821610521
2023-04-08 18:00:00,0.1,3.402874420351155,3.482605526647763,2.714724665936152
2023-04-08 19:00:00,3.1127332953383737,0.1,5.936300372253335,1.4107641498242507
2023-04-08 20:00:00,4.365385754097862,4.362616113107261,1.9054290488876182,2.550959289805694
2023-04-08 21:00:00,5.275258050665196,2.4408943705924715,4.985948087147395,3.51970136274977
2023-04-08 22:00:00,2.0162589846239163,5.233375912828818,4.59438515446093,0.8678152700176369
2023-04-08 23:00:00,3.2680098662152632,2.765723377162709,3.6578411240897175,5.328741662887929
2023-04-09 00:00:00,2.1047024212225676,3.7831435114189294,4.47997262357753,4.450148744244625
2023-04-09 01:00:00,3.9797759409266913,0.2986014315445704,2.035204464925617,1.6552508022563384
2023-04-09 02:00:00,1.4538645376825308,0.39251071385655045,4.955269766796933,3.5096613171813
2023-04-09 03:00:00,4.882023405479323,2.845483971806572,4.0460032186903065,3.4321465365953827
2023-04-09 04:00:00,1.9796653033355902,1.6329452925634231,4.245851859946757,1.5513629171726864
2023-04-09 05:00:00,4.7875659998231255,3.702108002254784,0.2694363155712147,5.648480336478397
2023-04-09 06:00:00,2.2498437120088486,4.406922024044945,1.8252676217382215,2.485521295150466
2023-04-09 07:00:00,1.769737381111894,3.7247765026539055,4.444244275052251,2.7232633060819866
2023-04-09 08:00:00,2.9160555270331994,3.076836764175841,2.072919922200922,2.78441122331267
2023-04-09 09:00:00,5.269224064408549,2.3830364727813524,4.656253836830373,0.462890458396811
2023-04-09 10:00:00,3.165519064551539,2.8936925745834214,6.434408561806869,2.531302012004833
2023-04-09 11:00:00,1.326202470017757,3.0490957847521662,7.968302516566016,1.600813032603801
2023-04-09 12:00:00,0.1,3.894768658701196,3.2212506012579984,2.2211304352265957
2023-04-09 13:00:00,4.751781864352854,2.9248493089983714,1.9628183621757693,2.6169812084097437
2023-04-09 14:00:00,4.070223691277838,2.7574608864116015,1.741728398721281,2.45780477963144
2023-04-09 15:00:00,0.962877683349507,2.5790311298896773,2.9676111965208216,3.668366695722598
2023-04-09 16:00:00,2.0306765652323966,2.3748006981432215,0.9817958708350245,0.9143485357183425
2023-04-09 17:00:00,4.723682648995676,3.8679213875781087,3.602364612664542,2.347595683748414
2023-04-09 18:00:00,1.7258782047318029,2.27209036548906,4.58460611972993,2.7486483593965194
2023-04-09 19:00:00,3.5620752543633656,3.7702766889014185,4.902506848403204,3.874547989158472
2023-04-09 20:00:00,3.3240921856442958,3.763980875970011,3.543251887219182,2.671524318239253
2023-04-09 21:00:00,2.679386620041854,4.380645282880566,1.1436500185596783,3.4184989549781837
2023-04-09 22:00:00,3.041316854393242,1.9690395615431935,4.325876452771329,0.1
2023-04-09 23:00:00,2.839942105467736,1.6810833904882005,1.695667991693664,3.039409004449133
2023-04-10 00:00:00,1.4703259832764615,4.3625483319578215,4.355996395332901,3.3379550707897176
2023-04-10 01:00:00,5.214763985283823,2.452277649891678,5.202642075157288,1.9761171063996663
2023-04-10 02:00:00,1.9326886913531969,4.592444341929708,2.7662399504704434,3.7759581410573073
2023-04-10 03:00:00,3.6910425217841794,1.3908311923337826,2.8216891417012917,1.9254802316600212
2023-04-10 04:00:00,2.604735335485114,2.1818467843475178,2.2886102787202494,6.741328736353753
2023-04-10 05:00:00,3.617522998146715,2.3741143857872355,0.1,4.4094315892195315
2023-04-10 06:00:00,0.6279989369360885,1.985077509466859,4.654722598511487,5.654752896431175
2023-04-10 07:00:00,7.099521972263889,1.766391784424666,2.3148795609560833,4.891568064507407
2023-04-10 08:00:00,5.436056025118871,14.870843765525994,7.581637874097805,10.335456759169748
2023-04-10 09:00:00,5.305015728929905,10.866232672367875,8.400057298769257,8.602996250222585
2023-04-10 10:00:00,9.704114184722336,7.073835630971196,12.81036294534174,13.172524119686095
2023-04-10 11:00:00,9.543009601213031,10.471586658643947,13.079142667890125,10.571480503265516
2023-04-10 12:00:00,12.586128519602989,6.364902996655488,9.346928327459727,16.289500913557468
2023-04-10 13:00:00,10.996550454818493,11.076820069311664,9.553341668037989,6.138207744627632
2023-04-10 14:00:00,17.296523845253425,11.380307612839424,8.629709932736706,7.119311313446934
2023-04-10 15:00:00,6.152301478078487,9.619740400569961,9.950228684259496,8.655999491378557
2023-04-10 16:00:00,10.28547785505539,8.754639388320692,10.371417233418565,6.680951976007654
2023-04-10 17:00:00,12.446212796208602,8.959306727297646,15.489045481732575,13.30842843314954
2023-04-10 18:00:00,3.1503733374629297,4.4352784992560785,2.3542242392269785,5.07820537026134
2023-04-10 19:00:00,4.158360761076167,2.2512557802077326,2.8667644916314723,4.303138081240266
2023-04-10 20:00:00,4.088127618524251,5.187490937429916,2.132435276044305,1.6284972833234208
2023-04-10 21:00:00,4.453716844858711,4.472275282889352,1.2680983387043012,2.3570776634366677
2023-04-10 22:00:00,1.212179089435656,3.984585629248264,1.5073323122930102,3.24382497419488
2023-04-10 23:00:00,4.14970491773573,4.535083708786145,3.939697474690174,0.1
2023-04-11 00:00:00,5.706796916069723,0.9371021690515868,4.118089186903683,4.191475459282048
2023-04-11 01:00:00,2.045987525440119,2.519912592731179,1.588527183463138,0.7860910758240731
2023-04-11 02:00:00,6.904651690019806,2.666515682452083,3.5114373590211034,4.097089052539693
2023-04-11 03:00:00,2.6618267118514067,3.89774578722333,3.5402210149606335,0.1
2023-04-11 04:00:00,1.472432953979284,1.9433273314239596,1.6586243526761213,1.6197657245277175
2023-04-11 05:00:00,4.305843290907371,6.71951145522573,1.5723700622096057,4.008330458039028
2023-04-11 06:00:00,0.1,1.9557760659996264,2.2206158089593195,4.1922881304472
2023-04-11 07:00:00,2.7640011704146725,1.6545183256114115,1.783920730242729,3.8031456401426817
2023-04-11 08:00:00,15.69467404877643,10.635683885401702,8.00001934595503,7.5782348950885465
2023-04-11 09:00:00,12.17521335873041,9.496719761428032,14.214094081666396,8.915022112417146
2023-04-11 10:00:00,12.635123662976843,12.896472140016257,14.962254813922389,11.182592855130562
2023-04-11 11:00:00,7.129905650094532,11.786716757366374,8.77712703186726,5.970622720920059
2023-04-11 12:00:00,5.71689387607316,15.725466242920753,6.891200188565174,3.7264625184051052
2023-04-11 13:00:00,8.364746697618962,9.466307149174972,13.9378654757889,7.830766781774358
2023-04-11 14:00:00,11.471687359822665,10.852102581557395,10.187570610583508,8.23356805236373
2023-04-11 15:00:00,8.89351425038046,14.856505559348534,13.462174080314009,6.9956262281583665
2023-04-11 16:00:00,16.012543316172657,10.71301069126789,8.616245359481454,4.420684657039734
2023-04-11 17:00:00,7.554734118742654,11.47083830920254,9.20750902314451,8.62819834171706
2023-04-11 18:00:00,1.1831738716280067,0.6547358580744138,3.1374291904443163,4.039293190166511
2023-04-11 19:00:00,4.850643980254606,2.979256520707574,1.830481002828862,3.5558487868532076
2023-04-11 20:00:00,2.417307032832729,3.6836563942685885,0.1,2.3224875230569144
2023-04-11 21:00:00,1.1553076067969705,4.213552525344359,3.285251769182615,4.189444511600347
2023-04-11 22:00:00,2.065251579440827,1.3099197354525145,2.941854091974357,1.4518398867457414
2023-04-11 23:00:00,3.3206917760992205,3.816472825972002,2.28663359765254,3.1741519688456945
2023-04-12 00:00:00,1.2932599372169284,5.623398221376862,5.100445146453372,1.6813075048363317
2023-04-12 01:00:00,0.9140101771778983,5.086113085008302,3.253267425349274,4.658095478321428
2023-04-12 02:00:00,5.6166606542324455,1.7387885987817,4.665445642969324,4.23191542873537
2023-04-12 03:00:00,5.694758186259621,3.0869381491550976,2.7066614375452205,3.821055283559539
2023-04-12 04:00:00,2.723540368213998,3.0038170882572417,1.0022992121891863,3.2609987524535677
2023-04-12 05:00:00,5.26700111362939,4.271204920649607,4.191228079515471,4.172687278947372
2023-04-12 06:00:00,2.3749895720301373,4.39582377533951,3.589236675658766,7.885345096735566
2023-04-12 07:00:00,1.7919300560911309,5.416691396003468,4.686411337191348,5.494576096118304
2023-04-12 08:00:00,11.057585051399148,11.916089394738297,8.484132084759322,12.491359779069246
2023-04-12 09:00:00,15.14079855421421,13.31427344703612,7.792189772114137,10.251333656499463
2023-04-12 10:00:00,10.417289636871814,10.816902241810302,14.347923906272143,9.193356188717681
2023-04-12 11:00:00,6.345872498568413,5.698032138027459,12.499811292637629,14.19044774821101
2023-04-12 12:00:00,10.299025023245996,12.554782148200719,9.368616386241259,11.75930443016996
2023-04-12 13:00:00,9.707658639289964,6.618114136261012,10.430346746405341,11.842612850819414
2023-04-12 14:00:00,10.683906242431727,12.373100189017359,9.234820188870295,9.533224020282038
2023-04-12 15:00:00,16.51180834920141,11.368088016711038,5.122446135059855,13.216914298506959
2023-04-12 16:00:00,9.338446764652362,11.227542968497225,11.014744586669817,11.260561916680476
2023-04-12 17:00:00,7.845799292217347,7.2599666406738885,8.033179579817773,11.619657701296433
2023-04-12 18:00:00,3.941788503582573,2.735145124452597,3.2599590590874263,5.199744772346996
2023-04-12 19:00:00,2.6190903784032633,2.4128439184548274,0.4838281564898681,2.7520108063068562
2023-04-12 20:00:00,4.315553363362261,4.704965882373749,0.21078723208772931,1.2653656264134878
2023-04-12 21:00:00,2.254694398234352,5.013424329839303,4.626561242993123,6.12125694009246
2023-04-12 22:00:00,3.4879684722006825,3.959211079108372,0.7387830440500949,2.0305619790815106
2023-04-12 23:00:00,5.876742656889301,0.7288217147769771,1.6914312349037894,5.978983896624052
2023-04-13 00:00:00,2.6019442713279646,0.46874284789543186,3.8508551099001123,1.112087526613113
2023-04-13 01:00:00,4.216349837352111,1.5597721820120154,2.2067265596712686,2.396613119590077
2023-04-13 02:00:00,1.5490217384695635,4.331165607063921,1.8682750616058041,3.338986798232415
2023-04-13 03:00:00,3.880062231299994,2.6144542145134984,2.3638200983617637,3.6491041334953644
2023-04-13 04:00:00,3.6256711542385185,2.149620086874046,0.1,1.4568303883200882
2023-04-13 05:00:00,2.6925054460256037,2.510541204924364,2.182172820131739,2.58033915590417
2023-04-13 06:00:00,3.9572600953256787,0.8357452364120173,2.4137983027812626,5.798376858417706
2023-04-13 07:00:00,0.2931193045581981,3.901464011164154,4.604057454676539,4.049229480277058
2023-04-13 08:00:00,11.030904991525965,15.540105961751049,12.014471467559286,8.933761411774674
2023-04-13 09:00:00,6.716618388453325,7.723720282583505,9.659777130575671,13.746841767330498
2023-04-13 10:00:00,9.804943446520312,3.306206499944876,6.959606856938415,12.489671306238005
2023-04-13 11:00:00,7.996153557215723,10.77457246854298,7.0180508644624595,14.205169682384305
2023-04-13 12:00:00,11.593114300123547,14.506559835205096,12.087158341571854,11.710694232513415
2023-04-13 13:00:00,10.100495877232081,12.400715264498654,11.605420471940759,10.09063288495643
2023-04-13 14:00:00,12.718088065547388,11.020835805322735,8.801586857362814,9.408898931023462
2023-04-13 15:00:00,10.385475333184738,4.463262422933937,7.117214924626893,11.878783509456378
2023-04-13 16:00:00,2.331317515381847,11.821706107712707,5.829613369320523,6.02096375430785
2023-04-13 17:00:00,6.385878999771237,6.733264012020428,3.0610483717368506,8.986085129053087
2023-04-13 18:00:00,5.186168478637056,3.0483533940778726,1.826677608918491,1.5905225008489243
2023-04-13 19:00:00,1.0339425003822198,3.8506138519589164,1.7639551035550476,3.8435410075779717
2023-04-13 20:00:00,2.809442208650092,2.832191811367821,4.6958087097340915,2.9398385587628133
2023-04-13 21:00:00,2.060636657359722,0.1,0.806833779351976,4.70910656680139
2023-04-13 22:00:00,3.163111180275213,3.372379831153528,1.2504718537703328,4.6200938295747225
2023-04-13 23:00:00,2.810989445303567,4.514743037361618,6.286690152503861,1.9371713796859498
2023-04-14 00:00:00,0.9601578658184255,3.026851039815724,3.135039027486094,3.0897273764707087
2023-04-14 01:00:00,5.278266635708069,2.7335614914645845,2.4019002996404932,0.1
2023-04-14 02:00:00,1.8642996051237823,5.204493468277883,3.14011395403288,0.535438590749973
2023-04-14 03:00:00,3.0371059462134955,0.5369599829320664,1.3646465848223874,1.0804441775019122
2023-04-14 04:00:00,3.386634972678475,3.3982312610188656,4.063079325003294,4.359418403796504
2023-04-14 05:00:00,4.2289311000092695,4.058804784870745,3.888859827748828,5.307118718913355
2023-04-14 06:00:00,3.850304952543827,6.256279467476151,5.600116999702328,2.4504437937281347
2023-04-14 07:00:00,2.3517960822766906,3.0282995532646364,4.801957200863222,3.8612631983709806
2023-04-14 08:00:00,12.63226891825514,8.541040148092518,10.021228910751327,7.796222473970898
2023-04-14 09:00:00,11.021719019222944,12.96357034302886,10.241338370810602,6.859126760915091
2023-04-14 10:00:00,11.257333759357344,7.034147559001263,6.253981255702726,11.428754383650988
2023-04-14 11:00:00,11.260330221335126,8.892982827060484,12.653817320887194,10.114900024355116
2023-04-14 12:00:00,11.352135810867729,13.945819708506404,6.382728843407001,8.207766441028904
2023-04-14 13:00:00,14.1441128254912,14.358579042679164,13.481016116686206,5.844800561599135
2023-04-14 14:00:00,4.3690632305540404,8.017273558342616,11.00775160128138,9.06075299760056
2023-04-14 15:00:00,9.299327776104967,15.682486993834312,10.917836071375707,8.332156539119223
2023-04-14 16:00:00,7.960145013320642,12.713044517426315,13.17708731069982,11.053242617933783
2023-04-14 17:00:00,11.103001959940523,12.280928847206717,12.813137992815642,8.99969938125594
2023-04-14 18:00:00,3.523613152205096,2.343151849979085,2.085152222493159,0.41091022181404036
2023-04-14 19:00:00,4.832045474746362,1.3845874690701891,3.491630238843278,1.2510812596502605
2023-04-14 20:00:00,5.181491531655179,6.052121399481308,5.251539751654393,1.0701784564431245
2023-04-14 21:00:00,3.507345888422787,3.3983136279587893,1.954095005001988,5.017954617875926
2023-04-14 22:00:00,1.564318847266491,2.1637925209392406,3.3401247086076458,1.4608739001788453
2023-04-14 23:00:00,3.535402793353429,3.3633081107934633,2.152261317096835,1.5900649110660727
2023-04-15 00:00:00,3.7212694118444443,2.529070861742479,2.0721813817099077,0.8187287608807017
2023-04-15 01:00:00,4.55241226613996,3.6280871360603744,4.318811508765416,3.8882733621799677
2023-04-15 02:00:00,2.996706782521611,3.3542305686997493,2.3151835079603442,0.805064461231277
2023-04-15 03:00:00,2.523012810943448,3.898919211235869,3.9884404518967447,3.8915956916054535
2023-04-15 04:00:00,3.1248759595010793,1.8926323251553698,2.8400087023728617,2.0759843312481983
2023-04-15 05:00:00,3.0079304907793674,3.109843312292567,0.1,2.10685687197423
2023-04-15 06:00:00,2.963657328757171,1.1612578485573373,1.4999752554520662,4.48366529363269
2023-04-15 07:00:00,4.0681481100302,1.0467503223488133,1.2221101149076814,3.8642643356252506
2023-04-15 08:00:00,2.643161450887658,7.375963541141127,4.55290983491993,2.7058701493635953
2023-04-15 09:00:00,1.8235531486318686,1.0668809175802694,4.203060964249214,3.459798202123629
2023-04-15 10:00:00,2.4119219319042067,0.1,0.6496161329589887,1.5291465955871508
2023-04-15 11:00:00,0.7792593621068651,3.5329808799590188,3.192404799148588,4.794927686816228
2023-04-15 12:00:00,3.609883325757123,4.267283532468577,3.7684098249908287,0.9353366116845052
2023-04-15 13:00:00,1.063424334593881,5.0338628012636075,0.1,6.002981591752696
2023-04-15 14:00:00,3.9498402493661064,2.499639836754456,2.959594630307149,2.9189659590635855
2023-04-15 15:00:00,3.7244712932738477,0.7918480269455337,3.0018587245624553,4.503326497493438
2023-04-15 16:00:00,1.6024391864569323,2.140641910534421,1.6863574654391744,3.6330740423862076
2023-04-15 17:00:00,1.2192243989067717,4.250817885899148,1.973353960233617,0.9933268503467354
2023-04-15 18:00:00,5.231511222062505,0.1,4.170213158253017,1.694557678384868
2023-04-15 19:00:00,0.9438642282320227,2.977653985905193,3.752064597133878,1.643892018740311
2023-04-15 20:00:00,2.9365853393785217,3.4178102098176164,2.0809901228160004,0.4382552318550754
2023-04-15 21:00:00,3.6591477691505254,3.4867970621861932,0.7880032168320277,0.6365159404288887
2023-04-15 22:00:00,3.8704579563854753,3.949131103671971,1.5238402717923658,2.9986984044489655
2023-04-15 23:00:00,5.042150958068725,1.1352606821581728,3.60487048663912,4.54709210579858
2023-04-16 00:00:00,0.6058496276731553,5.65772510950147,0.7685522843001671,2.6191129939881046
2023-04-16 01:00:00,1.0665024412609998,0.7115197812909737,3.9641038341757864,4.214388329975338
2023-04-16 02:00:00,6.4110873001886715,0.8486962477958984,5.23948233295145,4.247717110079957
2023-04-16 03:00:00,5.151026228956864,1.1750558429733782,4.652584482152923,5.424153375842359
2023-04-16 04:00:00,0.9298623382580526,4.664353476671549,5.87169006230451,1.6961531453919299
2023-04-16 05:00:00,2.952247113913183,3.0556603912450155,0.5311826184855333,2.201327889609195
2023-04-16 06:00:00,0.7647257823831111,0.1,2.5078624081394176,4.9372386836546145
2023-04-16 07:00:00,5.598940477365129,4.724555182002584,3.7608285797240284,2.489307585805393
2023-04-16 08:00:00,0.1,3.487752795771544,3.5083812195899933,4.057344646317768
2023-04-16 09:00:00,4.917456200689331,4.831994979013552,4.680973742162707,0.6749203311751053
2023-04-16 10:00:00,3.357306448970075,1.673563765328324,0.1,2.2362441546508594
2023-04-16 11:00:00,1.8138870114562824,4.289894248802967,0.18540130327224436,0.1
2023-04-16 12:00:00,2.601911351410984,1.4982425132430763,3.1348023777948604,6.289581460447416
2023-04-16 13:00:00,4.472713262749617,1.389039859070746,4.823378343640062,4.0219473380274176
2023-04-16 14:00:00,0.7903708582681781,3.1441166227584976,1.5771755476218112,3.4352262906427997
2023-04-16 15:00:00,6.76643900268457,5.7137868430267895,2.6075696204439045,2.6063622265674056
2023-04-16 16:00:00,2.5087849787805756,2.6004169007742854,2.2977399287311973,1.2715410218165757
2023-04-16 17:00:00,4.206851840733808,2.539278944584991,2.2466718393414675,3.3048318525102816
2023-04-16 18:00:00,0.9563560789116168,3.3764318137622897,1.799122249277017,2.629641114773533
2023-04-16 19:00:00,4.197043162902082,2.3394796214050424,0.1,0.1
2023-04-16 20:00:00,2.227294888551093,1.1760546901110602,0.8607117095766603,2.2806032137193526
2023-04-16 21:00:00,5.944220657166546,1.669988530091944,4.4750179743654135,5.594980841123969
2023-04-16 22:00:00,2.7832377293598154,4.334814650522379,2.8150325613595335,4.503166662079538
2023-04-16 23:00:00,3.4956072966088567,4.434431480783693,1.8094865516400955,1.2815314849374373
2023-04-17 00:00:00,5.194158479747118,5.301749873459093,0.970470450350847,1.018774319957997
2023-04-17 01:00:00,3.375430528217095,2.1736842121017466,2.8076861552844448,0.3467803493490682
2023-04-17 02:00:00,1.771377464638978,5.2846035162103355,3.6210990865309394,0.1
2023-04-17 03:00:00,0.7532493935210631,1.9129617788836526,2.574447127750549,1.3197510298060116
2023-04-17 04:00:00,2.153166568333381,3.570147248551034,2.848691785178514,1.95862857867928
2023-04-17 05:00:00,4.56826564692814,1.8334821416560718,0.1,1.057838980739218
2023-04-17 06:00:00,3.523450524188294,4.736809365508217,1.1251514379042096,3.1092536943972444
2023-04-17 07:00:00,2.3706801178967014,2.7721909268806697,0.1,2.4177488623880894
2023-04-17 08:00:00,16.255902453642776,9.111923114543872,7.006199155987799,4.9485634433940815
2023-04-17 09:00:00,10.04405902606841,6.002771578122679,12.388834459729349,11.581337262165928
2023-04-17 10:00:00,10.285215561841424,10.948415409762195,11.866267095129267,7.7502323391358505
2023-04-17 11:00:00,8.518216413712196,9.522031113052439,12.586526567590186,9.461712519541264
2023-04-17 12:00:00,14.93942434540429,8.808630128408938,10.417164973731694,9.184051424998575
2023-04-17 13:00:00,8.29040841045245,8.911193808413161,10.728813504569734,5.9210173626376115
2023-04-17 14:00:00,11.361209071177539,8.364428016797397,11.458558383904016,12.462921211713624
2023-04-17 15:00:00,13.435939258675972,11.803481196953385,10.480482122796495,11.206061195043917
2023-04-17 16:00:00,9.343098997568207,16.02226156568753,17.748959738488384,9.714653558613568
2023-04-17 17:00:00,8.125618451707378,10.93450724827887,13.546319728367417,9.863322836062611
2023-04-17 18:00:00,5.696426541222014,1.7241397027878713,5.551879945162783,1.9893591702943692
2023-04-17 19:00:00,4.564277626757866,2.6703963221792155,3.532447964261818,2.5047882250895794
2023-04-17 20:00:00,2.8079111108408106,5.3135654845484375,4.000701936181907,1.121918032253384
2023-04-17 21:00:00,2.9516573481471386,6.2239869087306,2.9582848336207053,0.8158669653398496
2023-04-17 22:00:00,3.6005454471190097,3.9468107139972326,4.597704955580195,1.4798926623663589
2023-04-17 23:00:00,4.205947164711713,4.805064285164676,3.2273962980164534,3.2389291725526896
2023-04-18 00:00:00,1.4890623498286406,3.536152149779617,3.027750165528816,4.376380665723835
2023-04-18 01:00:00,4.84785087612601,2.427923896877431,5.305832881033235,3.7055670227944217
2023-04-18 02:00:00,0.1,3.133946209010978,3.0790469788215575,4.141810689841668
2023-04-18 03:00:00,1.5926671300455206,3.076852740070041,1.2879001242108368,4.167993046658771
2023-04-18 04:00:00,0.6330641359664129,4.6003925256522145,3.2515846773991575,0.9179180982321244
2023-04-18 05:00:00,2.2636584223474676,5.771668628328258,1.9050505889464269,2.3757218405908143
2023-04-18 06:00:00,3.705937830001691,1.9488818353232096,5.753804932167791,2.1308240339199376
2023-04-18 07:00:00,0.1,0.1,6.916943064044986,3.514317281649272
2023-04-18 08:00:00,11.964808642701275,12.365733954459731,13.466916685193212,11.505593926069746
2023-04-18 09:00:00,11.81530087233088,8.022540872774693,9.710926955479358,8.38224905193328
2023-04-18 10:00:00,1.8024001156973295,8.87968347215269,12.933272509767226,11.097598679932288
2023-04-18 11:00:00,11.228951342694113,11.95931125409491,12.56975582825962,11.419714751503689
2023-04-18 12:00:00,8.20755844840023,9.266310330500124,12.216748725887227,9.080838392018105
2023-04-18 13:00:00,9.552238405532837,11.411876118135394,2.8082299963525497,11.769243687503268
2023-04-18 14:00:00,10.024750881744987,10.971092152090309,11.424114064898289,9.901672620720177
2023-04-18 15:00:00,14.16512243244025,11.159935570773886,1.349553007325401,8.888247948458243
2023-04-18 16:00:00,9.281777919507395,10.568046381139885,13.766121599076596,13.691914910875504
2023-04-18 17:00:00,9.189089103006717,4.354588531415529,14.834766190376094,13.448541829513363
2023-04-18 18:00:00,2.7982934198248213,5.222786483401986,4.307217211444954,6.234150165101992
2023-04-18 19:00:00,1.8047763827963943,3.764631392893821,1.3080361540733203,1.4922343287073279
2023-04-18 20:00:00,2.3080146480057815,2.794824171247213,5.1262202973088575,4.020509154633162
2023-04-18 21:00:00,1.173471182082277,3.64191587412347,3.0607767585340757,0.5208867212898829
2023-04-18 22:00:00,2.405401161607374,0.8723720046805328,0.37838540956856503,3.5165623360991978
2023-04-18 23:00:00,4.431015779719553,0.10109386726169367,3.8060806844774775,2.247077158688557
2023-04-19 00:00:00,3.900230583382888,3.380355851244504,2.667383460848421,3.2503968961031
2023-04-19 01:00:00,4.280441868444748,5.401050775655566,5.152397916097675,1.19205670476394
2023-04-19 02:00:00,2.6979249429125667,3.0540883259115126,3.527041099162189,1.9567764896904276
2023-04-19 03:00:00,4.637185301637926,3.6768459451662627,0.40943117618474645,4.99072288709099
2023-04-19 04:00:00,3.8267714563710737,4.720416918716382,6.349199257420984,4.560265753384861
2023-04-19 05:00:00,4.4018394004352,2.456383865846158,5.192746220899813,0.5521850942724686
2023-04-19 06:00:00,3.082223292998407,1.636803464724693,0.1,1.14028695262633
2023-04-19 07:00:00,0.9617979180944873,4.43374365805639,2.0025563976470817,1.5723031559024123
2023-04-19 08:00:00,13.420024800745727,9.229123438596496,8.762645240592047,11.283120396109922
2023-04-19 09:00:00,11.503718471747488,11.262786982971285,8.094263840648743,10.425315983092862
2023-04-19 10:00:00,10.920135868278692,11.669434834921976,11.870795877094766,11.03279393787462
2023-04-19 11:00:00,13.670944372696805,11.723511855023263,6.446918813091213,11.85229779595112
2023-04-19 12:00:00,7.083277540188948,6.00904227701717,11.802206387646146,6.803092941046927
2023-04-19 13:00:00,11.186633770330857,10.246682612484621,7.570395732266572,11.55757373847768
2023-04-19 14:00:00,15.117591508292382,7.069093294901819,10.545037193808852,9.70648830980452
2023-04-19 15:00:00,11.743841230567593,11.729727774292638,13.389220414333172,8.703440763631214
2023-04-19 16:00:00,13.94723657036197,12.194454941990346,7.34996576322442,12.794468563529474
2023-04-19 17:00:00,11.710029581305617,9.546057154788167,10.704818343479777,7.961008195329931
2023-04-19 18:00:00,2.523894579286579,3.888272822937539,2.6496740190902965,4.666184722965712
2023-04-19 19:00:00,2.332014935293639,2.9520175391095576,1.7215542882837789,4.035804003257917
2023-04-19 20:00:00,4.260952219294134,4.245833705240135,0.946519898334961,1.7546047417911297
2023-04-19 21:00:00,3.77815738443041,2.3444848140389927,2.652350820250894,3.6974340776758856
2023-04-19 22:00:00,5.148992890992964,4.83799902283835,2.9948328487740232,6.389659341739511
2023-04-19 23:00:00,2.5502365820493247,0.45916242485831393,4.777475122765953,0.1
2023-04-20 00:00:00,2.995388841390007,0.25434315921313644,2.684412017260039,3.5921780270651658
2023-04-20 01:00:00,3.2784952712723783,2.840185325055885,3.5133883973759152,0.42046942008447097
2023-04-20 02:00:00,2.621666924151264,4.330364712042253,2.8724458109094293,0.4009298788598903
2023-04-20 03:00:00,2.794205834707241,3.982554318642837,1.638275717878567,2.8130394643623893
2023-04-20 04:00:00,3.231399345280027,4.012618408263348,1.4741035579201947,1.202589022302841
2023-04-20 05:00:00,1.3351623225511446,3.586625962877964,2.738895175836456,3.6837835789857007
2023-04-20 06:00:00,3.0114810711977515,3.0735966173121283,2.4361198198943885,3.103476125227681
2023-04-20 07:00:00,4.966813978300607,3.8027468837926595,3.2797815635407326,2.6675265033163695
2023-04-20 08:00:00,9.264433691043083,12.836044801336188,5.689862082153017,11.716226132443595
2023-04-20 09:00:00,10.873303274131658,9.12925933601628,13.517286514525955,13.071939528372784
2023-04-20 10:00:00,8.80603948604962,11.514714264983654,5.59334992617808,8.9764060787826
2023-04-20 11:00:00,11.416532264886355,11.334914947463922,11.502462368045343,7.988252524292816
2023-04-20 12:00:00,9.254187923195994,7.999118900497325,6.283365820183635,14.838303238422192
2023-04-20 13:00:00,11.024018197746273,6.9195371417750415,8.316906050607212,7.743472326034588
2023-04-20 14:00:00,15.260852828475642,13.062484402673315,8.602391962307443,8.726164436499738
2023-04-20 15:00:00,12.892404911300513,15.872156209217692,13.861851088610429,6.276509246179006
2023-04-20 16:00:00,12.242508892516781,6.374259187149139,6.963790983961035,8.842354823399457
2023-04-20 17:00:00,3.7490768062791044,7.835249499592402,3.573738184020119,7.150308259516479
2023-04-20 18:00:00,1.6924715608859282,1.640062412557492,3.571297077768151,3.0133894051216563
2023-04-20 19:00:00,3.6639620463536486,5.248424379246051,2.6426441816261264,5.110865577020562
2023-04-20 20:00:00,4.655273937630394,1.9065871449550538,2.3914266315748662,0.8047875116213383
2023-04-20 21:00:00,2.085699688488428,1.7259475565935463,1.384731202012068,4.80639033267671
2023-04-20 22:00:00,2.6636009555880475,3.2715973415662454,1.809493347890948,3.2893359210134423
2023-04-20 23:00:00,3.349112226768805,2.712822034434986,3.1421552137517668,2.5491471848110376
2023-04-21 00:00:00,1.0155902308211058,2.57391621515326,3.760013852049987,1.7665929714118356
2023-04-21 01:00:00,3.4997732019859957,0.7580614233594405,1.3550837430759488,2.682274933970722
2023-04-21 02:00:00,4.6628322268284235,2.4788305222596545,5.588296622294699,4.782317291821135
2023-04-21 03:00:00,3.589757325834949,7.031134326974248,5.502188022391077,3.509299439238237
2023-04-21 04:00:00,0.31050374102816347,1.4314818496158819,2.68609526293906,1.2006785178627655
2023-04-21 05:00:00,2.2926173674737016,1.355804373168075,2.7742626635091914,2.369683705495969
2023-04-21 06:00:00,1.80921998650841,5.019012850042667,1.4349513931286173,0.7618713919964426
2023-04-21 07:00:00,2.6203796037550378,5.956673731127186,4.545770764664936,4.0776914069957755
2023-04-21 08:00:00,16.068255184531356,6.278015010808845,5.462389942350072,9.928829362388907
2023-04-21 09:00:00,15.277065107455051,12.585099218817696,13.11079553591903,10.806450581807844
2023-04-21 10:00:00,3.550520912976518,8.15102262498917,13.44416800626172,12.099160173544444
2023-04-21 11:00:00,6.082796716804767,5.949605743137166,7.353871042579349,15.172390136970058
2023-04-21 12:00:00,8.447136351052178,15.475345946029275,8.491315850561316,9.385193599656064
2023-04-21 13:00:00,5.093328651943614,7.2800388413917885,6.713186164583242,11.880551336890134
2023-04-21 14:00:00,12.286637341125498,10.579231039357387,9.164627139593376,4.845022359982502
2023-04-21 15:00:00,9.461802791619363,12.827958498996528,15.346477290517688,3.4324007213899703
2023-04-21 16:00:00,8.106681464513768,1.0563249326272146,8.911534266008458,14.326363596594733
2023-04-21 17:00:00,5.219807200449841,11.100212385052622,4.235041932348432,9.553264829428375
2023-04-21 18:00:00,3.085228982094395,5.339072156202811,2.572793995798884,2.9908784717113566
2023-04-21 19:00:00,4.684264174124291,1.0283225042758768,2.337741036306434,3.407872431983745
2023-04-21 20:00:00,6.740263380998531,3.5047495703967395,3.6175920814523472,3.1617171730599645
2023-04-21 21:00:00,4.585192521813034,0.8184095235709319,4.852061390335091,3.472708416094397
2023-04-21 22:00:00,5.717302173901849,1.3333910669161197,2.35989629673123,1.183322449079668
2023-04-21 23:00:00,2.091209812062144,2.3465387796761554,2.774733082529382,0.1
2023-04-22 00:00:00,1.339328968023884,2.323100112661366,4.005489875613785,2.1463607434069614
2023-04-22 01:00:00,2.5741813214690867,3.6894037203877206,1.4049682051683954,0.874330475665333
2023-04-22 02:00:00,2.818683008419948,3.9031627860448928,3.4754734309530737,2.9921653915038826
2023-04-22 03:00:00,4.241333647777074,2.196799460185144,0.9137403788840528,2.1023783185624385
2023-04-22 04:00:00,3.747226056396652,2.263041979137507,2.3044377934517613,3.7599261064194716
2023-04-22 05:00:00,2.3336811235916435,2.3186142198968227,4.840184374745389,3.652767803823856
2023-04-22 06:00:00,4.23626554946676,2.01470066464337,5.1749661226709005,0.7330933576792562
2023-04-22 07:00:00,3.5946054176786415,0.6932623167239012,0.1,3.3347946592282707
2023-04-22 08:00:00,3.993722063333602,3.047513342215276,2.9468363185184345,2.641400761927792
2023-04-22 09:00:00,4.94571735672198,4.117290545799428,5.260623487577903,4.382387804571084
2023-04-22 10:00:00,2.348426588996608,4.059955119760014,3.7104263435563944,4.782543081496775
2023-04-22 11:00:00,2.9958763137477202,3.1738771154408822,2.927070817172557,4.479649596617923
2023-04-22 12:00:00,3.3977522590013374,4.486808650796048,4.496231441219471,1.1702754875872956
2023-04-22 13:00:00,3.2923423053545298,2.148631004050291,5.725989463972844,4.345302671214488
2023-04-22 14:00:00,4.090223733607687,4.652345158247801,3.517748589500619,3.004137398508572
2023-04-22 15:00:00,3.808179476378197,1.2132400301565092,4.581621592955376,3.1614169652905435
2023-04-22 16:00:00,3.00020473096057,3.2662008838747583,3.2444902297049154,3.5925538020568792
2023-04-22 17:00:00,4.377034900188791,2.8426855373381947,0.8250774850345537,4.345557133594495
2023-04-22 18:00:00,5.722577622672587,2.4595238614241888,2.10265832767163,3.638621120912616
2023-04-22 19:00:00,1.217333728435547,4.432717524744304,1.7103566928415237,2.126447186251506
2023-04-22 20:00:00,5.212478018351204,5.826968401147165,4.335651271772326,2.1522197628626714
2023-04-22 21:00:00,2.5957839778564766,5.274764979909681,2.7089603873903427,2.0904854734828064
2023-04-22 22:00:00,5.206314841751522,3.77668881393061,2.183472705887512,3.7246945856357883
2023-04-22 23:00:00,2.177193514900046,1.2158621267011296,2.4738947503176325,4.458051348471784
2023-04-23 00:00:00,4.009482371477954,4.157602118448688,2.6625377114404927,2.092056508745045
2023-04-23 01:00:00,2.330624600150131,0.8991735225371436,4.596232852287109,4.383826804539248
2023-04-23 02:00:00,2.3851668959248453,3.3836696428274324,3.1674169428055983,2.917848647353416
2023-04-23 03:00:00,4.6361140885205625,1.4647966711176132,3.401206570620623,4.23048255914466
2023-04-23 04:00:00,0.5227284887130574,3.1333551006009115,5.425011194878405,5.003134168169899
2023-04-23 05:00:00,5.355981922973897,3.248739983819178,4.6081495419407315,2.4696232045142725
2023-04-23 06:00:00,1.8752702175689504,2.7216378439109956,2.080305535170111,4.662178386403712
2023-04-23 07:00:00,3.744566838501224,3.8317539615090483,4.220032373817135,2.273243797731549
2023-04-23 08:00:00,5.479468272430881,2.2188933904097774,3.1629876045764704,3.799819246657405
2023-04-23 09:00:00,3.580390406552181,2.766417001209032,2.4230902164531223,3.818064810226332
2023-04-23 10:00:00,4.1469407701035115,2.4549381658821368,3.723819959832345,1.113494032640073
2023-04-23 11:00:00,3.9601721592652943,2.210071698160929,0.5933397513803622,4.57753358533903
2023-04-23 12:00:00,0.10123212529666237,2.8335227999493338,5.470828581934423,3.1027207834423693
2023-04-23 13:00:00,1.5537948787336222,5.790584575785024,3.599550365970126,2.67308888773778
2023-04-23 14:00:00,3.0523905942018654,3.579457985425996,4.433569969995858,0.6942342714305245
2023-04-23 15:00:00,1.913340752972569,2.6508215404932267,1.8424840145129169,4.920484583481855
2023-04-23 16:00:00,5.439238733167567,2.9463598654340837,0.6089664922531997,3.246349572211358
2023-04-23 17:00:00,0.1,1.851243398734004,3.2969991159615684,4.104642412434688
2023-04-23 18:00:00,4.476916229224138,1.9466567488197182,1.283440280941294,4.056917889253858
2023-04-23 19:00:00,2.111889392505458,1.643816919575336,3.355272633094154,5.22541894933012
2023-04-23 20:00:00,1.8347612669424676,1.2205747422932665,3.7350369259484157,6.246432278259987
2023-04-23 21:00:00,3.194013390839342,2.42900353483254,0.1,4.378648169066359
2023-04-23 22:00:00,0.25655669306806894,3.722540366862594,3.7248159190246395,1.9556836142507013
2023-04-23 23:00:00,1.468008658095197,4.97731890036785,2.534954121979066,3.1562315993698062
2023-04-24 00:00:00,5.026481480148722,0.5812720525028685,5.177527334655172,3.644018032077353
2023-04-24 01:00:00,3.2900931660985115,6.531792479553076,3.116706253525941,6.748005136427194
2023-04-24 02:00:00,4.897727643548005,3.3216138634781065,3.2041135871520816,2.271849281019114
2023-04-24 03:00:00,4.642031360294297,2.9953804795915278,0.7725548164238334,4.293895675036368
2023-04-24 04:00:00,3.1084175385676467,5.246970915011956,5.2661800906959115,4.720362109410164
2023-04-24 05:00:00,4.406747218765968,3.417610712755331,1.9733460070862723,1.569315242037371
2023-04-24 06:00:00,1.6625591140954463,4.2943971549474735,3.234096302637767,2.431491281195628
2023-04-24 07:00:00,4.804248799684638,3.525580827091188,5.655599611497278,5.389445933789901
2023-04-24 08:00:00,12.007392012708163,10.474702081446916,15.476349979384198,13.572901018290672
2023-04-24 09:00:00,12.810759786508271,11.187711237479403,11.579180573470799,11.221551323751882
2023-04-24 10:00:00,10.215062244469976,13.37999802271883,5.707387081547125,13.888161202537585
2023-04-24 11:00:00,13.292402062830043,5.644691297200867,8.883830919961264,10.95647261762462
2023-04-24 12:00:00,8.254584130980746,6.754492453085819,7.119456812323137,9.369749518352267
2023-04-24 13:00:00,9.912636933603702,9.224796199545333,16.341560479092642,5.572248976269496
2023-04-24 14:00:00,4.007762376094855,7.943060690085523,8.230293131840877,13.850795903436534
2023-04-24 15:00:00,6.082169556949492,4.804193624823601,11.209239949823143,11.541731432126427
2023-04-24 16:00:00,14.117515458036547,10.899133412115853,16.79849441795772,1.407965457748654
2023-04-24 17:00:00,13.276850201162743,6.163073303969883,9.030269131272771,5.461587937462282
2023-04-24 18:00:00,0.2648395749705692,0.11972545805502577,4.981249085092846,2.4099888399537424
2023-04-24 19:00:00,3.96248216180339,6.578781226165233,1.9147162145118217,3.190357329784277
2023-04-24 20:00:00,3.2044808380122425,3.5973051293172267,0.9570022209196445,2.9100707441395
2023-04-24 21:00:00,3.078953363229148,2.540074094215648,3.424014877854179,5.160063024964588
2023-04-24 22:00:00,3.3959825332190463,2.745584102709312,3.3338262502588822,2.5130250973964343
2023-04-24 23:00:00,2.3581676160618588,2.5252273656306756,3.279019607925031,2.2741778118567524
2023-04-25 00:00:00,4.451821414220419,3.0491502284933314,0.5545437214889453,2.501008677534174
2023-04-25 01:00:00,5.267493613142989,3.8090494529922783,4.527499587242638,4.192929702813354
2023-04-25 02:00:00,2.8330147011912405,0.3233160746591919,2.9457255838810266,0.7661564889073298
2023-04-25 03:00:00,3.311457663725875,0.3313741901816223,3.7113847129611037,4.032706468497349
2023-04-25 04:00:00,1.8966508781005382,2.246713796702112,2.940133604640992,3.8751206145502883
2023-04-25 05:00:00,4.363823273384343,5.898554784534474,1.4092155101242385,0.639777805681609
2023-04-25 06:00:00,3.045777537350198,4.112586625300798,4.6918284772613195,2.588470669695921
2023-04-25 07:00:00,2.00724741918538,1.9325050130914847,1.9378388809142257,3.032220395319388
2023-04-25 08:00:00,9.415634342558391,10.911132072305408,7.796534265672209,10.262591249358968
2023-04-25 09:00:00,13.137031478888144,15.212529001490845,10.087930740383795,12.445361715218521
2023-04-25 10:00:00,9.94599092210596,10.324274656033074,11.29130201280923,3.9690957145008285
2023-04-25 11:00:00,9.838370818101511,8.382853192846415,13.35829184483121,0.6302625707317073
2023-04-25 12:00:00,15.931755841659195,3.6313503213265292,9.219594672273015,11.55223139516326
2023-04-25 13:00:00,13.433410600180059,5.2585516825893714,11.730090695863412,15.489178413548036
2023-04-25 14:00:00,8.02838279228002,9.647344956353539,12.075563633694625,10.919150747114575
2023-04-25 15:00:00,14.205973954746097,7.23176195679987,10.257136652795314,7.718261095121246
2023-04-25 16:00:00,7.100214802100234,11.363561755523182,8.804971405415806,8.26319209139735
2023-04-25 17:00:00,8.804670195713678,8.35145140006505,7.7460275792457205,11.486284252631878
2023-04-25 18:00:00,4.734722375063905,1.740586998114767,4.321403747338588,3.200687417798174
2023-04-25 19:00:00,0.1,2.5712686246664953,1.4664171900158451,1.2666000721618336
2023-04-25 20:00:00,4.391244333898309,2.9523280970633943,4.751524167448101,1.6828862267236793
2023-04-25 21:00:00,1.7213508999633576,3.796632888886181,2.4041451549785022,2.2364356049398006
2023-04-25 22:00:00,4.550299137429342,3.2630508794687287,0.457107097661384,4.506509700882737
2023-04-25 23:00:00,1.6731754454210157,4.81557245203685,3.905701364205959,2.9619914984985183
2023-04-26 00:00:00,2.0115350016527023,1.8715729533642806,3.8909291645349207,1.414830975543784
2023-04-26 01:00:00,0.36589874065350525,2.967988435459982,5.852329592831257,3.960884996294012
2023-04-26 02:00:00,2.7692322508707226,0.935144997826729,3.8752617975076458,0.10868397152975451
2023-04-26 03:00:00,4.675536248230109,4.325337617586291,2.79451634780884,0.41459773313234427
2023-04-26 04:00:00,4.657483909132997,2.139904492352923,3.7253750457837818,4.634219985305101
2023-04-26 05:00:00,1.1487178109392269,4.196891224002188,3.9225259366878964,4.094006088661523
2023-04-26 06:00:00,3.8886246420576716,5.202684391197822,0.1,3.98352581116282
2023-04-26 07:00:00,1.8457607222054042,3.039487647353911,3.096617113937996,1.0294367526716508
2023-04-26 08:00:00,8.986773861167237,8.453950950037324,6.848240712705319,10.872700003634765
2023-04-26 09:00:00,9.178716632186426,7.813789805476887,10.47135771474369,5.5404745566819535
2023-04-26 10:00:00,9.049813456975995,9.33259650769949,5.171516150295908,8.339643729413806
2023-04-26 11:00:00,12.143127725798298,11.8213963492903,12.387001149673216,5.3594381431162015
2023-04-26 12:00:00,11.3491253586448,9.503316390329811,8.735609443022545,4.406444367965413
2023-04-26 13:00:00,9.035629168850642,7.498625000190963,13.677701136007396,16.855258050760263
2023-04-26 14:00:00,16.31000014959662,13.723370736594184,11.621124903941245,8.28307726766034
2023-04-26 15:00:00,14.370461269953628,17.03814518624054,10.349225174067744,9.048270958162254
2023-04-26 16:00:00,9.173910189409995,5.847952797871005,4.4240657600720255,11.138909165806055
2023-04-26 17:00:00,9.9791538836692,8.155239297736026,7.541361751733515,9.083801539266691
2023-04-26 18:00:00,1.2750299547675552,6.859785843588044,2.7335513422272824,0.5854380636672607
2023-04-26 19:00:00,2.1500302470898838,0.1,0.8764841685382874,2.1034570957424834
2023-04-26 20:00:00,3.593376001226476,2.8839101794938444,0.9258033406587272,3.241144954696322
2023-04-26 21:00:00,0.1,3.352234600037271,0.5724824096817294,5.440758372576671
2023-04-26 22:00:00,5.253568890647119,0.7972888808720096,0.22451083154978368,1.6873623022665583
2023-04-26 23:00:00,3.616713655658052,4.430471069203639,2.6002480356213136,5.972504171247468
2023-04-27 00:00:00,2.0755978068987484,4.511155823940326,2.593324800445376,3.123941945859529
2023-04-27 01:00:00,1.2940700428392962,2.3536587912861004,5.27146579361456,3.0518961016132287
2023-04-27 02:00:00,3.77086202415566,2.0559933769208336,3.5987829920078585,2.2103338111149426
2023-04-27 03:00:00,2.6462425772274503,3.0394704609592575,2.8502347169392146,4.596764232961847
2023-04-27 04:00:00,4.387408690655256,4.151237887676843,1.3013918193512894,3.4725819148757564
2023-04-27 05:00:00,4.149675433190925,3.7207067627130073,1.3030504482682892,1.9092466982775538
2023-04-27 06:00:00,4.280537042306369,2.3998239543901665,4.737973061778964,1.926672167450778
2023-04-27 07:00:00,1.2038263171963635,4.290695358608158,5.312635159457564,2.757904579725943
2023-04-27 08:00:00,14.78349789234002,6.21042562057436,7.498800988452112,8.309888586417504
2023-04-27 09:00:00,8.535650191891344,6.797770455588604,13.427125666738995,11.72343459703539
2023-04-27 10:00:00,12.058679618789329,6.943614245757281,19.13627713867742,12.42576033362537
2023-04-27 11:00:00,13.233746945069896,7.3374081288527275,14.310971888276061,16.795708364911654
2023-04-27 12:00:00,10.053102528508184,13.725051220980545,4.144426101528458,12.918057443375439
2023-04-27 13:00:00,6.7381731238929605,13.785682960082047,10.879005964715299,14.987147677805371
2023-04-27 14:00:00,10.635874683546977,10.214371161614814,8.680633064990491,10.794111771896226
2023-04-27 15:00:00,13.892372429987896,8.804143923144329,10.3130901962674,13.538951797716454
2023-04-27 16:00:00,7.115514371485722,13.831334448747842,9.382486112141533,7.020698764070259
2023-04-27 17:00:00,11.179778728382466,3.392708574879385,4.503026154167707,6.2328992055946
2023-04-27 18:00:00,5.293631465587023,4.897060101176308,1.8292604863925706,2.253650067206951
2023-04-27 19:00:00,2.3799152251047615,4.678341214194772,6.055863999206547,3.77530203174456
2023-04-27 20:00:00,4.816315193515343,4.349699646414605,3.923884439687357,0.1791244973733126
2023-04-27 21:00:00,0.8252287203669875,2.0266393764845496,4.075684289532423,4.425369207249129
2023-04-27 22:00:00,3.782134960169089,4.906815551023261,4.564422728749024,3.7798820884933964
2023-04-27 23:00:00,2.940686940641951,7.6962119073831605,3.6117226200904233,2.2148732297462868
2023-04-28 00:00:00,2.9911213374845786,1.91534566425247,0.3849039979644555,5.349710404705988
2023-04-28 01:00:00,2.69224068676372,2.6063959476811833,1.1291529739287434,0.1
2023-04-28 02:00:00,0.4961298040435813,3.157718122301633,3.784782050127245,2.3136664635812174
2023-04-28 03:00:00,2.4829642382767942,3.2276656897001996,4.59495726507865,4.386916769031824
2023-04-28 04:00:00,3.1415349389953726,4.067360928298726,2.2279706760114326,2.863648614262809
2023-04-28 05:00:00,2.3985675688851433,4.817352707826188,1.752105065956071,1.5909943258293868
2023-04-28 06:00:00,3.696309583754484,2.4509866580745214,2.1591573921911245,4.322134945495881
2023-04-28 07:00:00,3.9998974049868417,2.0732885090389095,1.6617933084836785,2.260755825849479
2023-04-28 08:00:00,8.395295937660078,13.293315589637652,10.657048191131356,6.747015862465185
2023-04-28 09:00:00,6.417364804774362,12.761627147995302,12.715393170538217,4.940329503426394
2023-04-28 10:00:00,7.763916416118557,16.959663857264378,13.468751782306759,8.326945766131717
2023-04-28 11:00:00,14.18293012572572,7.88885020990049,10.313956555716665,8.527944556375807
2023-04-28 12:00:00,4.475655357441196,8.137069830592033,13.033613900238178,4.513630786522041
2023-04-28 13:00:00,11.46673594538766,13.916108274710044,9.90780645401747,8.584304432692578
2023-04-28 14:00:00,11.687101373233979,14.600460359817095,5.873420860940904,7.479028369404306
2023-04-28 15:00:00,11.778330704122974,7.547618857270562,4.764953100928574,14.254253960599598
2023-04-28 16:00:00,10.282494269506772,6.777680055986029,10.70334487063722,9.779368079963232
2023-04-28 17:00:00,7.737890507224625,11.885190543783454,12.792911735268866,6.308484102883961
2023-04-28 18:00:00,2.9799432636178658,3.021259349098363,4.428998161897182,3.7125155583862206
2023-04-28 19:00:00,1.2590290196715745,2.0364677378939278,4.364967388684775,2.2522349114469407
2023-04-28 20:00:00,2.356891571385018,2.0845311038347427,3.6881599399236604,1.494755161939791
2023-04-28 21:00:00,1.4510744775886795,2.8230645166668045,0.1,1.960534644827714
2023-04-28 22:00:00,4.673408204456802,2.3288093074383394,2.634225613509948,3.9648406815312036
2023-04-28 23:00:00,4.283367055944101,0.7759940732133392,4.412712471299466,4.390008861234497
2023-04-29 00:00:00,3.684337097436323,2.716858424317838,1.3244534778832318,1.439880056768951
2023-04-29 01:00:00,4.310256171550243,3.067275777580429,8.569279189284543,2.471474259977489
2023-04-29 02:00:00,0.8284178912520996,2.052401775287147,4.043220111638892,3.121883875453966
2023-04-29 03:00:00,5.499201602425519,1.9845505636690135,3.277486261285568,2.9016818375920783
2023-04-29 04:00:00,3.8246306423326035,2.09070291528716,4.748002522844815,3.7397308742843416
2023-04-29 05:00:00,2.9036590064847108,4.393927878383335,4.648743328060881,3.291759967942293
2023-04-29 06:00:00,2.965709220548765,5.188004187969476,2.5047401974297445,3.6212557869817026
2023-04-29 07:00:00,3.3440865933716823,3.0275728741848775,2.7499127288985346,4.824045106494948
2023-04-29 08:00:00,2.128140738501524,2.4351420277322657,0.9848196390734247,3.2488255869456406
2023-04-29 09:00:00,1.8592064722661243,4.6620116629564174,3.4407288058742713,4.336997198655023
2023-04-29 10:00:00,1.0570332268440363,2.598880398197366,6.283465240518881,5.25809776987194
2023-04-29 11:00:00,6.247950251054846,3.4480886384187976,0.9747673031847963,2.420370997018674
2023-04-29 12:00:00,3.211855815423415,0.6501743036038419,2.1514953119691462,1.9879255824120352
2023-04-29 13:00:00,3.3314414853152914,1.0906019646483234,4.629226347852221,5.11909787803585
2023-04-29 14:00:00,0.7775973244701295,3.8665745457873046,4.698127575055856,3.9212431272016524
2023-04-29 15:00:00,1.0227765629044865,3.900502582943779,2.7589677715832988,1.0172052943067902
2023-04-29 16:00:00,1.3367329258494225,3.498004021935465,4.655449564728868,3.2189205868972564
2023-04-29 17:00:00,3.145427893635141,2.8886587062442746,4.389113235149741,5.771129263274139
2023-04-29 18:00:00,2.656415618379137,3.4831096056689104,2.8260234402578117,0.9218651671718292
2023-04-29 19:00:00,5.995598167440461,3.28970630628047,0.7358421067920222,2.322263955833254
2023-04-29 20:00:00,1.750074573462108,4.108219418413858,3.7943560584391145,1.1938299852659928
2023-04-29 21:00:00,3.796910767057785,3.2214385226556588,1.8321813752609057,2.7579866723922177
2023-04-29 22:00:00,1.5327553274944545,2.488592076057592,3.676898337236597,2.2697123924124676
2023-04-29 23:00:00,3.159818774001779,3.626771070919735,3.572511986015974,4.518081234487021
2023-04-30 00:00:00,1.0765550637782666,5.179658619500676,3.7702548101593107,1.117442522307478
2023-04-30 01:00:00,0.9239973337661382,1.455327400850055,3.6426259559261083,4.233423335557449
2023-04-30 02:00:00,5.452838905010314,6.01375101800695,1.3646742533977116,4.153593825218332
2023-04-30 03:00:00,3.3200445828253913,1.4501154475674025,3.28572174404458,1.7392671072535901
2023-04-30 04:00:00,4.157846203295035,4.156450353622497,1.2324710886635626,4.6030863804873245
2023-04-30 05:00:00,3.4845856370039288,0.1,3.751460645709166,2.742397699485694
2023-04-30 06:00:00,6.188899346843683,1.8459317434381242,0.41750865073521126,3.6385326865318195
2023-04-30 07:00:00,3.058521295853714,1.6920140019997616,1.525345844079995,3.5125335323170033
2023-04-30 08:00:00,4.31334043717183,0.498884770613337,4.631699452797044,3.201956317652633
2023-04-30 09:00:00,3.192726321021153,4.5453098605519715,1.5438393261493355,0.8099121357549341
2023-04-30 10:00:00,3.133419303602385,2.4406182750326524,4.010838716191658,4.483187346142497
2023-04-30 11:00:00,6.801351898615556,5.529425424840204,3.4409411577446285,4.235335677770479
2023-04-30 12:00:00,3.9553059757581828,1.5337995667696545,2.7447852371947015,3.8421846376607043
2023-04-30 13:00:00,4.347180475358818,4.192583433735025,0.9149798002239189,3.3446091378706244
2023-04-30 14:00:00,1.1379092178655643,3.4197946215888346,1.1008294905588074,3.5193359027558797
2023-04-30 15:00:00,0.7248136745112124,3.1501042471371417,3.447206432747396,3.696722452342774
2023-04-30 16:00:00,2.022786117576169,3.73346266566714,3.8407747449761414,2.4468382178910404
2023-04-30 17:00:00,0.4038808157165601,2.7847415797980695,3.408769545152296,3.014060035812402
2023-04-30 18:00:00,3.307626339153681,1.9855119062413673,1.1381634594234733,0.14439648165222518
2023-04-30 19:00:00,3.7645983376201246,1.0114130728547654,2.444627350430374,1.4491378177330745
2023-04-30 20:00:00,4.50679021303274,3.0507179733314493,3.898662496226295,4.207353164306429
2023-04-30 21:00:00,3.7383311460800512,1.441433967829603,1.0921490705118662,4.972052765691997
2023-04-30 22:00:00,2.7357365498238813,3.393080444757756,2.120750024962537,5.254427429733054
2023-04-30 23:00:00,4.054494941511964,2.6698576572377055,2.3412986634276822,3.0585188841027593
2023-05-01 00:00:00,2.1020274917058313,3.3500724404233435,2.444937785072672,4.147870833491334
2023-05-01 01:00:00,6.241327546659649,0.5640861903944963,2.032272327765522,3.606356324204009
2023-05-01 02:00:00,3.281127807493185,2.486732661039296,3.5774052694425125,3.9241964480026974
2023-05-01 03:00:00,3.8477359875766606,7.092777555411873,3.524513413922046,4.048992592810321
2023-05-01 04:00:00,3.6324174808608802,3.444350687064359,1.9517447541033333,2.5763039813080466
2023-05-01 05:00:00,5.080601884211877,3.5757749181006924,2.645542766889942,2.9548264399508395
2023-05-01 06:00:00,4.582333803258335,3.9169371445001584,4.921268974459691,2.6101425243941176
2023-05-01 07:00:00,3.8814229631719783,4.3855733327179145,2.0596785719614377,3.52531490149782
2023-05-01 08:00:00,8.662325743003501,9.68657894451051,8.030444566474364,15.205681426915769
2023-05-01 09:00:00,7.263678735125962,10.017076220640476,11.57197097030339,7.152260003850117
2023-05-01 10:00:00,10.019518055673258,7.553481613877569,9.522507222861863,5.569758665422827
2023-05-01 11:00:00,10.498718363529106,17.38616500391409,9.71899042509127,12.555096936091605
2023-05-01 12:00:00,4.931391041572139,12.621458188138813,10.60768236123891,12.617203151835968
2023-05-01 13:00:00,7.760482135436964,7.200869557241025,12.30477598025521,11.827894812703862
2023-05-01 14:00:00,12.158735322894085,10.259797672539655,9.550718947234042,11.494239066825884
2023-05-01 15:00:00,11.598763750581835,16.14974423908223,6.302249521539787,10.548724455290058
2023-05-01 16:00:00,10.013542912644674,10.29736930705773,7.228806157425744,8.261298421034363
2023-05-01 17:00:00,7.506006076104333,6.332036451001958,8.519681757383253,8.798603240276883
2023-05-01 18:00:00,2.5093539097487763,1.1639655422591138,2.672844984127133,2.886274819433545
2023-05-01 19:00:00,0.8992640925306565,3.738277415153137,2.4109299476429022,5.61864260073953
2023-05-01 20:00:00,3.6572567262426343,4.616187707370046,1.103368688299243,0.12803879504617388
2023-05-01 21:00:00,3.1956094728093714,3.742916871304953,1.9037074198990904,4.621417931007926
2023-05-01 22:00:00,3.512959015724984,3.487745419217674,3.975993575439491,0.8590361873682801
2023-05-01 23:00:00,5.246040050717543,5.0711499539115525,2.274065406782787,3.041952057587777
2023-05-02 00:00:00,3.0447065534549256,1.038351121727187,3.698996501753476,4.7864202479419955
2023-05-02 01:00:00,4.776037601966898,1.532555034589519,4.378808911419885,2.4938437312712463
2023-05-02 02:00:00,2.65003713278937,2.11057503787264,4.098808571765144,2.73737511679361
2023-05-02 03:00:00,2.3081557591689466,3.0690099922516736,6.037452516463338,5.18052010774011
2023-05-02 04:00:00,2.2766525957243537,0.9837237952639191,0.7604696173497416,1.7034412321233048
2023-05-02 05:00:00,3.954609853035308,4.531265733137128,4.5298763886697095,2.6823444346885843
2023-05-02 06:00:00,2.648053188902521,2.1819178704768634,3.305466894943772,4.129356021314566
2023-05-02 07:00:00,1.5586477096701996,3.398132125317741,3.708264441482116,2.349288762448954
2023-05-02 08:00:00,7.9586807041420355,8.892305534173843,7.380721581721313,3.2982278096165114
2023-05-02 09:00:00,9.45494581712101,8.47849043553211,11.302449920817498,9.67715971262564
2023-05-02 10:00:00,15.633562765015375,10.513533724725532,9.717822429960254,9.53838085278594
2023-05-02 11:00:00,9.655362509444933,11.094661836152717,10.194369508596923,9.027616812702513
2023-05-02 12:00:00,8.415773690301428,11.323846888513309,11.08394925360026,7.306452271320765
2023-05-02 13:00:00,10.63319413632518,5.926586884317142,11.21503050346715,9.331806299055659
2023-05-02 14:00:00,9.041942259490575,10.411251317899845,12.464903004994266,16.44518526298689
2023-05-02 15:00:00,10.678576313200914,10.45671160850613,11.711504346580695,10.059306289642103
2023-05-02 16:00:00,11.275727651761652,15.241375463516636,10.559819610248844,12.768429903573045
2023-05-02 17:00:00,10.798240251523895,10.254472874549384,9.029815290878423,12.092769428876622
2023-05-02 18:00:00,4.411444067732804,3.54104425325796,1.4482512625943027,1.9186879035943603
2023-05-02 19:00:00,3.784258594734119,4.791744668761172,2.4681038862843154,2.5308773548016545
2023-05-02 20:00:00,3.3440548491686712,4.637437757340651,1.8223532115222327,3.7237029467881406
2023-05-02 21:00:00,2.7791252147487544,2.929969997896952,2.6166184944173967,5.3065940071298145
2023-05-02 22:00:00,5.17902544552493,2.922510051129292,2.0759317617278286,4.765618319396724
2023-05-02 23:00:00,3.200197059307171,3.102358311896649,3.5166372618306023,2.6075964663968576
2023-05-03 00:00:00,3.986550372844347,1.772719775843836,2.6130044463073117,5.010364062263319
2023-05-03 01:00:00,5.11052250404138,2.3568542661339906,2.1461804466470418,2.116099004740808
2023-05-03 02:00:00,4.3655146732220045,1.7845040619361068,2.965370508792614,1.0393705318487343
2023-05-03 03:00:00,4.756102297738721,3.0759237653816554,0.7462601950692682,0.8007952338712032
2023-05-03 04:00:00,2.9215380098293093,3.6285479480864278,3.9916766034112223,0.8194417413999737
2023-05-03 05:00:00,3.4904620394348895,0.1,3.0351489717022533,0.1
2023-05-03 06:00:00,2.1231084351240415,3.3137910387969005,2.494222458164567,3.231620020172911
2023-05-03 07:00:00,0.6348178680418162,4.229967678706113,3.0134483628738105,4.33566696152519
2023-05-03 08:00:00,11.672154763720506,7.520808754629907,13.565551344238365,11.828158048342615
2023-05-03 09:00:00,12.525420923302994,9.727750998814084,3.871790322008703,14.319954740771818
2023-05-03 10:00:00,7.414849268028895,8.603200655563786,8.233406861474228,8.050096935932213
2023-05-03 11:00:00,18.103327815997744,13.266495189075645,11.624706007211547,7.604925251929986
2023-05-03 12:00:00,4.9178940311225645,9.656986019755843,7.202579313809905,12.106281928490068
2023-05-03 13:00:00,10.608248634713659,10.460073065714909,9.467674375548766,7.6519765109754045
2023-05-03 14:00:00,16.32836466934757,8.31870873856792,9.317435517327738,8.868505006059351
2023-05-03 15:00:00,7.985175880799834,11.669205257534196,7.273155011419181,12.372493538546177
2023-05-03 16:00:00,10.20145059700266,8.974868363406594,13.31114842704969,11.067677276093061
2023-05-03 17:00:00,8.54339914508713,8.731617397297349,11.103677488925165,10.439744307497115
2023-05-03 18:00:00,3.1177524164023653,1.96727264217329,2.5708817285231964,4.80297978428166
2023-05-03 19:00:00,2.0243937359734114,3.037055335627703,2.5694858544851384,1.750260313031142
2023-05-03 20:00:00,4.103218836431402,1.2099570819808578,4.310776358714769,5.472575585025867
2023-05-03 21:00:00,2.7690679313749205,0.1,6.836732112879572,2.8991857574182376
2023-05-03 22:00:00,0.7383337635380496,1.9226002255540415,1.2405458516392458,3.034258864203845
2023-05-03 23:00:00,4.531894873505529,4.818415399860373,4.098168291521466,1.8927659982164555
2023-05-04 00:00:00,1.35614518185585,5.683724119676675,3.9755421311079644,2.6070280594167308
2023-05-04 01:00:00,3.645573605161479,0.6897326573151816,4.4330822599881845,3.945163248106093
2023-05-04 02:00:00,1.2135646094739698,0.11463178286791909,3.242759028309252,5.326463506658072
2023-05-04 03:00:00,2.9809423454921102,4.6303398752181915,5.146166031061033,3.4262036689606203
2023-05-04 04:00:00,0.8472562669765971,6.439921474039404,2.909349064364675,3.1823975212915396
2023-05-04 05:00:00,3.6252983355330137,1.0218086487619304,3.678382356665504,2.2958506758858443
2023-05-04 06:00:00,1.6726092567915791,4.043737599986286,4.278416035146393,2.1757050516200986
2023-05-04 07:00:00,2.104961706958991,1.1621699631546698,0.1,2.3210694226460626
2023-05-04 08:00:00,12.468937900134911,10.699011589775468,10.656540036802882,8.52832178458093
2023-05-04 09:00:00,5.2526298840166,10.54992684317589,1.6801387063979227,8.014795550925173
2023-05-04 10:00:00,10.887768356064232,11.17460291675418,9.444504946861105,12.205936280691118
2023-05-04 11:00:00,10.270318873600136,6.722083735810189,16.96550491571761,11.494677869010209
2023-05-04 12:00:00,6.288786218776693,5.872789085733105,4.701457719573448,13.642448024770315
2023-05-04 13:00:00,9.883331007723662,11.468102537229326,7.6769730769879665,11.529187676879248
2023-05-04 14:00:00,2.973224152093069,14.154387348070184,9.221298383331746,9.712554189993165
2023-05-04 15:00:00,8.384192436477965,7.461960058223472,8.08208647953924,8.526466930036342
2023-05-04 16:00:00,15.84120161867615,13.63560262160798,6.918741063018442,12.677582660154524
2023-05-04 17:00:00,14.03176059859093,9.995963841552552,5.744134612906548,13.865847348974167
2023-05-04 18:00:00,4.537962334189467,2.158980354880434,0.6361664589604588,4.160575912407238
2023-05-04 19:00:00,3.9649037083361596,1.0300110179721471,5.131221160924445,1.2156369034330679
2023-05-04 20:00:00,4.966592147044889,0.1,0.1,5.816831240089945
2023-05-04 21:00:00,2.892014532969678,4.65247863895886,4.259554377761774,1.280349385682853
2023-05-04 22:00:00,3.2169979474366897,3.274166221200665,3.7429913595058446,1.966075184867533
2023-05-04 23:00:00,2.444098951846214,3.5143848624080976,0.9387831489563592,4.200104180343026
2023-05-05 00:00:00,3.472889329449419,4.242630739220797,0.48549113836850966,4.548019656411295
2023-05-05 01:00:00,1.8384085362454048,3.5672017761247865,5.352921398994253,1.3134099561055466
2023-05-05 02:00:00,1.036202885737819,3.492293291037444,3.567989486712216,2.4484334377148986
2023-05-05 03:00:00,4.586653541948152,2.93517125872419,0.31450622244873916,2.3700181583503555
2023-05-05 04:00:00,1.288744648426277,2.36516529568246,0.462531964890569,2.813871980554895
2023-05-05 05:00:00,2.4620628099182427,1.380819806613856,3.9736133019322635,0.17494844439087665
2023-05-05 06:00:00,3.4486636233791854,0.43276077546089375,3.0359930326947198,1.5478727624467647
2023-05-05 07:00:00,5.086957517527948,1.8629132788916825,4.708329752726008,3.2264837784885088
2023-05-05 08:00:00,10.176931976999878,6.2473336558993156,11.262167637113508,13.268045394208798
2023-05-05 09:00:00,11.074156921056634,3.43304264405462,10.780521725128859,7.475209311060729
2023-05-05 10:00:00,7.518496738846634,8.794867558335465,13.257002942518508,4.976693107436092
2023-05-05 11:00:00,10.040751025233106,10.592480409019181,12.9613795997465,10.217770180907555
2023-05-05 12:00:00,9.871351862118253,11.141047512603592,11.586759372940312,7.372184022520332
2023-05-05 13:00:00,11.748380760086935,11.887721941849122,3.6866629176164833,9.251266201601505
2023-05-05 14:00:00,9.855028052829946,13.81149580520588,9.18490758212643,11.120604388542375
2023-05-05 15:00:00,10.469170614324437,11.033784503773134,10.423503406796828,12.548952755537869
2023-05-05 16:00:00,9.249273271096524,12.498201981632608,6.257650808431695,11.994085673463175
2023-05-05 17:00:00,9.511320822591681,6.357929793097532,9.69806463075668,12.116039948454624
2023-05-05 18:00:00,2.1589099232491566,2.7138715275864693,2.327800537470002,2.564959331013919
2023-05-05 19:00:00,1.6869490007614474,2.6841652157946427,0.9741911226928108,0.1
2023-05-05 20:00:00,3.440377379000719,1.4690328214404285,4.627950871743845,3.2366805697813668
2023-05-05 21:00:00,4.237610757044403,4.969856659362481,1.6928914350770827,1.5729672359726612
2023-05-05 22:00:00,2.2676305019983554,2.3464381485795824,2.1224189154898516,3.268524084417535
2023-05-05 23:00:00,0.376599981943881,4.67646674324069,3.587532104119145,1.922618022535252
2023-05-06 00:00:00,2.793253351064867,4.142218897778049,3.741965573279997,2.080655854818989
2023-05-06 01:00:00,2.2268850599760244,4.533244550528285,4.955234520081378,2.3259343477869523
2023-05-06 02:00:00,4.723201423455255,3.0281720387684308,2.8080602283486553,3.622867852237651
2023-05-06 03:00:00,5.944867808897421,3.1329737104333386,2.6403412427929394,0.45464575642581373
2023-05-06 04:00:00,0.44606605719165016,4.072557716447063,3.518683201063978,2.099600861841495
2023-05-06 05:00:00,2.4774002071442514,0.6620864154007315,6.209075061188426,3.977073172813059
2023-05-06 06:00:00,3.6398814352727262,2.441822800119409,2.4922193916614432,4.628101741883507
2023-05-06 07:00:00,2.8665141188402705,1.4823313503179996,3.2436955589909324,3.836981883517364
2023-05-06 08:00:00,1.1283207922636918,1.342402939852243,2.303882794385726,4.484140094583094
2023-05-06 09:00:00,1.3219410369467084,4.552961662477912,0.2643360216212147,4.683843204019336
2023-05-06 10:00:00,5.567525022033381,3.795462124291768,3.0843923124661443,3.6159669742886535
2023-05-06 11:00:00,3.984638549914876,2.4800212125627246,4.935391623799864,2.2738713183665626
2023-05-06 12:00:00,2.5578588980512484,2.9404666083614326,1.717940473541308,5.481525829110228
2023-05-06 13:00:00,0.3530194869475025,3.336322332527227,3.804230994856559,1.6390201457935911
2023-05-06 14:00:00,3.890683493753158,2.9088696842165835,3.5931614214615304,3.9126954552655064
2023-05-06 15:00:00,2.5804569629271694,3.5706653676188793,1.808297114776442,2.878940392262095
2023-05-06 16:00:00,3.4843287031117347,0.722901092704165,5.544924523765158,5.166452721099634
2023-05-06 17:00:00,3.243237596496251,5.800057002524093,4.490690040934737,5.059846195400129
2023-05-06 18:00:00,2.2109992269697125,4.877591201837625,2.2884582027760407,2.0466514261765325
2023-05-06 19:00:00,3.9398337058499298,3.9605892301238264,3.929381800689566,1.6436270626830807
2023-05-06 20:00:00,2.020253203610526,1.1255910085285612,4.452753864244363,0.3698259267332986
2023-05-06 21:00:00,2.701553522714587,3.0033217360402022,2.334245587263487,3.1278361714593608
2023-05-06 22:00:00,3.4123699197640724,2.0198979508087502,3.1233239045113748,0.4862455327670183
2023-05-06 23:00:00,1.2641521016568986,4.049300024830281,2.152135427612504,2.1925812929770534
2023-05-07 00:00:00,6.45032047085713,4.016761823946164,4.5129215547376,0.9269490479514344
2023-05-07 01:00:00,3.4533149051772893,3.82090317122213,2.7276579861044237,0.9765535116518516
2023-05-07 02:00:00,4.11770820938016,2.1966521362136167,3.1115623173855904,0.5877000223953885
2023-05-07 03:00:00,1.1130588229045202,3.420774994925348,2.204511994979054,5.954487837715433
2023-05-07 04:00:00,2.0047698175911486,4.928745011638199,3.6095107476978066,3.3067595941176253
2023-05-07 05:00:00,1.7853961879753322,4.579839003903095,2.853804696972813,2.2648205869015197
2023-05-07 06:00:00,2.1258563921317957,4.24207909137546,2.9779242868219598,2.416126986711596
2023-05-07 07:00:00,3.944838669764955,0.1,4.550264054209332,0.7148628109013928
2023-05-07 08:00:00,2.0602916749431253,3.3725473712701377,3.749940731816839,2.830665938952938
2023-05-07 09:00:00,5.457649146668103,1.4933803563022823,1.3255463701388506,0.7924771566417603
2023-05-07 10:00:00,2.113399997585359,2.5428239521786336,2.5885043208755163,1.9470005209106778
2023-05-07 11:00:00,5.201010645446811,1.1202872359825649,0.1,2.134171618956181
2023-05-07 12:00:00,2.789042826586201,5.183004762777854,3.5457561642649083,0.1
2023-05-07 13:00:00,0.1,2.9517001430674723,0.9378570070753809,4.300781558483868
2023-05-07 14:00:00,4.638483275144864,6.732024603188999,4.796722922850593,0.8067206506030637
2023-05-07 15:00:00,3.7647714756341255,0.1,5.6969961555068895,2.3176802571972717
2023-05-07 16:00:00,2.0090517297130326,2.6727531476419646,3.9688643810351882,2.4568053581952505
2023-05-07 17:00:00,3.4819332845771847,3.1436332503237416,3.4128871395982827,0.5063013935585992
2023-05-07 18:00:00,5.854946084781591,1.8634508725713534,2.2218037064074525,3.079258425747255
2023-05-07 19:00:00,2.6513720108064676,2.1522020007972205,2.4936646092777734,2.0775350803293184
2023-05-07 20:00:00,2.662382414242818,4.8221334165112015,3.9002861896882717,4.252163040969942
2023-05-07 21:00:00,4.489125216755158,4.1345139220211005,0.8291071074546617,5.084517916112452
2023-05-07 22:00:00,3.5467162864880875,0.1,6.214962130669946,3.288537217990734
2023-05-07 23:00:00,0.5160403813608014,1.4215887123320798,1.9474293367862983,5.234174313035465
2023-05-08 00:00:00,2.3101898437091846,2.6865944431756676,2.194524806354843,4.09391478153891
2023-05-08 01:00:00,4.583724120880783,4.237168754019617,4.846857878999373,3.703834358517166
2023-05-08 02:00:00,3.4143680461545474,2.621567690512551,1.5759864483177246,5.529207392157801
2023-05-08 03:00:00,1.8532430405559646,4.077999894345284,1.9281465787298773,2.046397273746935
2023-05-08 04:00:00,4.861767038028969,3.4702395203189518,2.2552171064834026,2.4336916668817583
2023-05-08 05:00:00,2.360792381675229,2.7323363537244907,2.3595348340718623,2.130774694008024
2023-05-08 06:00:00,4.939990644882215,3.3044557207936043,0.15577916732414598,2.2948657146814218
2023-05-08 07:00:00,2.1503833890966937,2.2394882345214233,2.6699314031638295,5.204397335402818
2023-05-08 08:00:00,9.12549703907555,6.947310089101066,10.498521513312273,9.431940424516995
2023-05-08 09:00:00,8.166357065232656,9.014050548427068,11.43778459729322,9.997383230644436
2023-05-08 10:00:00,12.792070307236507,4.630580053718444,13.255239135109573,7.801168707119441
2023-05-08 11:00:00,8.853269277825406,6.064726197600485,14.78234641145418,14.44176844468133
2023-05-08 12:00:00,8.053811853730956,13.813895566774184,14.693212900155572,14.096964893128781
2023-05-08 13:00:00,11.844794174319286,8.120553133833868,11.026015211211302,14.595286748206476
2023-05-08 14:00:00,8.0435242116345,8.090843729905174,13.631309200364774,11.779045986523176
2023-05-08 15:00:00,8.480609523968155,12.479434022450848,14.233585503883537,10.06980545836748
2023-05-08 16:00:00,8.104231558421262,4.402825388765867,11.918995170361677,5.625385877979006
2023-05-08 17:00:00,12.348498268526221,16.748532579617372,11.616956304669467,15.370180218983844
2023-05-08 18:00:00,2.139029271572121,0.34136797817503606,3.303435041982992,1.9340793701500198
2023-05-08 19:00:00,5.034843347772162,1.3982414404208008,3.062858538220477,5.219412922629794
2023-05-08 20:00:00,2.161603303788004,1.9438058550565473,2.6191117719273675,4.0514087878875875
2023-05-08 21:00:00,2.3823178900341224,4.743242975353365,3.6676831044478355,2.0610608469345273
2023-05-08 22:00:00,1.3189330072878604,2.15756977560359,4.318697246943141,5.023632740832323
2023-05-08 23:00:00,3.1434859293377797,3.215520944719641,1.7770148929868987,2.365477020036764
2023-05-09 00:00:00,3.6374655871229917,3.968076025208777,1.2971649907471559,5.1053738806520474
2023-05-09 01:00:00,3.7219133073689123,5.272681574125469,3.7712973143469295,1.543073801090206
2023-05-09 02:00:00,3.7162969645764523,4.360944374454618,2.765148392700516,2.7825062081554632
2023-05-09 03:00:00,4.977110738983342,3.0903850854157278,1.6926190569274397,2.1188083369306545
2023-05-09 04:00:00,0.907386659422889,2.0764073382985133,3.0250460763330516,3.0102133839009038
2023-05-09 05:00:00,3.5011112636458095,1.4917932330831771,2.8376248358077967,3.042029201793385
2023-05-09 06:00:00,1.8276945217659988,4.958267004877433,3.095024701833083,4.873113814601198
2023-05-09 07:00:00,2.6145858094422842,3.947816495608655,4.790897365631667,3.039944627770388
2023-05-09 08:00:00,6.638792868977907,9.492639348103383,11.132049442547277,10.327236628317854
2023-05-09 09:00:00,9.571593869434942,12.025320623272552,12.286414171461013,11.085198172343645
2023-05-09 10:00:00,16.575641560145144,12.951567155461568,6.585511497254618,10.602392544192512
2023-05-09 11:00:00,14.839411491275527,13.592284558681534,13.642129386685012,8.062301409980842
2023-05-09 12:00:00,10.303083774273478,12.565432358977073,9.838688295832158,9.032590546343968
2023-05-09 13:00:00,7.396883472770805,4.896791122367052,12.329886170575156,9.02510612408834
2023-05-09 14:00:00,7.794808779464896,6.68850457669723,10.279421898489,11.03902207286186
2023-05-09 15:00:00,5.256997222765742,11.036294138768483,8.284977752723957,4.004177753908011
2023-05-09 16:00:00,10.357655252352826,5.2879165146316796,9.883126202663197,13.777277275271416
2023-05-09 17:00:00,8.957219063660741,13.160330624308468,11.207021320095759,14.992329280806564
2023-05-09 18:00:00,6.951159944287401,4.576975545798694,2.3782606953571364,2.1059994064456435
2023-05-09 19:00:00,6.814220030122522,2.5269191563541726,3.479967964170423,5.048013350934987
2023-05-09 20:00:00,2.201136088675846,5.523581499798387,4.996575504300344,1.3878809867717128
2023-05-09 21:00:00,3.2862573512777136,1.1148333897294727,0.6116429148474705,6.893773176676915
2023-05-09 22:00:00,1.488413157804368,0.9426848640168268,3.7489419075099857,2.1728166867772174
2023-05-09 23:00:00,2.421857454411339,0.1,3.901182526540381,5.694459211188241
2023-05-10 00:00:00,2.055624502199625,3.375627860137735,4.176350985337641,1.3239991245693723
2023-05-10 01:00:00,2.012287490402677,4.525182394375333,2.431712577964171,4.23270110667748
2023-05-10 02:00:00,4.719023180026248,2.150044376257272,4.055953820405055,2.251510844223607
2023-05-10 03:00:00,0.7249490174429374,2.4093504020907086,2.97974278405647,2.6470280117402996
2023-05-10 04:00:00,2.4878478985440333,4.426897996929207,2.5453286842327514,2.160484489860753
2023-05-10 05:00:00,0.5945907075382952,1.3519454198898235,2.4409739338399468,2.895307400602364
2023-05-10 06:00:00,4.965364038652405,2.823198125366837,0.1,2.4732469261060466
2023-05-10 07:00:00,2.479699837856531,3.879763323076843,3.420855797179712,0.7458677165548138
2023-05-10 08:00:00,15.100098065465977,9.131081228889538,6.542223627964799,14.40572469689344
2023-05-10 09:00:00,9.79189788337234,16.353031205779637,7.03029959620936,5.747354998661649
2023-05-10 10:00:00,7.396024619038707,15.250878803669199,11.000224741820034,9.691472497858342
2023-05-10 11:00:00,8.168721991557907,12.39736734730307,10.423732978369411,7.915421524973439
2023-05-10 12:00:00,7.247410767078197,8.545493769817883,7.890560853499721,9.558656238300529
2023-05-10 13:00:00,6.395120463370505,7.51680698395278,12.48785569263179,5.423818369010828
2023-05-10 14:00:00,7.326192092765019,5.947915451430058,11.02364895395141,13.176421274079551
2023-05-10 15:00:00,10.28633606668632,7.488322593153528,6.771243760841371,7.701474242147668
2023-05-10 16:00:00,9.050163646329409,9.071578183345085,7.561418812045539,13.088406096137586
2023-05-10 17:00:00,4.462919093245768,11.515048008037201,9.52142990700015,9.276835075078706
2023-05-10 18:00:00,5.70578157575801,3.9977461556054066,2.6904540596832733,2.114451280038402
2023-05-10 19:00:00,4.050358996749501,5.825310503789877,1.5966485212486947,0.19496517795326973
2023-05-10 20:00:00,2.3325197996624056,1.1123405823602517,4.440715723949784,1.5490760153946463
2023-05-10 21:00:00,1.398616807400046,1.2824459929581453,3.1841811311326254,5.044661722614551
2023-05-10 22:00:00,1.6821451352908483,3.096734746799883,3.106143316557511,1.391119825579675
2023-05-10 23:00:00,1.688647777516612,1.6457886431397386,1.695361464340904,4.129817493322944
2023-05-11 00:00:00,3.175890172930745,2.2691350870471396,3.1480824986820046,3.433372552539451
2023-05-11 01:00:00,2.5275657465778365,1.6026656817141163,1.7888561373542529,4.219239735067839
2023-05-11 02:00:00,4.1844962781753265,1.3999944873585457,3.8250384471744048,4.453865417223819
2023-05-11 03:00:00,3.980062174809876,3.574220231934212,3.293238845210623,4.06387884703029
2023-05-11 04:00:00,2.7609395347658165,4.02932183738203,2.9604115879454316,2.7649127512052605
2023-05-11 05:00:00,4.285586710346839,2.8800069381610447,4.651392242722503,3.9993671838656617
2023-05-11 06:00:00,3.19259938111779,2.9633123444831497,1.6132151864975155,3.7748309203735015
2023-05-11 07:00:00,4.567761475047103,3.572332260592158,4.205583470021822,3.217717484914159
2023-05-11 08:00:00,7.545910494271979,13.223822210071507,13.030125113474565,14.383602265283038
2023-05-11 09:00:00,8.58332579120616,14.132267760642202,12.454458668898859,8.10112506072963
2023-05-11 10:00:00,10.525564014813183,3.478283944727556,5.126498473589354,7.259786897308519
2023-05-11 11:00:00,9.944563917935849,6.001642540844595,9.544985706350754,12.07505524571603
2023-05-11 12:00:00,7.845367940134038,12.313985667905339,9.010140838091909,13.726938841467444
2023-05-11 13:00:00,7.473592406547785,10.486887558107895,12.466194479736872,11.34227409352481
2023-05-11 14:00:00,8.899948874247682,10.642597970484257,1.4689768847229914,11.81498371537918
2023-05-11 15:00:00,8.29995143702261,12.831543010445962,8.704787746586568,8.430373970853953
2023-05-11 16:00:00,11.729939820733062,11.298925092122579,15.115418624192285,5.572797604664365
2023-05-11 17:00:00,8.515254292653022,6.43157569887425,8.652104730710708,10.765676580813057
2023-05-11 18:00:00,5.168586585717468,0.1,4.6033472587170365,3.5812752468525004
2023-05-11 19:00:00,3.3216780255732905,2.831242126797485,1.170971753409593,2.744306566734531
2023-05-11 20:00:00,4.017568835368662,2.246807694309017,4.736310936969766,0.1
2023-05-11 21:00:00,3.1277603308406636,2.9153037371315316,4.647955102405099,2.517189275445394
2023-05-11 22:00:00,0.9768403201497522,3.823775697649636,1.384142777186637,2.0141820714243814
2023-05-11 23:00:00,6.373780089828941,1.7280612982614612,4.384381675454901,2.505335894521719
2023-05-12 00:00:00,0.1,4.159130614693358,2.9617729886341624,7.4289991600594005
2023-05-12 01:00:00,3.363056345682495,1.9320431267976672,3.1158530669094624,4.219839484919669
2023-05-12 02:00:00,0.6769074075081276,2.6646934697873217,0.1,3.702201619460799
2023-05-12 03:00:00,1.6048199905973608,5.98780308141809,0.18928475562852487,3.0472742364412406
2023-05-12 04:00:00,1.5220674036616055,2.2257280021361616,5.849071244679118,1.2388836900118954
2023-05-12 05:00:00,3.829072258089746,2.088950686695953,3.846481026053081,2.8883897781456738
2023-05-12 06:00:00,0.6546247686642253,4.030173477920937,3.7067952761670915,2.63580000889794
2023-05-12 07:00:00,5.093683406122854,3.521234046720496,6.511901799555723,2.062806989258713
2023-05-12 08:00:00,10.99154518944819,14.792722431019438,12.117135726957954,6.8468664008950375
2023-05-12 09:00:00,10.620563237414439,14.584551096489848,8.533986640678934,9.396338671453826
2023-05-12 10:00:00,10.56277549810445,4.875243917725252,8.284329597028746,3.4123674512396356
2023-05-12 11:00:00,9.556936819501018,4.3980567389158125,10.61570803269749,8.915591046491992
2023-05-12 12:00:00,13.606312778605137,12.833423987352639,9.651967330349857,14.028609778466908
2023-05-12 13:00:00,13.029359985548624,11.798214217568642,8.839607278472638,10.649648386495484
2023-05-12 14:00:00,10.263210693297447,8.568636897163785,15.549023429175854,6.995438272547004
2023-05-12 15:00:00,8.761601310418083,14.23593687101309,10.03346256463671,9.48725216608528
2023-05-12 16:00:00,7.075667147000518,10.486374096665799,9.80735204088706,11.057633951105782
2023-05-12 17:00:00,6.421454326388138,5.503328684928685,5.975854634624818,7.044519395546342
2023-05-12 18:00:00,4.313548313334826,6.01284259423023,2.6521485322853615,2.264840909292216
2023-05-12 19:00:00,1.6010305948958348,4.615261275886208,5.248694059785224,4.223675417748783
2023-05-12 20:00:00,1.0438661439923302,2.288288375910467,4.809089071555655,3.6876862256709897
2023-05-12 21:00:00,4.864699169158146,4.350593953901351,2.1101989423870675,4.392154701818204
2023-05-12 22:00:00,2.709867968886761,3.416747148263066,2.25082215745455,3.5935699980008904
2023-05-12 23:00:00,1.800785874918315,2.8475376854866754,2.3957264824247995,2.838607316923617
2023-05-13 00:00:00,4.039888503945748,5.170776729337066,4.046504875668958,2.7708484967987617
2023-05-13 01:00:00,2.634994942853488,2.6245142476437735,2.074335184156993,2.139603005630242
2023-05-13 02:00:00,2.6703559309030007,3.2009147204429924,1.9246091437584785,1.5480128720851987
2023-05-13 03:00:00,1.3297756569060182,1.6663196534378217,1.4366227146193866,5.21924912249381
2023-05-13 04:00:00,4.499857678655493,3.346795066920815,1.7799382722700572,3.1267099253257298
2023-05-13 05:00:00,0.2081640135200682,3.8702887834739625,2.6351220698144733,0.5051669008572732
2023-05-13 06:00:00,3.987752370715715,2.7830110591014843,3.1980182724363857,3.2272614340967856
2023-05-13 07:00:00,2.1133354978609136,5.52366388916729,3.2677293039350306,2.7327608756170316
2023-05-13 08:00:00,4.596810296699315,5.9452126407573145,3.554080204303284,5.718824318978512
2023-05-13 09:00:00,0.3330041448663663,1.0554730319748826,2.1237988786884707,4.450500004114489
2023-05-13 10:00:00,1.0127246773350929,4.915041280976551,2.8402679780422333,3.369164528940174
2023-05-13 11:00:00,4.295277403409416,1.0847123911437846,0.5174999952268502,5.091865121732141
2023-05-13 12:00:00,2.385231935131922,6.698090864688489,1.3843345832514373,1.9657874238936532
2023-05-13 13:00:00,4.1505351977118,1.2393592486223115,3.7779857808016875,0.1
2023-05-13 14:00:00,2.073403871220338,1.8720077809516713,3.2662993394196076,3.444614939176537
2023-05-13 15:00:00,5.966697450832224,3.9849116404386913,3.113623628311828,1.76399787752398
2023-05-13 16:00:00,0.45714734704836335,2.0281143733661113,1.0655868365771761,3.7074925957082856
2023-05-13 17:00:00,2.0592993084433555,4.229667007674869,0.8663007205121054,4.283175804862944
2023-05-13 18:00:00,2.787884758401407,3.79879810645296,4.845873360932055,4.299761032617327
2023-05-13 19:00:00,0.2908400338214192,1.9319518663402584,1.750765200749362,2.0212993395728747
2023-05-13 20:00:00,2.3468608803003534,2.403598486942586,2.5244187843481503,1.6070833319056177
2023-05-13 21:00:00,5.256861025077848,5.016883657811611,2.157515449655693,2.4137640695547113
2023-05-13 22:00:00,4.403012429691085,2.626507200528678,5.497879607530473,2.2277720560787295
2023-05-13 23:00:00,2.618986942912058,2.333969096447158,3.212693582415112,1.4748785743356891
2023-05-14 00:00:00,1.2954713575481458,2.303511018555101,4.431163180991809,4.445088551147085
2023-05-14 01:00:00,3.133416314057606,5.329750104158317,2.361646984638802,2.7149913951942963
2023-05-14 02:00:00,3.294720137544458,6.398918135503955,2.9225535555447366,1.338371371991929
2023-05-14 03:00:00,2.4496611650984925,2.4074372970805036,0.8619381848094223,3.554701563509024
2023-05-14 04:00:00,4.473257441578159,1.7741664169579328,4.564027034857631,2.4490221293648475
2023-05-14 05:00:00,3.066866769521961,3.3638304859900625,4.244127873956302,1.5615651872474106
2023-05-14 06:00:00,0.5885477247240662,4.193942579385416,2.438043055575781,1.9184009253582612
2023-05-14 07:00:00,2.6986363322669513,2.069083495780239,2.9761236672885314,4.468203540517825
2023-05-14 08:00:00,1.868462452514088,4.427442640477436,3.4624426276762192,1.8984441490171085
2023-05-14 09:00:00,0.1,1.7436334497893118,3.106737867704064,2.1538087575047116
2023-05-14 10:00:00,2.6401662003281405,4.322922550031758,0.4035664769838103,3.89234278279224
2023-05-14 11:00:00,1.7802502227972923,2.900092120740976,3.932567961108277,3.142938905765883
2023-05-14 12:00:00,4.820453449480186,3.6675769979729553,1.483772409263527,3.0498394933573008
2023-05-14 13:00:00,3.1626785563884363,3.6281473977929926,3.920647752471442,1.743308030589393
2023-05-14 14:00:00,1.5143894504658513,1.0932738351656992,2.0685120176327123,3.235014210684223
2023-05-14 15:00:00,0.4667765913070463,3.727713852996482,4.361674825069976,3.8682649011372314
2023-05-14 16:00:00,0.4287733929498234,3.085337095432758,4.1569197672612805,2.6167139317549326
2023-05-14 17:00:00,1.4122975323098987,3.390374099466942,6.429694078641426,1.638803187925613
2023-05-14 18:00:00,1.8927645145708207,1.6117814342372778,3.2569802700692962,2.4327068867662107
2023-05-14 19:00:00,3.964590088796163,3.2076993166433247,1.9932634804410383,1.1664482066360402
2023-05-14 20:00:00,3.407264584215807,5.137793766555398,1.7648912611244572,4.35415771692392
2023-05-14 21:00:00,4.3265793127026715,2.4395512170857954,3.932400476661082,1.8043230706502837
2023-05-14 22:00:00,1.9699394041438802,2.7682364580921424,0.8674218855415186,0.1
2023-05-14 23:00:00,2.551666710315877,1.566042202671881,3.2995240389125056,4.369700797932388
2023-05-15 00:00:00,1.6484643617892545,4.956107144094258,2.50123889687357,4.8971907823267475
2023-05-15 01:00:00,2.2574555331523785,3.6694299979171396,2.149934904331351,0.4542302347018099
2023-05-15 02:00:00,4.861761366565943,3.6308167664496382,5.788469929227534,1.072340202902361
2023-05-15 03:00:00,5.03300741072352,3.669632390547865,2.37318000262209,4.5562184188585215
2023-05-15 04:00:00,1.9141722694237755,5.572333569567946,2.9952708518707616,3.775134083028862
2023-05-15 05:00:00,6.89026209827524,3.883798295421634,4.01829475668994,4.635912649942439
2023-05-15 06:00:00,3.7267523661304836,0.1,2.754817573097612,2.1807690894469385
2023-05-15 07:00:00,2.828812902686671,2.766056562368403,0.1,1.7440052395328665
2023-05-15 08:00:00,12.02987268592468,3.822464338813889,10.038767116080338,9.491418047089045
2023-05-15 09:00:00,10.507186243901979,8.049714899971306,6.4357781064738395,13.933481693185264
2023-05-15 10:00:00,13.371281840274044,7.978397861330885,11.923273033455237,10.88378612472915
2023-05-15 11:00:00,10.41148523158275,8.42065201854939,8.630574601793345,7.434903181719034
2023-05-15 12:00:00,11.249831737285916,11.851092357629133,9.566466243792759,12.57973752699813
2023-05-15 13:00:00,13.07247451174221,6.832055493538069,13.222291745972223,12.157692491431
2023-05-15 14:00:00,12.09636300655759,10.845919843893112,11.019166497467857,10.356233724354505
2023-05-15 15:00:00,9.782725547910847,15.491190878762396,12.835469504595604,10.311747865565952
2023-05-15 16:00:00,9.09819858077918,9.908430950300968,13.624434163585402,11.428187734137266
2023-05-15 17:00:00,7.260040691875526,8.105495169892324,9.206075988862453,11.992506623813217
2023-05-15 18:00:00,2.0691221245121727,1.0371327980369198,3.3293270338100824,3.147791025867523
2023-05-15 19:00:00,0.1,2.192674462974801,2.8200056146401837,4.164791609994833
2023-05-15 20:00:00,4.025310916995671,3.9289583689771224,4.24458674968004,5.006574985679402
2023-05-15 21:00:00,3.275093405648105,0.2579767175209815,4.431490550904417,4.648272160043543
2023-05-15 22:00:00,0.1,1.0162141871557868,4.903620048983372,2.660582305489576
2023-05-15 23:00:00,3.8981463295873944,0.1,2.0268725120955384,3.0741884766748555
2023-05-16 00:00:00,4.131053419543322,3.4676813893406617,4.083798908363648,6.123130919890777
2023-05-16 01:00:00,3.1566220607698465,2.596206166762166,2.2595402610784268,3.047866364425905
2023-05-16 02:00:00,2.2709938455440515,2.462809808757873,4.376446757516785,1.2663369655703751
2023-05-16 03:00:00,4.204648208642249,4.040956555285165,4.1971088621549635,1.3657435591798657
2023-05-16 04:00:00,2.6776379895899276,4.193537941846414,3.9997063296718034,2.870643538812172
2023-05-16 05:00:00,3.6215259440087175,1.2290012577237204,4.5337923652482965,3.0694370886633804
2023-05-16 06:00:00,1.4600228423856816,2.433243844872442,1.8911045498983228,3.656838071819497
2023-05-16 07:00:00,1.6364589511395002,2.4862856019492834,1.3078935782089838,2.5452133473370857
2023-05-16 08:00:00,8.650302526925536,10.181835353614593,10.365867181898466,7.709846682748179
2023-05-16 09:00:00,8.529417851023426,10.73280513561977,3.124943510577366,11.974429619112328
2023-05-16 10:00:00,11.81907924299644,10.644688569820064,12.102595933389159,9.095088286407348
2023-05-16 11:00:00,11.212549121725775,9.157954550769478,15.215211476803082,13.307057553444068
2023-05-16 12:00:00,12.5582907065819,9.075476243026921,11.046736191571497,8.703337443261441
2023-05-16 13:00:00,10.917793811466781,10.071976931172134,9.955016486541002,10.791440448902593
2023-05-16 14:00:00,6.442760154160975,7.093414340264557,8.821735178953908,15.070868228427496
2023-05-16 15:00:00,8.36074877081666,13.258782378770471,7.218160510923631,12.734781368051575
2023-05-16 16:00:00,9.23574601882294,9.723964360549816,6.364676881868622,13.904761074603462
2023-05-16 17:00:00,10.195654548096037,7.585506681165972,11.68260074761559,10.33626859762031
2023-05-16 18:00:00,0.1,4.022414015894631,2.514748118426444,2.911936309401113
2023-05-16 19:00:00,3.120024372912878,2.647531384609496,0.4184341670074052,4.758991113269915
2023-05-16 20:00:00,5.767317472722965,4.229488349404189,2.9646829437412743,3.8233499261752684
2023-05-16 21:00:00,1.8730386576813158,4.130921411553253,4.533347545982579,4.002756394390246
2023-05-16 22:00:00,4.56318339657339,1.529368724501512,4.517413831788492,2.07412379299972
2023-05-16 23:00:00,3.7793341599776875,4.508651830849119,6.071969654267792,3.026122313903315
2023-05-17 00:00:00,5.841776210100906,1.9730409677335379,3.704105991847955,2.059652613591693
2023-05-17 01:00:00,2.232591274327855,2.054830592411512,5.238947750441682,4.060031753129941
2023-05-17 02:00:00,1.9790237289738895,4.382971470039346,4.198473961454823,1.3812630918530173
2023-05-17 03:00:00,3.5353928101321808,0.5864252887384929,2.3002497444384913,4.040133591176592
2023-05-17 04:00:00,3.557947417891593,0.9225815046855628,4.688540898020461,0.1
2023-05-17 05:00:00,1.7268384770094254,1.5005036861862366,2.9422107954251064,5.668209051791722
2023-05-17 06:00:00,1.1603161969310258,1.986889809550823,1.974399516980703,3.198887238555798
2023-05-17 07:00:00,1.024674657608411,1.8229665249185105,3.0763020550151645,3.153901317489891
2023-05-17 08:00:00,13.715091688017996,12.75027323771784,11.107198286539102,7.22000373491121
2023-05-17 09:00:00,11.554045291976482,12.66234925306929,9.23332230586411,7.5963714348671845
2023-05-17 10:00:00,11.558436085283011,7.166355313496865,11.020641467596567,8.67031740752246
2023-05-17 11:00:00,10.193525486791566,11.383621526628827,13.60427123269381,12.131592510696795
2023-05-17 12:00:00,12.403399697745039,9.835883604518951,11.30437247261072,14.753582031639283
2023-05-17 13:00:00,11.443499222476996,9.96797157049342,10.798623676277344,11.772604590449486
2023-05-17 14:00:00,10.83385880546845,7.5622567060988155,10.16419677582106,8.033280551164017
2023-05-17 15:00:00,8.458248880730181,10.65266250837655,11.270973040475857,10.359687165460922
2023-05-17 16:00:00,13.0262331505394,11.171372497935153,10.646332649267764,9.848123632992449
2023-05-17 17:00:00,8.509082434621586,11.995319127015726,11.886383204212354,9.106418397746568
2023-05-17 18:00:00,5.0050864960649,1.8885522962436991,5.257981725955638,1.0429045298978616
2023-05-17 19:00:00,2.7898023829564376,1.130982227961514,1.0043476352878997,1.1144615971485743
2023-05-17 20:00:00,6.339075778172377,2.489471947260663,3.472783772684204,3.400102283165815
2023-05-17 21:00:00,2.833471570718268,1.9204281852889087,3.1276253226233326,2.709745070030489
2023-05-17 22:00:00,0.5398227139624492,3.185884596298687,2.782693810761829,2.367190246964717
2023-05-17 23:00:00,4.449860582451144,2.5813464022475547,3.312048319822844,2.3939310011883803
2023-05-18 00:00:00,4.50663079644728,4.623674432051795,3.557981323345886,2.406872974016741
2023-05-18 01:00:00,2.524286130231886,3.944424574907048,2.79421595232909,3.818638336265923
2023-05-18 02:00:00,3.327413623824909,4.377270440818271,0.1,3.2883792381172032
2023-05-18 03:00:00,2.5354969784153116,6.353219432619267,0.985066046668448,1.3993791780762042
2023-05-18 04:00:00,3.620389137579732,6.154335538808286,1.6114787624234808,4.546115035068782
2023-05-18 05:00:00,5.118871350303239,4.046262193044269,3.1081366901714382,2.4164146258920236
2023-05-18 06:00:00,4.406156333633533,5.74271979997072,2.2066462735035333,3.3146682641908707
2023-05-18 07:00:00,0.40765628468819237,2.6714907404530646,5.0061253850954675,3.4392972086967704
2023-05-18 08:00:00,3.996352116538713,8.707246009231804,12.599451219400294,10.25012002715824
2023-05-18 09:00:00,10.968120500723199,13.486717784147933,12.441008094738427,12.332794517500812
2023-05-18 10:00:00,2.3383411562100385,4.106336243559231,7.450218387111147,8.803367441441765
2023-05-18 11:00:00,9.093889376531813,15.330728934490761,4.589056198764306,10.115183457252517
2023-05-18 12:00:00,9.918086693696885,13.480124653768948,7.328430177766576,9.994684760663665
2023-05-18 13:00:00,10.367214274787205,10.51480182518097,6.364203148108566,10.742687681082845
2023-05-18 14:00:00,10.876449225637113,14.86556143752983,10.86191667522909,5.55247522189885
2023-05-18 15:00:00,9.59495727457922,6.434373729910493,8.221724477948419,6.612535349181658
2023-05-18 16:00:00,16.915380344738384,11.695222459783881,12.082525797342036,11.909088441934946
2023-05-18 17:00:00,9.315268425880806,5.837310895484668,7.3640516211058635,11.744674156433794
2023-05-18 18:00:00,3.53939069415064,2.6959231834014536,6.239580938760977,4.371828513710097
2023-05-18 19:00:00,2.376292567765587,4.9972909424211895,2.31658700284898,3.2202254017121383
2023-05-18 20:00:00,4.9028696250404815,0.1,4.3524660755386,4.220346565331354
2023-05-18 21:00:00,1.1292013348558554,2.448687045040168,2.177006489856896,1.1632390321477437
2023-05-18 22:00:00,3.9506534385705523,5.575154051796021,0.1,2.6429841840826502
2023-05-18 23:00:00,5.53502511369441,1.643031425796053,2.1012563860201303,4.485288721292919
2023-05-19 00:00:00,0.8725801378863043,3.8459276260299458,0.1,3.215103602234227
2023-05-19 01:00:00,3.335064214380164,6.6773597754609995,3.179226918983714,4.354465366545402
2023-05-19 02:00:00,1.5635287271140434,3.001910403859226,3.1044729575784533,1.9911211647241156
2023-05-19 03:00:00,0.1,4.786390363696448,3.523999701102613,1.580576075791802
2023-05-19 04:00:00,3.3694214570325625,1.2489772581848877,3.517299480129828,2.8009213244258953
2023-05-19 05:00:00,3.337712965648787,6.036673082424316,5.578266440457747,3.4676433370176185
2023-05-19 06:00:00,1.6380343914909887,0.7785910476168629,5.792998697010832,4.884871365094289
2023-05-19 07:00:00,3.6424679056105633,3.220628288224006,1.7798744898395746,4.627660262345165
2023-05-19 08:00:00,11.599303878601338,13.453125134936077,10.178751519765477,13.803962241995059
2023-05-19 09:00:00,10.800400724400937,7.639561121129843,4.143408322364781,11.979177339408707
2023-05-19 10:00:00,6.143050556430081,8.054380326917897,13.54194999323473,6.102256437546993
2023-05-19 11:00:00,9.818242715417341,10.639178718928086,8.580097780667938,13.70086994354621
2023-05-19 12:00:00,10.191343611296716,8.14257841233066,8.15265561896311,8.969225418058713
2023-05-19 13:00:00,12.997383363141441,14.242525072190592,9.279938494409942,10.713840314347818
2023-05-19 14:00:00,6.050403728425608,11.1286096031149,9.258192439533413,10.108442265718542
2023-05-19 15:00:00,9.964036505104376,13.70455965640425,15.400166562010313,12.188116392863076
2023-05-19 16:00:00,6.332851822562338,12.454061986442134,1.5935470377229137,15.135157689586974
2023-05-19 17:00:00,4.446726159063417,9.899076887546157,12.755849025958803,12.721961406188791
2023-05-19 18:00:00,0.9615965504644848,3.4696212966881994,4.277893171953974,1.4322508532802933
2023-05-19 19:00:00,2.0266865240349317,3.043306614163526,2.08691960697609,3.024969975250671
2023-05-19 20:00:00,3.2422187896811376,5.592966612770655,4.042496728099281,4.897133078950546
2023-05-19 21:00:00,2.961612539803281,5.727080244654134,5.240374026187805,4.210692141339772
2023-05-19 22:00:00,1.6999119998671266,3.5487627434693163,0.8867146317063761,0.1
2023-05-19 23:00:00,0.9765146244492908,2.4196845300186887,2.73591887177273,4.052325303541348
2023-05-20 00:00:00,4.06238903933045,3.3248477683726545,1.5610777455804064,5.140730175028947
2023-05-20 01:00:00,2.3292801912738224,2.5608641538205426,2.3371144311927714,5.07372250369641
2023-05-20 02:00:00,0.1,3.1926728259226556,0.1,2.521076659280983
2023-05-20 03:00:00,2.5064801873521603,1.4574597198340933,2.97997994174837,2.0902226373246884
2023-05-20 04:00:00,0.46106758947723714,1.9807928190875093,1.9150255998394572,4.561297823901096
2023-05-20 05:00:00,1.6840732845311948,5.573615205089844,3.3320616721469367,1.6121895305784681
2023-05-20 06:00:00,4.1536051039239785,3.5094830887733286,3.07035310263026,1.7323266363329126
2023-05-20 07:00:00,1.7721303391596543,3.3182751342413317,6.949150651591917,2.6649682843532982
2023-05-20 08:00:00,4.078129881127786,5.763378868854158,2.5590179573340244,5.486420210164582
2023-05-20 09:00:00,4.240339145784139,1.6642690628747947,3.6468923532029627,2.436261600623056
2023-05-20 10:00:00,3.228370578238365,1.3873919109223047,6.001557943968478,4.640797050424993
2023-05-20 11:00:00,3.3661816771857964,5.062543350077772,3.5003450768610143,1.6229974533657519
2023-05-20 12:00:00,4.233150175710692,0.47166250623594586,4.369186015949312,4.3021460590265335
2023-05-20 13:00:00,3.4993662845569604,1.7292180211801367,1.4306014148031696,2.60665223213918
2023-05-20 14:00:00,4.880856681207748,0.7656529098064455,3.210221366615758,1.87404823921698
2023-05-20 15:00:00,2.454485223650994,1.4683917912452285,3.107834143464401,8.046318228610247
2023-05-20 16:00:00,3.87692684893606,1.5660688396220848,2.8926121963174554,4.920320051324646
2023-05-20 17:00:00,3.3836320623897755,3.7816000686388125,3.0387252684217545,1.5430455371229346
2023-05-20 18:00:00,2.73971919539158,3.4971381867498987,2.838475743795965,2.5098572087597515
2023-05-20 19:00:00,2.5626069694685487,4.536462787109045,4.6163272308618435,4.060391264077191
2023-05-20 20:00:00,0.1,3.6993468163770933,0.1,5.47765621597497
2023-05-20 21:00:00,1.5102575743227946,2.5238373034326274,1.9212327677463752,3.3829458630677154
2023-05-20 22:00:00,2.9508701079701893,3.5590866760310043,1.9900415835208256,7.761646950005172
2023-05-20 23:00:00,1.6375726426606914,1.7355790010465304,3.441046900769015,0.6103652741029846
2023-05-21 00:00:00,1.963616496931353,1.7067011634686775,2.4616527148776424,4.960300201681259
2023-05-21 01:00:00,5.4027877775599,1.2211702348145819,1.5651469116515602,1.2670516391896347
2023-05-21 02:00:00,1.2720639911059572,2.1316708589178877,1.4185680919109855,3.4050243598153656
2023-05-21 03:00:00,3.447346736214094,1.8768184600410325,2.737641804445706,2.868440710173186
2023-05-21 04:00:00,3.0677378050595454,1.5151425503371783,2.084568439539803,1.0822934588982118
2023-05-21 05:00:00,0.8785244016324434,2.769821639518735,5.985545582717476,3.2975657433741223
2023-05-21 06:00:00,4.168516147164607,1.2260049770110246,1.162560921341791,3.4989197212778125
2023-05-21 07:00:00,2.4968519378996215,2.8576231654603452,2.8054167265371093,1.1734560605933533
2023-05-21 08:00:00,2.5886836018410393,0.1,1.219013695984209,2.5931958111523183
2023-05-21 09:00:00,4.920780665117721,3.9022523399424935,3.3878229217475786,4.047864592151139
2023-05-21 10:00:00,4.743465624934626,4.763901389017748,2.7685052683167712,2.705834138403046
2023-05-21 11:00:00,2.9175259981780743,4.388728676887336,1.9055283939428036,1.3537337845037625
2023-05-21 12:00:00,4.824715865947727,3.6569277562924416,3.803063259625371,7.26333648645134
2023-05-21 13:00:00,1.842468532226374,3.3122713236506267,1.4871812649910443,5.267423181491411
2023-05-21 14:00:00,6.134943736973744,4.247580403495673,4.666994680959964,4.973117118141928
2023-05-21 15:00:00,3.3400260499544174,5.440922058239078,1.8688066065041027,4.0035222934815105
2023-05-21 16:00:00,5.190360009578522,3.58348915006308,1.1071986578394692,3.7681896241295982
2023-05-21 17:00:00,3.7392416919449936,0.8885830778113806,4.1071993676660306,5.45811670886158
2023-05-21 18:00:00,5.565246464745311,4.270795433705341,5.927123953970163,1.5980889500795554
2023-05-21 19:00:00,0.45313147210051197,4.441328971731779,3.805070536752014,5.023922980158509
2023-05-21 20:00:00,1.5301129243539076,0.9577225336136643,5.674843019393439,1.3724942320081435
2023-05-21 21:00:00,4.138970110721577,1.8360592220969798,3.659303362610731,4.9270103753871854
2023-05-21 22:00:00,3.6699360698660994,2.2136200362253446,4.264558937059777,2.745103331671827
2023-05-21 23:00:00,5.3702481587735145,4.413521399112703,4.717830233942584,1.9973390100397466
2023-05-22 00:00:00,3.7685711950204244,0.1,2.0858293794565324,4.244470930938882
2023-05-22 01:00:00,3.834079568544906,2.810920472720151,3.995891701207718,2.769625173739887
2023-05-22 02:00:00,3.7700340114057287,0.860762128906714,3.6064494064597294,3.7310675350118214
2023-05-22 03:00:00,1.9505932966069168,1.2421140554078287,5.560456929575445,4.082774246247412
2023-05-22 04:00:00,3.3194517028153716,2.5417381103655785,2.2184525319382784,4.313650394990584
2023-05-22 05:00:00,2.476299795882716,1.250251834211418,2.865113311605033,0.1
2023-05-22 06:00:00,4.028690534907185,2.5055226306176532,2.8021323475884348,3.472324114687987
2023-05-22 07:00:00,1.9483339268511644,6.110307674804383,3.8516717299583365,5.325603183706328
2023-05-22 08:00:00,6.589508732091407,7.770032630566738,14.790764340950751,14.769619921416929
2023-05-22 09:00:00,12.131759083294845,13.136974765419435,5.691017955482094,8.444874606615663
2023-05-22 10:00:00,9.311092431238938,8.08311943805205,15.119870470178489,12.02053097558756
2023-05-22 11:00:00,10.145309935498593,9.67307662548479,6.038003810140575,7.191319075913264
2023-05-22 12:00:00,15.269061422016682,7.079825053679203,10.933907046223093,9.801371122584142
2023-05-22 13:00:00,13.496833456221545,10.4841965403967,3.53914040322495,7.491415884676606
2023-05-22 14:00:00,9.068472200948547,12.363515327699387,6.774011501052114,8.575313314023479
2023-05-22 15:00:00,6.066868079818262,9.177632884052034,12.793365991665171,12.230459540457197
2023-05-22 16:00:00,9.809835011772766,10.922938272974246,7.815240063228309,11.692777973342604
2023-05-22 17:00:00,8.503766220942088,10.983688478945774,9.892290428613196,2.4155025297153765
2023-05-22 18:00:00,1.0858260046530905,2.674686404110389,3.6189856181484217,3.923719828509845
2023-05-22 19:00:00,4.432007947879604,3.030009960902814,4.752634244079525,2.394481179276135
2023-05-22 20:00:00,3.5088737241054537,2.59337479155329,2.8440444971890426,2.290213301561856
2023-05-22 21:00:00,2.809551760279573,4.205251677585755,2.3083279650260007,5.223796472928424
2023-05-22 22:00:00,1.3606824564167246,1.9783251533436168,2.775452541179244,3.6231041369015617
2023-05-22 23:00:00,0.1,3.683519590613723,2.8720609025037347,5.030832567358603
2023-05-23 00:00:00,2.218400475457637,4.606285728646634,3.2246656406239347,3.3211856116741068
2023-05-23 01:00:00,2.845344945164627,3.691284777206237,5.57733165340538,1.5229950552896254
2023-05-23 02:00:00,4.477420346024781,2.483952502779344,1.7773579660096723,2.188646804486252
2023-05-23 03:00:00,3.5233403488508017,2.770135095862083,5.852835000463726,4.593315482337028
2023-05-23 04:00:00,1.8574711431343878,5.241815001409001,2.0647984307219134,2.278709961963742
2023-05-23 05:00:00,3.4192733172816774,2.3704806913413172,3.2409073170992175,2.3866812591639417
2023-05-23 06:00:00,2.8485221717301603,1.8018275155230299,3.0755891905166504,1.9505007427816468
2023-05-23 07:00:00,0.9238475907487627,4.141277088850901,2.813757415806322,4.903463210457805
2023-05-23 08:00:00,10.94918109560333,9.300095110196828,5.780460875235106,8.124186955693812
2023-05-23 09:00:00,6.792458237230878,14.024330472679608,9.923420584612183,12.321909394779247
2023-05-23 10:00:00,11.625238042815571,16.27841379550852,10.771778644910663,16.217034686536046
2023-05-23 11:00:00,11.820482239424626,6.281003542933992,13.481831769701248,6.306897567385601
2023-05-23 12:00:00,15.458550807438037,11.830760432959085,8.947230443857858,12.86130668968881
2023-05-23 13:00:00,13.002067737810657,11.140200339777335,6.964750403166834,12.02206294225069
2023-05-23 14:00:00,7.219762895574756,8.842010756394078,12.478072238881282,13.00082262107109
2023-05-23 15:00:00,14.299295882556692,12.584611889466007,11.599341677328512,14.052271166522448
2023-05-23 16:00:00,11.613058100303416,14.64981655978799,9.965830771411895,13.16159214628164
2023-05-23 17:00:00,5.986056919985385,9.13138184721091,10.792671093749822,10.145382801629664
2023-05-23 18:00:00,0.1,0.1,2.5688405176957225,3.184010772108885
2023-05-23 19:00:00,4.0600872213216705,2.5069007106464967,4.4450696598520665,0.6953101188246791
2023-05-23 20:00:00,3.302977334790275,4.232515341234155,3.821198507989414,2.592748893553937
2023-05-23 21:00:00,2.3046111887155822,1.9559933699691112,2.615892224714532,4.343752984700941
2023-05-23 22:00:00,4.352845592762068,4.391956418155219,2.6423192230654418,1.2019902160773088
2023-05-23 23:00:00,4.960760601401127,2.649792112991371,0.6218829252939457,2.796379018844108
2023-05-24 00:00:00,2.8156068571262347,3.4087137781468932,5.229253778071981,3.987374092876933
2023-05-24 01:00:00,4.501135552046609,0.15121215363569895,0.48440038969899435,1.340534735948931
2023-05-24 02:00:00,0.7936975273143334,2.409238489862234,1.469554664925067,5.130671569468288
2023-05-24 03:00:00,4.763598330327227,1.5753213463809577,5.312208940034623,1.874695518278464
2023-05-24 04:00:00,4.156230253111372,2.2591166604283814,4.201442810274708,1.9918770017398688
2023-05-24 05:00:00,4.283514311771352,1.642725838784513,4.524228054373438,4.570517596208825
2023-05-24 06:00:00,3.9414630272080613,4.958264978366634,6.318367991244295,1.8454215016004532
2023-05-24 07:00:00,0.1,2.0453147362212247,2.9040191661622297,5.1200319259079405
2023-05-24 08:00:00,13.862475152215389,6.772877871187908,9.154089917364079,12.644779786711146
2023-05-24 09:00:00,8.869903527044453,11.301117329977743,7.3403739701746415,15.303528143343248
2023-05-24 10:00:00,3.779155175323698,3.9528041106539424,9.795413154049342,6.369980693615149
2023-05-24 11:00:00,13.847057776443389,10.788717214898787,6.48644654127714,12.947368231305786
2023-05-24 12:00:00,6.636455124590428,5.794057443917339,10.022600503303313,5.294823180769464
2023-05-24 13:00:00,10.735776297144012,6.159574850945313,13.802437353477986,14.812272050130744
2023-05-24 14:00:00,5.487373018435796,14.029272040212417,12.934529160465722,5.837737568706063
2023-05-24 15:00:00,8.825320026729106,6.055371678522034,11.510864473089134,8.072192385919415
2023-05-24 16:00:00,8.455040500806625,9.527625226260211,8.537305593730766,13.288444494070111
2023-05-24 17:00:00,10.60245688732306,12.748231564682131,1.8181371605714496,8.636927877564922
2023-05-24 18:00:00,1.7666412493569423,3.289296970308207,0.1,6.199302544709271
2023-05-24 19:00:00,3.464864103073046,3.319992401004244,2.093898928529022,1.8642348853992787
2023-05-24 20:00:00,4.493488924213206,5.999198069738476,2.4213844721148603,4.729469759450527
2023-05-24 21:00:00,3.2054827280500864,1.591626646232521,0.8044559196184249,2.0937030397820373
2023-05-24 22:00:00,4.893339364936008,3.520756393697124,1.7180367797665808,4.767789920794389
2023-05-24 23:00:00,3.338095009382145,0.4964391608910046,2.1891442538410772,0.1
2023-05-25 00:00:00,2.5997853307314753,1.0186166520387054,2.6294345551449005,5.928721358767813
2023-05-25 01:00:00,0.14818758261458065,3.359338077005117,5.613563581466374,3.1836246634682817
2023-05-25 02:00:00,5.654294921870477,3.3593446653537207,3.3463445290808163,0.27441622881731353
2023-05-25 03:00:00,5.0889971771593565,2.68207182204016,0.2567529664631234,1.5570914131078786
2023-05-25 04:00:00,5.0894185592702925,3.774148869015799,0.9963133897397114,4.953559973981466
2023-05-25 05:00:00,4.754249484114739,2.5547088362768613,3.504126909199641,4.063380153852367
2023-05-25 06:00:00,2.483177636038296,3.9758606851336418,4.14221264687307,6.22029810831518
2023-05-25 07:00:00,0.5455026109051775,4.700566784747403,3.2439123634757925,6.405499291485721
2023-05-25 08:00:00,9.064407475501744,8.56436690404437,16.948526651278684,14.444193318610196
2023-05-25 09:00:00,9.41533682862465,8.319447197834087,7.302889675382696,11.064618935155572
2023-05-25 10:00:00,7.349201435755968,11.246150681773385,3.137994649945796,11.113623965057077
2023-05-25 11:00:00,13.116661458459536,4.706445520109404,8.779544469576955,10.097044352950878
2023-05-25 12:00:00,10.73049642646139,7.13355264415237,9.055565388267539,6.44424352838908
2023-05-25 13:00:00,10.538774361975493,10.257974770562777,14.763277348207705,11.524360435284462
2023-05-25 14:00:00,12.350238849054087,8.71445026248331,4.064649678525657,10.521822825914407
2023-05-25 15:00:00,6.578977442593575,16.261516660796644,9.363260205043014,10.716867358567207
2023-05-25 16:00:00,15.804431416796843,11.580357207224814,6.234309002457579,7.721140857952564
2023-05-25 17:00:00,4.423461965763098,9.104131762611432,5.2085773901324455,9.405119680671127
2023-05-25 18:00:00,1.3817486072601355,0.7817885939478781,0.1,2.6160812008674195
2023-05-25 19:00:00,1.3485830439658617,3.1412501567808184,3.340338898076788,3.0158998047318994
2023-05-25 20:00:00,0.780281227582929,1.225020481238772,2.81177083829624,4.87876852772557
2023-05-25 21:00:00,3.000748654076689,4.0236780233824625,2.0834163210607146,3.937033950022511
2023-05-25 22:00:00,4.410936161259069,5.13630481602776,2.4082607152634945,1.7432633349551607
2023-05-25 23:00:00,6.68020209719692,4.3975420729726915,5.261432632307592,2.7424607969194548
2023-05-26 00:00:00,3.746978244274684,2.4412035858518744,4.088084696268972,0.1
2023-05-26 01:00:00,0.1,3.043292217820467,4.873581754001043,1.8047337007917215
2023-05-26 02:00:00,3.757677690868042,2.879774919020122,4.672152772398983,5.124406388659333
2023-05-26 03:00:00,1.9137243363525553,3.6799177848383886,2.4494297632059117,5.347221626181373
2023-05-26 04:00:00,4.204686618613569,3.5275273494042705,2.9702315061552653,3.623719450092683
2023-05-26 05:00:00,2.3856896628890807,4.417622753529768,2.9918303022110684,3.114399596069723
2023-05-26 06:00:00,1.6020667922154543,1.257607762901527,0.1,2.9896106904949713
2023-05-26 07:00:00,4.175085396112839,1.13525942697418,1.2721593521582353,1.349321585037405
2023-05-26 08:00:00,15.127620812905135,11.790107579918619,8.572486369604578,10.908282047541242
2023-05-26 09:00:00,7.865372207602189,8.75628585530452,11.437964377008598,3.7948190582265475
2023-05-26 10:00:00,11.88180236594698,9.686544354796235,9.83245431247518,8.20482125271387
2023-05-26 11:00:00,4.998069470400251,8.765537140046272,10.01526860836283,8.22916976672455
2023-05-26 12:00:00,15.537682994487973,11.586609972675454,13.887427838347623,6.994558783848076
2023-05-26 13:00:00,12.550166113582945,11.000547943043605,1.7738866886295295,11.979140093176468
2023-05-26 14:00:00,13.458282204392976,9.664355478779516,10.415899435688006,11.205337666858979
2023-05-26 15:00:00,11.587017259614298,9.904550847540952,2.109564111070931,10.560223815942468
2023-05-26 16:00:00,15.654852583167386,3.5297202168878936,14.155619124450627,8.768609624946459
2023-05-26 17:00:00,9.623707168298939,9.710744152731024,9.477477684697508,9.98098728574573
2023-05-26 18:00:00,3.592364707902639,2.387878890543983,3.472455984281515,1.4535676855278203
2023-05-26 19:00:00,0.8551280959659078,2.306554381314543,4.270075679416947,2.416564543895257
2023-05-26 20:00:00,1.80115145305901,5.509914190671959,4.689592841565134,1.059468885282688
2023-05-26 21:00:00,3.973649286286399,4.401717941953381,4.395985120868081,3.5911966379677693
2023-05-26 22:00:00,2.98284484301944,1.924199575011222,2.596520151064486,3.8514817708535087
2023-05-26 23:00:00,2.651269665277265,5.818410963563325,6.069343516577384,5.522870202188791
2023-05-27 00:00:00,4.959944325649501,3.182805781467919,8.015863494592626,2.3437912287139024
2023-05-27 01:00:00,7.248797543692331,2.500954945221922,2.914188781609853,3.945728160900557
2023-05-27 02:00:00,3.0033636738477987,2.8679195693632082,2.4719607991519084,3.210629785526533
2023-05-27 03:00:00,5.925444895547557,1.7325199481544118,4.7670104929037045,4.10689109601251
2023-05-27 04:00:00,2.8864087809549024,1.1259844780880117,2.972526182561979,2.666968788967106
2023-05-27 05:00:00,5.032766020436278,1.7677653450235644,4.723723446842964,2.0040431989168686
2023-05-27 06:00:00,1.856723409461896,4.347095165994617,2.447273521846423,2.9123115907126507
2023-05-27 07:00:00,1.6633559572286511,4.514864164144196,3.9249236014846085,3.3099679945320295
2023-05-27 08:00:00,2.8646762985171828,3.0012265470596633,4.816821343020328,4.670667599564009
2023-05-27 09:00:00,2.9039794224352122,3.0365260702418273,3.6700608055020876,4.722427776364042
2023-05-27 10:00:00,4.563083040784417,0.1,2.8353444329835065,4.011776206535862
2023-05-27 11:00:00,4.923192212575209,2.4841932997263,5.589130554936318,2.8069990141541625
2023-05-27 12:00:00,1.6750273844365133,2.1242366198499107,4.653496097212213,2.611444434765318
2023-05-27 13:00:00,3.214117269271992,0.9182282596221114,4.222744073848173,1.519217974678005
2023-05-27 14:00:00,0.1,2.343519059695262,2.5627467940133943,4.332674393293771
2023-05-27 15:00:00,3.2963077562064274,5.325555182558087,5.126116323218827,3.2827112092290545
2023-05-27 16:00:00,3.9663296897261837,1.69338486345796,2.1538614768461066,1.3065668506181303
2023-05-27 17:00:00,0.517301232049066,7.045508492912752,3.8769810738866077,1.7237529586545874
2023-05-27 18:00:00,4.585697912604159,2.9057927463468998,3.2118526951521913,2.472173553065784
2023-05-27 19:00:00,3.2332914025303725,4.26996382088174,0.4405599368070634,4.348495790652076
2023-05-27 20:00:00,2.806920610934386,3.2925948753136276,1.6342568853480803,2.0029182527810163
2023-05-27 21:00:00,1.523922305273177,1.6451274855644695,3.92498463876529,5.212136150748097
2023-05-27 22:00:00,3.857827707043202,2.4417881582652545,1.962984445371761,3.246071832249577
2023-05-27 23:00:00,3.927056153115974,5.169734758064831,0.948612050383411,2.4906740158507272
2023-05-28 00:00:00,2.2174144930076403,1.2180828867253823,0.14984117020394283,2.3973881571300026
2023-05-28 01:00:00,2.5006582148287726,3.538428910300011,3.274027693745287,2.7822087048420787
2023-05-28 02:00:00,2.9961598943787697,2.140911275256116,4.350480445190387,3.0537109013834725
2023-05-28 03:00:00,1.7143541550965038,2.0754912547616815,1.989824236726791,6.76508680394302
2023-05-28 04:00:00,3.387214457779449,0.5946883580509299,2.1145067999896074,2.9198259407621894
2023-05-28 05:00:00,2.4315305953590762,2.073951700181949,1.6416432180896212,5.142027290719756
2023-05-28 06:00:00,0.1,1.7829886820135936,2.042066595310267,0.1
2023-05-28 07:00:00,2.2176119542833486,3.8965981861035752,3.1470707206224278,0.1
2023-05-28 08:00:00,4.121946848094839,4.332644570297444,2.193277116973871,3.8409007182409822
2023-05-28 09:00:00,2.9565496911567304,3.553973041182621,1.3984516737095176,1.182721790097732
2023-05-28 10:00:00,2.9616347509851466,3.818013904691763,1.6329247116659396,3.5490485716924898
2023-05-28 11:00:00,2.087647847196523,2.397738505524072,3.4670038343937746,2.192909412762301
2023-05-28 12:00:00,1.6174215645767849,3.1004156187970935,2.5746948071968188,3.0930648164099113
2023-05-28 13:00:00,4.628776336163572,1.7124027344317994,2.335503575548236,1.7820144295004445
2023-05-28 14:00:00,2.5440662191435703,5.549774740830694,2.7300344113897443,3.69739716516032
2023-05-28 15:00:00,1.6568172174607843,1.6147278298795709,5.507618040890909,2.7665895975880095
2023-05-28 16:00:00,2.6309472373286855,3.8722782400638303,4.217432754850098,4.025690313133971
2023-05-28 17:00:00,3.334190640214791,1.8587740915688729,2.4108670059688966,1.6032080115732188
2023-05-28 18:00:00,4.014760575955865,4.573807833975566,3.9559490335681167,4.456589788332357
2023-05-28 19:00:00,0.1,2.8935410991583543,1.8737876750008096,3.112849121102673
2023-05-28 20:00:00,7.333406591417268,1.1635469869851138,1.9075564224949486,8.003021546413075
2023-05-28 21:00:00,2.6145614912403508,2.953542074632147,3.72800088500147,3.9834735370667325
2023-05-28 22:00:00,3.204726904334643,1.4334149507556182,2.910541568927913,2.6791534888955466
2023-05-28 23:00:00,4.365052981080324,3.0135407086725006,3.617198460855556,4.47909504195298
2023-05-29 00:00:00,2.8376548926941356,5.786732207562334,1.759604936098843,4.787055580358041
2023-05-29 01:00:00,0.6226420272156123,4.597215575127216,0.1,3.59919366433314
2023-05-29 02:00:00,4.573333673385173,0.1,2.8622604758764347,1.326215325291233
2023-05-29 03:00:00,2.8741902716458636,1.3858655038316425,1.553886414704337,3.3847286744662677
2023-05-29 04:00:00,2.4420494017637537,0.1,2.4843461981256727,2.8607185449486523
2023-05-29 05:00:00,3.081427570004002,2.660674508719199,2.130436080403487,0.7910831059298644
2023-05-29 06:00:00,3.453160139337871,1.1528284373069386,6.653962969689903,4.155892283520155
2023-05-29 07:00:00,3.191462439429736,4.689414382855533,1.4843776767588228,3.613490925977102
2023-05-29 08:00:00,4.353930276585407,5.590383174743263,9.976733890086848,11.116338425821999
2023-05-29 09:00:00,7.980037750515379,6.673366111794445,13.388791893341258,4.79819837245687
2023-05-29 10:00:00,10.835496293230353,11.784491001187368,8.39722681021731,9.393982996603482
2023-05-29 11:00:00,5.932708089440899,13.598101216730221,11.098603836662276,11.150528101196949
2023-05-29 12:00:00,9.956338902080056,8.905864648945641,13.679024474638357,14.126003826263734
2023-05-29 13:00:00,15.435876427503757,10.953570621052004,3.5080791599546384,10.703217167738723
2023-05-29 14:00:00,10.89920357252392,11.015689092776045,8.50661533251076,6.341220786715276
2023-05-29 15:00:00,11.569392004122601,11.770210558131453,8.799168917388279,16.197926124917693
2023-05-29 16:00:00,12.98647546805409,5.92014054138304,6.358672993311072,10.104888978302176
2023-05-29 17:00:00,14.121307962721117,10.018770464431023,10.5827688909739,9.747493796334235
2023-05-29 18:00:00,2.5813292492109654,4.18819328229924,3.7514998180929577,5.401408230563497
2023-05-29 19:00:00,5.164775486857414,6.039435519013131,2.975847959464113,1.8291547635286807
2023-05-29 20:00:00,6.429310721558958,1.7999529103688334,2.394870674272668,2.8317507154522894
2023-05-29 21:00:00,2.58526405750371,0.1,3.0191985387962794,3.6407572207501144
2023-05-29 22:00:00,3.2870567674221824,2.472570427079522,1.2037677645455376,0.1
2023-05-29 23:00:00,2.594953208354738,2.5706249795013587,1.233770776096237,3.6561081092252907
2023-05-30 00:00:00,0.6342966717751795,4.058047440375359,1.8894365241206186,3.257802113090513
2023-05-30 01:00:00,1.1323025630025814,0.5861518388335956,3.39914021258606,2.681105692187847
2023-05-30 02:00:00,2.4064672765271524,4.061057820321386,2.5692029226059536,2.158788011292623
2023-05-30 03:00:00,3.8675205305044686,1.0435147457259086,0.4984178947309603,3.0100665115060736
2023-05-30 04:00:00,3.360766091983303,2.034199618233827,4.396851554974134,2.5289375564416474
2023-05-30 05:00:00,3.919622492573005,5.2649644660656545,1.5776406368455855,2.62869915643164
2023-05-30 06:00:00,3.41269428044935,0.1,5.734272047869863,3.480104392172739
2023-05-30 07:00:00,2.119461470083296,2.8369869660290323,4.648664762918575,4.528913460544438
2023-05-30 08:00:00,8.057793040788322,7.741398596949421,13.368267567855348,4.781951427751004
2023-05-30 09:00:00,7.253375167754173,9.475533021920075,9.00625364069291,8.742768805364289
2023-05-30 10:00:00,13.902551497122898,10.70134988789423,11.630996515812173,11.94290174140337
2023-05-30 11:00:00,5.184264067971735,10.589050362332832,13.145020936481215,7.6748824687557935
2023-05-30 12:00:00,8.540410025762618,14.199022469306195,11.942328459928774,5.032143993268823
2023-05-30 13:00:00,13.856452628663542,11.420872635293595,9.293103665857899,8.966480419232273
2023-05-30 14:00:00,8.158854706013717,9.946386142799492,12.058063772141178,10.278070136668594
2023-05-30 15:00:00,18.023195373380396,10.041089484267246,11.693306913949367,10.648089259871181
2023-05-30 16:00:00,5.235730036319373,7.067788439289825,8.317716193893862,10.49049375960915
2023-05-30 17:00:00,12.499046573585462,9.193380171451198,4.226725052958471,11.928997869090502
2023-05-30 18:00:00,3.34620396369326,1.3250315905612062,1.8938388931534866,3.2293324371957928
2023-05-30 19:00:00,5.12574488322041,4.6743138443220165,3.468280398704171,6.55846229209366
2023-05-30 20:00:00,3.112362266266473,3.9770027434768545,1.9637551014707548,3.601393236775818
2023-05-30 21:00:00,1.9861005071784095,4.560144646086896,5.415286573609065,3.3219568419002536
2023-05-30 22:00:00,3.35923684357169,3.4699903951930993,2.6470934696982447,1.9576754469596938
2023-05-30 23:00:00,6.194118791584058,0.1,4.186573284275667,1.2586866024140342
2023-05-31 00:00:00,3.414077097102443,2.5313106326651473,1.3631142224515087,3.4999789360377043
2023-05-31 01:00:00,2.5217319634967974,3.2604160800121607,4.448053952393043,3.1807147599983336
2023-05-31 02:00:00,3.130148205531124,1.4871074668828161,3.347540799193937,3.6475353450704735
2023-05-31 03:00:00,2.0475901660299782,2.64193316915659,3.292648483973239,3.630452768060381
2023-05-31 04:00:00,3.554195677173647,2.4476170324496707,4.534494217143591,0.1
2023-05-31 05:00:00,2.2833754998710147,2.5244206440862476,2.820923854180328,4.463979516875375
2023-05-31 06:00:00,2.6948256605585277,1.7087741072006004,2.2822755133896653,3.103251503272414
2023-05-31 07:00:00,2.343211182381609,3.515964920961753,4.881726721146921,2.0721643320166248
2023-05-31 08:00:00,11.902793488349873,6.69495890882143,10.101257444331534,7.556724727339417
2023-05-31 09:00:00,9.894486250904231,11.207334713252067,9.748315792904146,9.80744566940005
2023-05-31 10:00:00,10.835826225573596,6.444341917480251,16.332619291193797,12.224047638654053
2023-05-31 11:00:00,14.760183354469547,8.410433852257048,12.271907155831437,11.941407084633884
2023-05-31 12:00:00,9.482546644935217,10.808949836286509,9.57957227410416,11.532204379155433
2023-05-31 13:00:00,14.09007967752332,10.645158861180656,5.244008265912867,13.129993101764263
2023-05-31 14:00:00,12.359048844119732,10.432638568425892,11.213403200686543,10.813406453714824
2023-05-31 15:00:00,12.680604072449615,10.106849618498517,9.855916300946097,6.509578979051366
2023-05-31 16:00:00,9.921087880485606,13.120883557274368,9.462172657483071,17.323900524587664
2023-05-31 17:00:00,14.737731533070313,8.987446036529157,3.7091286013837035,12.756510807864515
2023-05-31 18:00:00,3.1476831541817325,3.2373172867844975,3.5224195579748927,1.987620652296192
2023-05-31 19:00:00,2.1178041082459407,1.5114569723879798,4.098026667999553,0.1
2023-05-31 20:00:00,4.097791854367628,3.3448595368685243,4.7520634391374506,1.3701244407948396
2023-05-31 21:00:00,0.1,3.8513693043285873,0.1,2.444476512890287
2023-05-31 22:00:00,3.83360997152419,2.7630522930985957,4.413834349591656,2.168489629256065
2023-05-31 23:00:00,3.1022842040392744,3.25927432606863,0.6461852267323209,1.414636487109986
2023-06-01 00:00:00,2.6633215474454692,4.70677429155896,3.8454992660737606,3.017589624217279
2023-06-01 01:00:00,4.909616279727889,2.6523896227652686,4.037683467994405,2.460513790473469
2023-06-01 02:00:00,3.200593822634308,3.293560367398109,1.0130697451480155,2.729616953495068
2023-06-01 03:00:00,5.730602699110844,4.02473283522601,4.220400336534082,0.7201603631400215
2023-06-01 04:00:00,3.2859922398637966,6.011638852613143,0.7841433479923596,2.5634435922981487
2023-06-01 05:00:00,4.334760915100626,1.964815330858836,5.846913915897002,0.1
2023-06-01 06:00:00,3.544723523259088,3.5884067451831054,2.5395235806869927,2.77088186725142
2023-06-01 07:00:00,2.1664704557273726,1.26060176365383,1.8713877754835164,0.770682575287438
2023-06-01 08:00:00,8.36562921315668,9.530617235374729,9.52510696818867,4.610818084874902
2023-06-01 09:00:00,14.043926825138596,10.686277491275574,11.064738148369859,7.313128753522787
2023-06-01 10:00:00,16.907361674559105,9.489297927653162,9.410723051084396,7.960213029000672
2023-06-01 11:00:00,6.9595522751604335,8.45037626318424,6.027805999687067,10.897176331242797
2023-06-01 12:00:00,9.457073900358674,6.632792100032056,12.710162155560626,7.605179432695536
2023-06-01 13:00:00,9.363855363486577,9.214180189399427,9.50096467374255,13.18773499794548
2023-06-01 14:00:00,7.690285091971949,6.961764978775975,7.07424242310268,9.228944690983525
2023-06-01 15:00:00,7.664150833072672,15.285388166616038,5.209052434979572,9.28075531701495
2023-06-01 16:00:00,10.054757525538614,7.7624868644056875,8.969894344229846,17.852965640303154
2023-06-01 17:00:00,9.046767107206927,2.9130399846669626,11.437288007346954,6.105289323497979
2023-06-01 18:00:00,3.8790624897989847,5.067426221459819,1.7363292603855114,2.159602928989043
2023-06-01 19:00:00,4.755772556641692,3.9414598358634665,2.573887382711682,3.7467491828011035
2023-06-01 20:00:00,5.116841765604137,4.871302495525023,5.771206997130682,1.7667812264431577
2023-06-01 21:00:00,3.0215034655330335,2.534361043851959,4.706392206041922,2.417429607700457
2023-06-01 22:00:00,2.9008229171108795,3.460242467634144,1.7227338386064308,4.131470595052248
2023-06-01 23:00:00,1.6955331864404708,2.9117307938142463,6.509088688589337,2.929105023742811
2023-06-02 00:00:00,0.1,3.767684527316912,1.6993672564105478,4.1227887919986115
2023-06-02 01:00:00,0.5355549347244688,3.143147829075382,3.497884698340956,3.792249835369059
2023-06-02 02:00:00,4.768029733710622,2.136163763203619,0.581078168765131,3.3052815291014577
2023-06-02 03:00:00,4.185421379032238,4.12359724361241,4.252039228309798,5.720626137437099
2023-06-02 04:00:00,2.8822008133163406,2.1934176543817183,1.859810054747702,2.1943738531392563
2023-06-02 05:00:00,3.640530129200715,3.5269442663595116,4.987501334103666,3.512269868610701
2023-06-02 06:00:00,1.0002189333317275,2.4224024541959914,4.499681092355421,4.65419116734035
2023-06-02 07:00:00,4.861576721106918,6.227451569307953,1.350441300013284,2.9996117952142294
2023-06-02 08:00:00,13.40075883069509,9.110224966442466,7.459336710211291,2.7203561544207604
2023-06-02 09:00:00,10.482168844926603,9.683705382436107,8.674307267031127,10.832815767205911
2023-06-02 10:00:00,11.252273437945714,8.16471421710666,13.09812907909613,12.744819394191175
2023-06-02 11:00:00,13.489291830385847,6.984719151938476,12.551463536055763,9.474920289476891
2023-06-02 12:00:00,9.200922574916543,9.01507236462542,11.15554171562044,11.36050577154329
2023-06-02 13:00:00,6.8366259296027785,12.464221952974341,7.901714096088088,10.50499528394008
2023-06-02 14:00:00,6.141216309217172,8.55424947153893,10.548005060918062,13.487717192462336
2023-06-02 15:00:00,5.369203009548192,14.079893501805131,9.167842333247751,9.218178550094475
2023-06-02 16:00:00,12.014604007377688,7.409505657946994,6.632080350231236,7.477597746531302
2023-06-02 17:00:00,8.120761886512744,15.287847234569325,14.074614822952979,11.999854974914593
2023-06-02 18:00:00,1.8443444677474594,3.047898324027683,3.915372495779938,3.654822178091279
2023-06-02 19:00:00,2.2425726736776763,2.577181467832224,4.107227983631699,2.5213648059683718
2023-06-02 20:00:00,4.110486121291443,4.2734202004027155,1.622507253771947,2.625474369757187
2023-06-02 21:00:00,3.7491559284355382,3.410636424865084,1.7736956178557257,5.3442239601066905
2023-06-02 22:00:00,3.0032954028683987,3.8199862127105564,3.942228824996303,2.5543367467413143
2023-06-02 23:00:00,0.1,2.8111988031386623,5.929451926572982,5.221920019383737
2023-06-03 00:00:00,3.646373941347028,4.860432598639475,1.4728075139179355,2.4890260264320716
2023-06-03 01:00:00,0.5196244809941724,0.196082993296268,4.540644302680803,5.166815793788588
2023-06-03 02:00:00,2.034140556646425,3.428485661660187,2.6859349811428284,2.965522724341578
2023-06-03 03:00:00,4.151529380899921,5.069652243040705,3.0106042330276566,3.154796980586184
2023-06-03 04:00:00,2.268953093877891,2.5950223192730366,3.99918979221525,3.067258589597952
2023-06-03 05:00:00,0.15702938754648565,2.5485961359039453,4.244442910948771,0.1
2023-06-03 06:00:00,4.021892105030082,2.3849490658651864,0.7984065281523849,2.2142482898059774
2023-06-03 07:00:00,4.210298700403338,3.165939091940845,0.1,4.579376726700001
2023-06-03 08:00:00,4.615645174617494,3.1520554501021345,3.9768712876877315,3.0337372348336658
2023-06-03 09:00:00,4.072555300102401,4.7662663619531305,3.4700791471032666,2.7026180366065695
2023-06-03 10:00:00,2.4471430465534696,0.1,1.3100242923471672,2.3656707823893317
2023-06-03 11:00:00,2.179628377089764,4.896879189036856,2.1123362683389137,0.12318774138004196
2023-06-03 12:00:00,4.6019868481437864,3.514697921616166,3.923429316401588,4.544671880998626
2023-06-03 13:00:00,4.871020853624681,4.598577398950159,1.3793392681357566,1.2510575402327229
2023-06-03 14:00:00,3.403258990861951,3.209972383756349,2.5124065544966148,3.18197630154698
2023-06-03 15:00:00,2.6671953139493225,3.468681159849389,2.475619452751463,3.4333277181426065
2023-06-03 16:00:00,4.413513288358347,4.2460944426987695,3.1955408304229937,4.1831737458897145
2023-06-03 17:00:00,5.151695023036135,1.8195405687956658,2.40704495727054,3.369670405811098
2023-06-03 18:00:00,2.3325133030979703,0.6550448490277612,3.776059086267847,3.735231821870085
2023-06-03 19:00:00,3.984650091447225,0.9405497709614998,2.7578311921821093,3.0022626578104687
2023-06-03 20:00:00,1.8094389463302984,3.9986784818417114,2.3650294601439645,2.6945552463411255
2023-06-03 21:00:00,1.6008130733400057,2.1387458139882045,4.6715645916170025,4.890133073341431
2023-06-03 22:00:00,3.697691811034683,5.815540103894712,3.725448769645622,3.299243693670343
2023-06-03 23:00:00,2.5857234357623815,3.1263386310267154,2.5746391911764204,0.1
2023-06-04 00:00:00,3.758469350142943,2.657295933828864,1.7912064190973358,3.835000486321528
2023-06-04 01:00:00,2.2719025277248717,3.8407966816378396,2.91792515482195,1.4951066288849053
2023-06-04 02:00:00,4.820214973782984,2.51990513692935,3.520490009767383,2.3229073006367167
2023-06-04 03:00:00,3.9058732414580555,0.8247103398161721,2.5623682745526173,1.4689786751255784
2023-06-04 04:00:00,2.620922608502852,1.7712257923324042,3.1168329134250303,3.1351535514738766
2023-06-04 05:00:00,3.262596274166661,4.563903201809062,1.506452733456988,6.0347007758136995
2023-06-04 06:00:00,0.45836022905551754,3.39836083419277,2.1098096301393476,3.805237920274857
2023-06-04 07:00:00,0.6752119026392562,0.15647423072245115,4.72933678049942,2.1857862298785724
2023-06-04 08:00:00,2.2872867317999575,3.2380369222227094,4.591205002662223,4.638315717330663
2023-06-04 09:00:00,2.327267940549433,4.287325326851603,1.9347161639252852,1.538344607484405
2023-06-04 10:00:00,4.838411966095439,1.744473597260733,1.3061372299093101,2.3423272028714397
2023-06-04 11:00:00,3.7972269796248943,2.7360785955458096,1.5846748173260718,4.111601823431298
2023-06-04 12:00:00,0.3340683175451318,4.745675793007406,3.162759926310071,2.418427075499051
2023-06-04 13:00:00,1.6848819573980676,3.291158522787268,0.6041538057303981,4.7655825994927925
2023-06-04 14:00:00,4.6534669151881385,2.589712418970957,2.6763568969727096,2.961511858556775
2023-06-04 15:00:00,3.0458109664747703,1.5352709889173575,2.0167350395096038,3.2827464880096278
2023-06-04 16:00:00,3.025313626282661,1.3783762230570715,2.4767573759630213,0.4723389650332166
2023-06-04 17:00:00,2.5640688907909333,2.7587211430604084,2.833638405530466,2.342154116970511
2023-06-04 18:00:00,2.992620309891212,3.6781313798873385,1.9741398189115642,1.8246131935839673
2023-06-04 19:00:00,0.2919440501369026,3.5271204220424,0.1,3.5766091141649996
2023-06-04 20:00:00,3.1996314007797584,1.8986934205348307,3.184087143637771,3.542267351780135
2023-06-04 21:00:00,1.8361706253820402,1.8512013973095822,1.937327179742025,2.1963364669821317
2023-06-04 22:00:00,2.068387153679955,3.715484459058228,4.1211075129627,4.731988512273007
2023-06-04 23:00:00,2.691426195936595,3.8123800619958,4.409066203729504,1.6286515495045386
2023-06-05 00:00:00,2.7137578809398373,3.1021992883318026,3.1247317157029175,3.3513262343918626
2023-06-05 01:00:00,2.015991565337457,0.1,2.4982503998794345,0.1
2023-06-05 02:00:00,2.9104044222523093,1.6513033914934963,2.499301587693208,0.1
2023-06-05 03:00:00,2.3130542465064057,1.5460788670033576,1.6212341985057048,2.0511967757654572
2023-06-05 04:00:00,1.4370644087132503,3.799632280751431,3.5557023682733764,4.119932917084007
2023-06-05 05:00:00,3.0983007085611747,2.817895332036622,3.37307287678397,3.8342455084640763
2023-06-05 06:00:00,4.207171949076555,3.4709967867922455,4.007916270992036,5.589828922846483
2023-06-05 07:00:00,2.246521282965205,3.8374977521128066,3.698651885435658,0.7983980879528603
2023-06-05 08:00:00,5.887626611855202,12.904058636241693,9.229869297914618,8.801056710567815
2023-06-05 09:00:00,7.162471317208206,13.647806935229246,11.741326478268475,11.87632968289228
2023-06-05 10:00:00,9.556506962535545,8.72550198311563,12.324172358420414,14.433787136054127
2023-06-05 11:00:00,10.35652346951532,8.063707371863416,11.788083252848693,10.622148580399243
2023-06-05 12:00:00,10.290798317730687,9.959142109172971,12.493212963377044,13.081296824079978
2023-06-05 13:00:00,12.26920985411848,11.658609853042588,9.952899276366772,4.257318331160301
2023-06-05 14:00:00,7.667184892716406,15.796380554980818,14.772284296347536,11.315911721170902
2023-06-05 15:00:00,9.902248453743328,13.818343892800488,13.585808247839065,11.895934594324952
2023-06-05 16:00:00,7.2507747917785625,4.185724084099395,8.331429712363299,13.958775875404138
2023-06-05 17:00:00,9.313284607215733,9.645147801793867,3.365053492435486,9.803460391810168
2023-06-05 18:00:00,4.551801350935131,1.7788789536117982,5.009780431322942,4.011424811754994
2023-06-05 19:00:00,1.9447125329784858,5.163837049216757,0.9518452829287103,2.2904832072631707
2023-06-05 20:00:00,3.343260323860938,3.7688451930972695,4.413407398664188,2.974956941139514
2023-06-05 21:00:00,2.6715932143153376,0.5236087807692584,3.0877226779412585,2.563390588595239
2023-06-05 22:00:00,0.1,3.837865361824539,3.3152064025250354,3.2399452785239014
2023-06-05 23:00:00,2.4061635648070485,1.8566103709513633,0.5617378085649083,3.578924447709583
2023-06-06 00:00:00,3.0916557601693144,3.507591523343242,3.220570861695796,2.3592127749694782
2023-06-06 01:00:00,6.183933779543233,4.244622590307715,3.083545428320354,2.6844729629709687
2023-06-06 02:00:00,5.2676937634292385,4.966285693769647,3.8138850712615966,3.737144085923099
2023-06-06 03:00:00,3.49497962165685,5.141622509274544,3.413112335914648,4.802098223333979
2023-06-06 04:00:00,0.1,2.125434447271495,4.468188169432503,3.348418861754179
2023-06-06 05:00:00,8.210896083703854,2.60632124519185,3.337715120677037,2.031052430247253
2023-06-06 06:00:00,4.616245548584019,2.3088334771186743,1.545745920584651,2.099924810597668
2023-06-06 07:00:00,2.018501540608556,3.2694996660180813,3.336823966462316,4.967445901485262
2023-06-06 08:00:00,10.655316008228723,9.223327943793132,7.985280991851079,7.9781414282809635
2023-06-06 09:00:00,9.144973494280638,8.894261672217407,11.353113584183504,10.068874155436381
2023-06-06 10:00:00,10.670388417742032,12.250636496849804,7.849234441689786,16.24406061945696
2023-06-06 11:00:00,8.605327122748584,10.133228877043788,5.402190121454153,13.524540484243136
2023-06-06 12:00:00,7.9612506364958335,9.235224877009136,11.776889772591964,8.00772502567343
2023-06-06 13:00:00,7.092461437844685,14.429711912786548,11.627307335702334,7.534861244886579
2023-06-06 14:00:00,10.079658578320542,14.458739866826665,8.545699316552728,11.837947618319461
2023-06-06 15:00:00,13.722525867444684,15.614632088339267,4.807165031523961,9.173383311325189
2023-06-06 16:00:00,11.088171489363194,8.707368707700255,13.978013886334391,9.781194800904036
2023-06-06 17:00:00,12.456298802939857,3.2618813806550264,6.082029988994952,15.592025296971427
2023-06-06 18:00:00,1.5539397218435196,2.4991759435726433,4.092103823527632,6.0205837090222785
2023-06-06 19:00:00,0.9374276199637368,1.0370289668426391,1.1066912817266021,0.1
2023-06-06 20:00:00,1.909750357586664,3.1502318014841224,5.161635915240586,0.1
2023-06-06 21:00:00,3.92753148448676,5.327932648452812,2.529681206033059,4.7193164885819785
2023-06-06 22:00:00,3.705305155568637,3.0295517789947155,3.475225282156534,4.585008218929405
2023-06-06 23:00:00,1.8729224985788473,2.177189055800995,3.3973062455987417,2.6758207169537407
2023-06-07 00:00:00,3.411443520143168,3.80480159616622,3.16181341769726,3.90137524458796
2023-06-07 01:00:00,3.335752344884259,1.2902377129468725,5.471303181843926,3.557860759147494
2023-06-07 02:00:00,2.452006015394134,0.1,1.1169275462597956,2.2466308389519956
2023-06-07 03:00:00,2.4931921301297897,4.985955715674232,5.154550003897943,3.5270433780885524
2023-06-07 04:00:00,2.8359998759676555,3.5674317807243803,3.862633696898764,0.1
2023-06-07 05:00:00,2.2178643027587195,3.637721998212383,0.1,2.66907170378557
2023-06-07 06:00:00,1.8306771560121127,2.7964156431815645,3.723273348684849,4.391672920900339
2023-06-07 07:00:00,5.242539222770676,2.895942359146712,3.502327022150766,4.633198780545246
2023-06-07 08:00:00,10.955293993429942,17.13952683941512,11.019650710917,16.220423053378347
2023-06-07 09:00:00,7.621151730771933,11.22363765765692,13.44393937427784,9.459157194693113
2023-06-07 10:00:00,9.38364158737079,10.159638451554274,6.565963737542928,12.74485889301858
2023-06-07 11:00:00,10.68937971780782,6.398206847909235,11.80771167867428,8.67825299137873
2023-06-07 12:00:00,10.026020349181726,8.501469985170218,14.765981158521312,9.471452051633968
2023-06-07 13:00:00,5.401638348378877,5.954678912656496,9.844091893536788,9.228799511273277
2023-06-07 14:00:00,5.0139578159059255,5.648533079124585,9.60035654293244,12.19809165822246
2023-06-07 15:00:00,7.893725388992626,8.512286018497884,12.812288546878325,9.870823660258276
2023-06-07 16:00:00,8.639400871302835,8.620124416974233,14.707757808909104,4.17122654494449
2023-06-07 17:00:00,5.863894125205329,9.732063555929683,12.633757387405845,9.714911994985968
2023-06-07 18:00:00,2.457317326825123,2.3880275871534793,5.957522599800682,0.7219183526496944
2023-06-07 19:00:00,3.680583488475873,3.6406461375708767,3.475461702869244,0.4620068347886166
2023-06-07 20:00:00,2.391053615973846,2.701815422037206,4.4656390593755395,4.144138835905228
2023-06-07 21:00:00,6.077609319629451,2.1530918525472584,0.1,0.7217795240050533
2023-06-07 22:00:00,1.902792494794268,4.3457605288310015,2.301503446231659,1.553040370105416
2023-06-07 23:00:00,2.9527642153436924,5.33883284948647,3.4619717436837694,0.9882422282999714
2023-06-08 00:00:00,2.634490823298525,3.60473396042835,2.1285364504260578,3.906733891356013
2023-06-08 01:00:00,1.9601841041158434,4.07987775587323,1.3287753631509114,2.9162988191976833
2023-06-08 02:00:00,5.220167561694026,5.8679999167396275,1.070198069608959,2.950868037664461
2023-06-08 03:00:00,2.117996559751057,0.1,2.791017967279071,3.6282600292410487
2023-06-08 04:00:00,1.3677613016958947,3.509886256338631,1.9869081121855063,5.107489634616772
2023-06-08 05:00:00,2.8835006241501047,3.758340533769006,3.476956922935487,2.2314620924420945
2023-06-08 06:00:00,2.927989278742375,4.585715671433496,2.30267294765721,5.638536138221191
2023-06-08 07:00:00,4.085198377733126,4.222923006008754,0.19117198039034244,4.593768725014451
2023-06-08 08:00:00,11.140556049087577,11.169151123353958,8.121170472329247,13.693172044584681
2023-06-08 09:00:00,10.13407512019759,9.082892376402222,11.540706158873245,6.738097303072426
2023-06-08 10:00:00,8.584358980406641,8.150493541862103,7.450421128985528,8.461961102332284
2023-06-08 11:00:00,3.9935515220930977,10.484496942140552,5.266919361315609,7.415021579450168
2023-06-08 12:00:00,8.087532595572387,5.761646114030295,12.063793897690196,13.042008338259045
2023-06-08 13:00:00,13.916613582509173,15.05241912217665,11.914202917832618,5.6768410783111705
2023-06-08 14:00:00,11.495073399229792,12.360192900638369,10.236185005935276,9.23011696253209
2023-06-08 15:00:00,13.732949627385942,13.910979688227993,8.638735793203502,9.63917292791859
2023-06-08 16:00:00,10.853629624205253,8.894199790836925,16.40146828790214,10.051287614200875
2023-06-08 17:00:00,11.583935864122417,10.589623335017349,12.044251567569681,10.555114180869635
2023-06-08 18:00:00,4.262769222149583,3.139613603663051,1.3881808143531298,2.8879745163083155
2023-06-08 19:00:00,4.212484318363181,2.5416329266142244,3.760741973055033,1.921572245265983
2023-06-08 20:00:00,5.7793093386836905,2.2219571027116087,5.015210566105632,1.136925701847213
2023-06-08 21:00:00,4.718413590253316,2.2530369375604122,3.074256283925143,2.044438625858971
2023-06-08 22:00:00,3.0428075498889413,3.187425009801614,3.7176875878780713,1.6094013851652411
2023-06-08 23:00:00,5.4010189596303855,3.6223998358047336,4.661637657828356,4.418917561320047
2023-06-09 00:00:00,1.9155952693046385,0.8691834990747949,2.9061064500949074,3.6805530163969813
2023-06-09 01:00:00,4.004794834963813,4.556421010411325,3.667657928819767,3.0907984643092825
2023-06-09 02:00:00,2.1652045684038446,1.678949831832049,4.658457651977258,1.9513017414156715
2023-06-09 03:00:00,2.7936776398659413,2.8035360615142553,3.2844337333066314,5.332576358126116
2023-06-09 04:00:00,4.3465484935487675,0.2701860740393913,3.242622778380443,3.8246487007958168
2023-06-09 05:00:00,4.102239229220772,2.823082547594376,4.841725781193138,2.1998194900997565
2023-06-09 06:00:00,4.2877938127513335,0.1,0.9039445178019117,3.9150689101277525
2023-06-09 07:00:00,3.946689197649848,3.2840404425160443,3.7320757243584195,1.0000987880386112
2023-06-09 08:00:00,11.300864566416108,16.152061156775293,9.414354839290109,7.24902083328783
2023-06-09 09:00:00,4.649204764117275,16.074178609629605,10.869278066455637,5.266737917421405
2023-06-09 10:00:00,10.39785861867273,5.531827759683259,11.174387300582357,12.034086328010122
2023-06-09 11:00:00,10.398162545483306,9.899597280747807,4.406015549089881,8.763753303052805
2023-06-09 12:00:00,10.16095664100907,12.387635523019615,11.81684967280052,7.196945994414958
2023-06-09 13:00:00,13.13990509675859,6.947090018116336,8.915043029712054,5.84089488520447
2023-06-09 14:00:00,9.986196313448346,12.294902395273713,11.407492273749458,12.919488462044997
2023-06-09 15:00:00,12.892293762329377,13.736121457167632,6.489810571862115,12.69244455786762
2023-06-09 16:00:00,8.746425693011707,9.42481190734625,11.321382983150787,12.904539945261215
2023-06-09 17:00:00,10.86929554107184,6.21632273393154,17.913663279246776,11.723641170799254
2023-06-09 18:00:00,1.3343189609698232,4.695974669245321,3.3550142740441395,6.016581799564165
2023-06-09 19:00:00,5.231591683053329,3.573126054970655,3.4199300885727557,0.7081766175838125
2023-06-09 20:00:00,5.11561677025267,4.7234020624048,3.360100483991699,1.4472464612753755
2023-06-09 21:00:00,5.042719290445765,4.788042239871592,0.5359390017494676,1.2462788710298784
2023-06-09 22:00:00,2.9595622699543083,3.113818670725657,3.8203090916682445,2.308228625483049
2023-06-09 23:00:00,1.1267125702897491,3.3977705953584505,3.7171099097569518,3.4211572801840093
2023-06-10 00:00:00,2.408968008673849,5.530067848927988,3.3453536344654715,4.479421044580711
2023-06-10 01:00:00,1.687960428551403,4.2235946144762035,2.814647506421903,4.516341509037708
2023-06-10 02:00:00,2.2714615437117156,2.9736025181817,2.7442427535052634,0.9828115060772005
2023-06-10 03:00:00,4.069714662786368,1.865654753700654,3.7351711312328506,1.8046192974185904
2023-06-10 04:00:00,2.988114938939734,2.037869094558774,3.809594396475385,3.5500367741135253
2023-06-10 05:00:00,3.6429287747399663,5.138607239640809,2.552447407434408,3.846199238621462
2023-06-10 06:00:00,4.2847583426239675,0.8683662600732567,0.7572190287569986,1.9559355380020245
2023-06-10 07:00:00,1.293203785582138,1.292507724600282,2.8176865112766514,3.1533602658571027
2023-06-10 08:00:00,3.580934320889452,3.783588877498574,3.6486375259672896,3.9443301420381705
2023-06-10 09:00:00,2.4036938926573446,0.8992879601796098,0.7657031018541014,1.200824922109487
2023-06-10 10:00:00,4.824043063249808,1.7167923279434472,5.361237582605364,3.512628829664187
2023-06-10 11:00:00,2.139792006446058,4.817366922859747,1.404761918882742,4.722793841688359
2023-06-10 12:00:00,0.1,0.35832512854450993,6.782293039879233,2.1104246554623582
2023-06-10 13:00:00,1.655059169171334,2.1226999615056084,4.484057953538228,3.169747169134426
2023-06-10 14:00:00,4.4932057994680665,3.951970106341393,3.8559130530295627,7.411697821365633
2023-06-10 15:00:00,1.9450064216666072,5.010925569621046,4.30486103308915,4.68335545738069
2023-06-10 16:00:00,2.520232935183742,2.3732955820179686,4.077820925761943,3.3333804550568464
2023-06-10 17:00:00,3.8177385445180203,1.5195689046096053,2.7394014249998797,2.7325757055534265
2023-06-10 18:00:00,1.578553280847766,2.216555328770709,2.1241622962567357,2.4923670339444373
2023-06-10 19:00:00,1.459471985302945,2.610493200812411,1.625291487947192,1.601587295788118
2023-06-10 20:00:00,4.4762502088872225,4.688032421835828,1.065565516974363,3.1273088097324604
2023-06-10 21:00:00,1.1913969475479878,0.3929556277611099,3.228311893805413,3.6039897469313025
2023-06-10 22:00:00,3.4295268063514674,1.0938648812740404,1.8844998520391099,4.626961090495381
2023-06-10 23:00:00,2.0279378759692857,4.941286299854049,2.83065239687391,2.0560782469325765
2023-06-11 00:00:00,1.6601222113938954,2.4434213847335737,1.6293080525785593,0.21263219222140517
2023-06-11 01:00:00,3.531485404928634,3.498459290038207,4.741387914889272,2.794532849233095
2023-06-11 02:00:00,2.192193971080122,4.522911254731754,1.5449999063628592,2.409968112606685
2023-06-11 03:00:00,1.5448458127247267,2.4198558453083034,2.1723684693514964,2.1800946727464066
2023-06-11 04:00:00,3.07970086755237,5.268707901357457,6.008688613977845,3.3575576473262307
2023-06-11 05:00:00,2.1386914477031898,1.425724311152827,1.6422736321568159,2.122269884526502
2023-06-11 06:00:00,2.98441254877937,2.790222605218973,2.7610838716044297,2.1433936342340685
2023-06-11 07:00:00,6.336174927191345,3.439329466730969,1.8699273151587654,2.3522362671557313
2023-06-11 08:00:00,4.117216230460906,0.12382818900109616,0.7950772777327333,2.439965125364976
2023-06-11 09:00:00,2.8145767492280878,2.146792583078077,2.0033404285485874,7.394110390649491
2023-06-11 10:00:00,2.870329485238655,0.1,3.3839303225243644,2.459550219645207
2023-06-11 11:00:00,1.1120575385366407,2.9082892870731016,3.079922489177974,2.4448981014023587
2023-06-11 12:00:00,1.2828365399665183,0.9884970853043162,3.073776906039459,2.4675961992438875
2023-06-11 13:00:00,4.3858815896859715,2.2413237680170948,2.9984375106600947,0.933647982714092
2023-06-11 14:00:00,3.8120620035488635,0.7829461284803463,1.0513062476111585,1.0008829025299892
2023-06-11 15:00:00,0.842152556557664,0.1,2.184996525858627,1.3455182771119811
2023-06-11 16:00:00,4.480992406936089,4.117367157535224,0.1,2.154555781410425
2023-06-11 17:00:00,5.6315144520397435,3.6296600526736347,4.1966700937735,2.886902439372045
2023-06-11 18:00:00,4.419416716125347,3.6827537376745627,3.3995700146546577,3.0731683617903616
2023-06-11 19:00:00,2.4036005082674112,4.313053137095886,1.948261736224855,3.3237466665736366
2023-06-11 20:00:00,1.8158037403385785,2.8991660547457228,1.9228661717057653,3.8397354763697686
2023-06-11 21:00:00,4.299025386789195,1.3750203295080983,2.75762723157263,4.1849530081662785
2023-06-11 22:00:00,3.7216681410323416,4.658327562901513,2.4089188201784295,4.103612228448505
2023-06-11 23:00:00,3.607270647680201,3.1318789725382743,1.6695960465392377,5.146440550755635
2023-06-12 00:00:00,3.31702414201267,3.087015975627615,2.998882678536227,2.8532760918140583
2023-06-12 01:00:00,4.109178080561154,2.1274527865875985,1.4707400231504102,5.165713069800352
2023-06-12 02:00:00,1.2352440401798326,3.8180472073079397,3.1352515000008094,0.1
2023-06-12 03:00:00,2.0978640531666617,1.0801399754920582,3.1211456192290403,0.1
2023-06-12 04:00:00,3.0645711029641287,0.7605063917869188,4.780409466924525,3.4467149120304135
2023-06-12 05:00:00,2.65572195596724,3.859418325502376,2.9633267400628176,0.1
2023-06-12 06:00:00,2.2879205980792805,1.8825349748008213,5.408543129152681,1.5794251639787287
2023-06-12 07:00:00,0.1,2.6987596555665023,2.6153043572908916,3.0638656079652287
2023-06-12 08:00:00,5.679878772666223,5.735828895974805,3.7186101232137005,10.65368387098157
2023-06-12 09:00:00,10.548540310593573,10.190450095352075,9.754665883936267,4.4745055958682265
2023-06-12 10:00:00,3.6108499619587047,11.519274148982372,7.940360117113277,14.538198063356681
2023-06-12 11:00:00,5.750743844667389,12.959993652256568,8.662561136250744,8.933632885724785
2023-06-12 12:00:00,12.390669857520395,5.953766702361828,7.638836040858133,9.679320509506596
2023-06-12 13:00:00,8.141106697032432,12.27316093577089,10.57621715792753,8.517906660227347
2023-06-12 14:00:00,7.909085464778903,10.115843229920161,5.726373115597581,11.850749691046875
2023-06-12 15:00:00,10.992243002599318,10.997403221791819,9.686215126210792,10.86326203162349
2023-06-12 16:00:00,6.420704782885265,11.721641599309507,7.8577195890598155,6.329438826929772
2023-06-12 17:00:00,9.877362142974455,5.43789457871107,11.691468159475297,4.845526273110222
2023-06-12 18:00:00,1.5507267775145661,3.6824335068181435,1.2403357465675962,2.3119128952232666
2023-06-12 19:00:00,4.656062210190237,2.2715288603249446,0.1,2.928781243364886
2023-06-12 20:00:00,1.4487693622454703,0.46388563308415787,0.6422787659705991,5.719562110173961
2023-06-12 21:00:00,4.3722538580899,3.3930987869818408,0.8209247023248962,5.754958583415146
2023-06-12 22:00:00,3.0664865991935626,4.774068023750634,3.706263268339987,2.2998092364263965
2023-06-12 23:00:00,2.6401684682686595,4.662780781324512,2.240735259414083,2.1499108557484803
2023-06-13 00:00:00,5.284193446597397,2.9289066166583915,1.8870881790504406,2.840318314088637
2023-06-13 01:00:00,3.6814640048578013,3.5108067992124443,1.135191548555896,2.274666997561298
2023-06-13 02:00:00,0.3983270594489916,1.4276381969102874,5.4771459087097405,1.736407844038874
2023-06-13 03:00:00,3.302484442023504,2.7744259368579653,4.525023878963299,3.398785731747716
2023-06-13 04:00:00,3.7588219315290248,4.30777087747185,2.3432674753472367,2.8291114943917104
2023-06-13 05:00:00,2.2418859476869955,2.6288089005107595,1.063894997076917,2.6165632523898417
2023-06-13 06:00:00,3.1730191344076943,3.0633487361740435,3.5506185674539066,5.109133425675781
2023-06-13 07:00:00,2.4013255261196638,3.1768990679487312,4.714398139933429,1.6627030532195461
2023-06-13 08:00:00,7.510325130023516,4.349701630798121,8.961976074416903,14.566955780576368
2023-06-13 09:00:00,10.595045502025215,6.064987684714053,5.057122234281361,11.913675663699136
2023-06-13 10:00:00,7.431112274995213,9.514230905546261,6.813127365366635,10.944968635668905
2023-06-13 11:00:00,10.409689797472335,13.326108076144969,14.078653292045258,12.841452500350519
2023-06-13 12:00:00,6.930230397931775,15.67745722388242,10.951930100477846,7.192180244926857
2023-06-13 13:00:00,10.175136590566636,9.703210877337726,9.37629663432816,5.686931905528054
2023-06-13 14:00:00,8.128404607097348,11.918450173614813,0.1,9.431016326666056
2023-06-13 15:00:00,8.037585869383829,10.935928676158026,9.196311654712163,8.498705650738804
2023-06-13 16:00:00,10.675345303812446,10.369020687758574,9.250498880167418,9.634352819512552
2023-06-13 17:00:00,7.041266775107552,7.1062118992128305,11.413197525647917,8.238910897492802
2023-06-13 18:00:00,2.5024723150326373,5.657239017784477,4.482731874117377,4.174052975973813
2023-06-13 19:00:00,6.3157030926816695,3.1831531834439097,3.769195941680004,1.6656256906107159
2023-06-13 20:00:00,1.2810287073269357,2.0902440362300134,3.721608643198268,4.333928161360278
2023-06-13 21:00:00,5.041646340900529,4.283029892307457,1.8011779678749735,1.5532551721528065
2023-06-13 22:00:00,1.0126938154185041,4.23070476144715,3.767115090884661,5.404604967887024
2023-06-13 23:00:00,1.0121455395796461,3.4447567358674114,3.6514389823966535,1.7755555799281013
2023-06-14 00:00:00,2.4851299148020463,4.642121489995489,0.1,1.3335357033055315
2023-06-14 01:00:00,4.745033846542696,2.579106762089746,3.053815700528749,5.927820597235411
2023-06-14 02:00:00,4.760474462054146,4.8367936865027605,2.328810670188917,2.9807660415999586
2023-06-14 03:00:00,0.6325164975591395,4.281098603422433,4.60489104487287,4.062028670659969
2023-06-14 04:00:00,3.7932617145339433,1.6995473972435087,5.015103257410794,3.804863591112416
2023-06-14 05:00:00,5.868612935681569,3.6480819520149312,0.5251746928651029,0.3654655717303674
2023-06-14 06:00:00,1.881157337691266,0.9611678058946893,4.698614429359989,3.8135162434280927
2023-06-14 07:00:00,1.118558114129993,1.6636088949302517,2.7219146536123464,3.31341408799544
2023-06-14 08:00:00,12.742915684961485,12.973480511137698,10.642499204669596,4.412688584349276
2023-06-14 09:00:00,11.391227435355242,8.555918205548911,13.62971711645394,7.428992845651347
2023-06-14 10:00:00,4.255467842095451,4.230202384275781,10.868473702112158,18.490953656529015
2023-06-14 11:00:00,10.70823226194464,5.766198975263641,7.616150851388913,9.775092744003766
2023-06-14 12:00:00,9.967960204316716,8.511366747619515,11.140210521095977,9.675541765729033
2023-06-14 13:00:00,8.37681764212604,14.124376032044761,7.596633838643814,13.245050720567717
2023-06-14 14:00:00,4.6867170418524635,12.596212000984703,9.625522876359938,6.685280852949012
2023-06-14 15:00:00,4.567046882911533,9.715216611157423,13.291964790006904,13.553625459857418
2023-06-14 16:00:00,4.882239938634118,6.768587406821935,6.960076445105866,6.206031838206478
2023-06-14 17:00:00,14.6322851062662,6.202565004512939,11.55890039925592,10.070343293195215
2023-06-14 18:00:00,1.733089967870214,3.6722220515938977,4.242121914289201,3.0950019072736334
2023-06-14 19:00:00,3.7306413019295994,3.815187221631522,4.320998010470639,2.595447187835758
2023-06-14 20:00:00,2.388193300130951,1.3383817751218783,3.4548240831567636,0.3683005199923661
2023-06-14 21:00:00,0.5119368581104404,3.9124466912122675,0.37961951423729934,1.761437883863537
2023-06-14 22:00:00,4.372887824764399,2.0949282032535894,3.6080582424327363,4.2978649260721085
2023-06-14 23:00:00,1.9725913251752052,2.4267792947611846,3.276741150287232,3.0491860035432854
2023-06-15 00:00:00,4.901444838893002,0.7971250913608854,4.200430399953476,4.290357597314443
2023-06-15 01:00:00,4.177386350956692,2.081723236567062,3.736477096992867,4.030877353910476
2023-06-15 02:00:00,2.1926630453109723,5.9920627692998725,4.026171821802452,0.5873031778228226
2023-06-15 03:00:00,2.0060582996338576,1.5135529626396114,2.9633326126675636,0.7019754897623423
2023-06-15 04:00:00,3.0497640881147663,3.7883084266272,3.927731155690495,2.0694718541038926
2023-06-15 05:00:00,1.1753922388657838,4.005951014650182,2.8242948554134615,1.8920078187438707
2023-06-15 06:00:00,2.5498966843270563,0.1,1.4009424718502586,4.484749575922734
2023-06-15 07:00:00,4.80980785809053,4.006118227768542,3.825221691432625,3.6121587154386594
2023-06-15 08:00:00,12.53165083803161,10.796785118341182,11.337683028136537,7.229829002454525
2023-06-15 09:00:00,15.472091524012042,13.55882658940542,9.752925068919057,10.798304674393853
2023-06-15 10:00:00,11.083304880877511,9.173451052306362,13.768981051093508,9.048650284488621
2023-06-15 11:00:00,13.126670039220178,8.998363756736024,15.376440357366633,13.795907910377043
2023-06-15 12:00:00,10.494625504813301,9.333428766449634,15.545788001483501,14.905615234016388
2023-06-15 13:00:00,15.032122319610801,8.313559401551975,8.005383648582212,8.174866389465116
2023-06-15 14:00:00,11.435239371685672,10.951066526218279,6.7299940369239,11.670277353508204
2023-06-15 15:00:00,10.701589416390487,9.91149719878928,11.545496610656311,8.608580607782853
2023-06-15 16:00:00,4.727484472192743,13.227391832559084,10.776969128749334,10.134027870815098
2023-06-15 17:00:00,6.7228549563513775,9.66784050458363,10.942407998785217,15.429793195233835
2023-06-15 18:00:00,0.40171464118461087,4.249937077867989,2.708227556587458,0.1
2023-06-15 19:00:00,4.003883678605332,5.169672490875657,3.6732243919601526,0.1
2023-06-15 20:00:00,3.209885817970791,2.5471122300346964,1.2883878448901704,1.2573298403174065
2023-06-15 21:00:00,2.647967050596945,1.1271988201231378,4.492436320609068,3.4285478476542615
2023-06-15 22:00:00,2.592426366022877,5.8814147962200405,1.9621362719317117,3.274474923531597
2023-06-15 23:00:00,0.6452011960850235,6.269975678400909,2.776566496436451,2.531936309727727
2023-06-16 00:00:00,4.774457337949264,4.319478396611006,5.167402989628453,2.0571508539037886
2023-06-16 01:00:00,3.370808017249647,3.1457660547629787,3.214749060459527,0.40102409139096906
2023-06-16 02:00:00,2.583330243853173,3.1410693390364846,2.710624709392915,3.322589107740165
2023-06-16 03:00:00,4.074224468542902,1.5384637958009253,0.31619472066979926,3.1379782442477704
2023-06-16 04:00:00,3.8988467901970645,3.7357782433328013,4.635281676352784,3.7569055888681433
2023-06-16 05:00:00,4.461904828978816,3.813013134262542,4.055947315035968,3.622285586425482
2023-06-16 06:00:00,3.112839654297001,4.000948423284774,2.207302304288697,1.0545620129589837
2023-06-16 07:00:00,1.4648444521339343,2.529268633975967,4.3799401258279325,3.304011865012479
2023-06-16 08:00:00,9.620510700503841,11.205533471759775,10.86976748261555,3.3727805896200476
2023-06-16 09:00:00,15.296978004788375,10.522987811170122,8.302356959360479,9.075172417077164
2023-06-16 10:00:00,11.320564917096501,4.102617109563731,6.999715002501979,13.122439403516124
2023-06-16 11:00:00,10.00587862004908,8.381568363621298,14.53065464442816,8.227389200488876
2023-06-16 12:00:00,7.302456925676308,17.799750017409366,13.802718793363233,7.039248069378269
2023-06-16 13:00:00,7.940550357907347,11.641638780536631,10.880731049942389,7.614385633639051
2023-06-16 14:00:00,10.080242696492004,7.997398994663936,8.222298180549007,10.552055668419062
2023-06-16 15:00:00,13.46509469361932,10.810717256124159,5.925368823536445,11.671996277141208
2023-06-16 16:00:00,5.360380384404484,6.6433675055887385,7.642981130770284,13.14279717002702
2023-06-16 17:00:00,11.291884846063864,10.977626198738864,13.654527961879156,7.2595044855492885
2023-06-16 18:00:00,3.6042354638184744,2.385531529650788,1.5192804887773124,5.1169791918429315
2023-06-16 19:00:00,3.8670303948206675,2.3788372589160547,1.97225833966167,1.4210827259359617
2023-06-16 20:00:00,0.29902532664193204,1.8282492852700534,3.3369010348927923,2.4697932412819803
2023-06-16 21:00:00,2.675544426250295,4.494430707053524,0.1,5.2905684939963695
2023-06-16 22:00:00,3.541581003642764,3.058703946054536,4.046798951250649,3.910287432338354
2023-06-16 23:00:00,1.3123636375343493,3.3180030544216597,3.597186621951113,5.4239257437572235
2023-06-17 00:00:00,6.3241633488464295,3.8044007276639666,3.534414979149109,3.1459933808935747
2023-06-17 01:00:00,2.6311930852416126,3.599695362907197,4.038060283659655,2.4007991968277986
2023-06-17 02:00:00,3.5162325438047395,2.4743753754298856,1.3068813105157289,3.237852285357915
2023-06-17 03:00:00,2.7733004817175453,2.313298866684677,2.492664563883821,3.367265883455806
2023-06-17 04:00:00,5.717027893097775,6.612027697652096,5.727238340640885,3.1962867330269233
2023-06-17 05:00:00,4.43509144017978,4.267357098656753,3.473998590100717,3.493037486339622
2023-06-17 06:00:00,5.330910313666914,4.372202096027254,1.6481745572973048,4.204784328947818
2023-06-17 07:00:00,1.6664344417539059,0.5381099796554336,5.44951086476034,5.326508622218196
2023-06-17 08:00:00,4.837996834706868,2.9040103841654186,3.4915407238195737,2.483417522036271
2023-06-17 09:00:00,1.363844477159764,2.8171960177426727,3.655679430996465,2.916787609115099
2023-06-17 10:00:00,4.124475839431213,4.4473728617359605,0.7360591489850332,5.070932690928372
2023-06-17 11:00:00,3.3224724673444186,4.3633108118177475,2.386441615016187,2.216028372708159
2023-06-17 12:00:00,0.39705934547708077,2.290100708409526,0.26711393160117414,2.5073144339160827
2023-06-17 13:00:00,2.666836574179816,4.232172934753786,2.6104508724771485,4.107161388690621
2023-06-17 14:00:00,0.8900450143342842,3.789907719031117,4.321006171971399,3.083398821449034
2023-06-17 15:00:00,3.266651576047798,2.9354315886045574,3.329513304179557,0.1
2023-06-17 16:00:00,2.6968170427987173,3.0615846516271104,3.1569423573191906,3.361310707362423
2023-06-17 17:00:00,2.8694335009857665,3.337331933185128,1.4805907340652391,4.174748006245565
2023-06-17 18:00:00,0.1,2.1536455579042135,2.643231932047265,4.636319007143319
2023-06-17 19:00:00,0.7605648766492332,1.840745734712673,3.1336857937853497,2.8608030814440437
2023-06-17 20:00:00,2.03864348190319,1.5335904567777232,3.5611914150881154,2.78721489417858
2023-06-17 21:00:00,4.076521067329025,0.1,4.014721416558407,2.9354979030152424
2023-06-17 22:00:00,6.204546620423666,4.864109959955641,0.1,2.3151721130454543
2023-06-17 23:00:00,3.237794641364367,1.8221573831217834,3.4631971762224065,5.350691729243809
2023-06-18 00:00:00,4.057467980118833,3.4973368500330673,4.0439097878947905,0.5368580692640723
2023-06-18 01:00:00,3.5455978307050415,4.246486107956165,3.1803010954227346,5.863557231240733
2023-06-18 02:00:00,3.553235834733625,2.5035801917281084,4.915220998915748,3.7550659680865133
2023-06-18 03:00:00,4.416903357533338,3.4175785641201437,3.901956135092397,3.3806760304327463
2023-06-18 04:00:00,2.8785208995263525,4.396940180327601,2.7515807875746106,3.530554247322577
2023-06-18 05:00:00,3.3556706881987375,4.0174020410566875,2.765596546184412,2.447845578204551
2023-06-18 06:00:00,1.3568456322086977,2.1599405653330415,0.1,2.8081627673621616
2023-06-18 07:00:00,5.983675390924068,2.0912174954730425,2.4227823903728316,2.969483191753311
2023-06-18 08:00:00,3.8755876010162966,1.7698025348497568,3.828154773563459,4.060674614661256
2023-06-18 09:00:00,1.6155286272302767,2.9696799733425507,4.277182442360309,4.308322605291446
2023-06-18 10:00:00,4.705497441687667,1.1441011881350507,5.1944975159143265,2.0921026337035507
2023-06-18 11:00:00,4.588720054777934,4.6869047223035345,2.77987592393192,2.522180210350237
2023-06-18 12:00:00,2.2848872230729405,2.9058352789224693,0.1,3.255240544350489
2023-06-18 13:00:00,4.634767271202726,5.3464483000000165,0.9189052530238042,3.2731507899901953
2023-06-18 14:00:00,0.1,3.8607274012100885,5.427667787534075,3.1513171584900044
2023-06-18 15:00:00,1.0869625503148193,0.1,2.4637129572125893,3.795288485026947
2023-06-18 16:00:00,3.258967745055511,2.668530719953978,2.442425072145145,2.932804144971703
2023-06-18 17:00:00,2.164397931511543,3.518132219344422,6.778604163013227,5.038069365170198
2023-06-18 18:00:00,1.2216448297621283,3.4465896961475124,5.9716010194531,2.7511453604307494
2023-06-18 19:00:00,3.1371411281923574,2.674998472233719,2.272612726456122,2.4797483933251137
2023-06-18 20:00:00,3.2745311276887223,4.118992048117156,2.413327399348993,1.6721169322979637
2023-06-18 21:00:00,1.0412784050003845,4.200923432907906,2.2409238034499297,6.640365139864008
2023-06-18 22:00:00,2.677651806629055,3.9448026590023266,2.3659228554882943,2.4852905943438204
2023-06-18 23:00:00,2.9322452110277317,1.5533857044129964,4.572016682122263,4.567368065812623
2023-06-19 00:00:00,1.9068875239635683,3.8072417005112857,4.171107246956938,1.7681620484822953
2023-06-19 01:00:00,3.102689818298238,0.5380088591300041,3.4125183758668527,2.737406277088431
2023-06-19 02:00:00,2.098080034149202,3.453127698718671,3.7061644152926956,3.377539358792656
2023-06-19 03:00:00,2.736288157411379,2.3458091533996788,3.9807108225076178,4.343256546557416
2023-06-19 04:00:00,3.07910888280961,0.1,4.109413977583882,3.453802255668342
2023-06-19 05:00:00,3.6745953350027847,4.8682669290537985,4.640773366569183,3.8605447512885904
2023-06-19 06:00:00,4.086858506987456,4.591521079195623,5.484980402718146,4.237404014796123
2023-06-19 07:00:00,1.5352981221934303,5.942656822130578,2.260634656599409,1.1967682525425005
2023-06-19 08:00:00,13.888772399142995,12.381733005232471,13.28271113237863,16.19899743790881
2023-06-19 09:00:00,11.941185520174209,7.582922420932029,2.4058007741255487,8.275333413448214
2023-06-19 10:00:00,8.873780644893156,4.511911077025265,12.973437816745665,6.747359827450585
2023-06-19 11:00:00,8.129243584071004,10.113649417155157,8.872791846356664,14.200776948059207
2023-06-19 12:00:00,15.966232733811635,6.813661373518482,12.451655496839308,9.551567481350983
2023-06-19 13:00:00,15.804785790773419,12.871800278324478,7.048598679540599,8.700821264303215
2023-06-19 14:00:00,11.889174575362178,6.524901128001847,11.950195028393637,10.457819240166856
2023-06-19 15:00:00,8.056300336640106,7.865833034936616,2.680481666512067,7.778371451308743
2023-06-19 16:00:00,13.188922011314286,10.666049455879179,10.62994223794253,13.495042251173054
2023-06-19 17:00:00,8.985796437809956,7.517097473909505,8.928701219217572,9.375180936724732
2023-06-19 18:00:00,2.004838626893293,3.3065482820421406,3.9637113069379346,4.693195183376597
2023-06-19 19:00:00,4.230901270725839,2.216669830927562,1.1593627086013352,0.3907489601777927
2023-06-19 20:00:00,4.575645987290596,2.186815643514729,6.465913435641182,1.379099848182877
2023-06-19 21:00:00,3.8120723345285357,3.033771032482576,2.614976700146267,0.7008487265345833
2023-06-19 22:00:00,1.3036224692883516,0.1,1.6483565606339656,3.5789511130110734
2023-06-19 23:00:00,2.202511335805138,0.8523774800187192,2.8563927086802305,1.3875745111685651
2023-06-20 00:00:00,0.5924319467392785,3.591629549874785,8.278424592031325,2.251547222397887
2023-06-20 01:00:00,4.965874176581538,3.8364884490403277,0.1,4.764790966482943
2023-06-20 02:00:00,5.094549398764829,3.7842699294197066,6.681372672391237,0.6485284520723598
2023-06-20 03:00:00,2.0434206602218765,4.731260028861071,1.0687329046061227,2.4665459819877715
2023-06-20 04:00:00,0.1,2.053742111682852,3.6894593852073636,1.2274099488247083
2023-06-20 05:00:00,2.2792481108405314,0.1,2.1734705377497914,0.7006032945562479
2023-06-20 06:00:00,2.6477731757458183,4.981309164963241,3.2128090286716957,2.4874297669456085
2023-06-20 07:00:00,3.9842270059053924,2.868453825180789,4.3664353782268375,6.235743716218528
2023-06-20 08:00:00,7.134771312070592,10.081623274444905,12.238915531612363,15.540610340188959
2023-06-20 09:00:00,12.635047021424434,16.371808600285405,11.671388976739475,12.970181517029655
2023-06-20 10:00:00,5.835098625992656,11.673899401749328,6.9522202394323145,14.461477262501509
2023-06-20 11:00:00,6.452705658726768,9.97030895563145,11.501154769484135,8.26675533456803
2023-06-20 12:00:00,10.279849384398444,10.886543785811288,12.285300915319866,10.723668672539366
2023-06-20 13:00:00,8.001007455484233,11.913464636978377,12.23754743753498,7.198498632890389
2023-06-20 14:00:00,10.578070397021545,14.282812261377371,13.876738052125047,16.784672300074547
2023-06-20 15:00:00,8.183040692078983,12.733324666492246,14.481754306300083,11.797071477422767
2023-06-20 16:00:00,10.820017769345444,13.640192520560012,10.185087445797874,12.526735557062636
2023-06-20 17:00:00,8.355131682037294,11.207385948614055,7.029533531711567,6.892790666449521
2023-06-20 18:00:00,3.6284276149808767,2.4686630088865575,2.2877618479376407,2.597374491892638
2023-06-20 19:00:00,3.2244608508030854,1.692792961196724,4.061352888903034,2.554650871865845
2023-06-20 20:00:00,2.822287272268685,1.8794836120285914,5.185536226255141,3.412782904174978
2023-06-20 21:00:00,1.9774829144975048,2.637641040981807,3.537733400566892,4.387927833752091
2023-06-20 22:00:00,3.2601138028502614,2.2586898734074596,2.0447933854801437,4.075208936091089
2023-06-20 23:00:00,4.791077972622641,5.223754674526974,0.7714254204495052,4.071795438200277
2023-06-21 00:00:00,3.3473220352951203,0.1,3.721250340464778,0.7835663462320452
2023-06-21 01:00:00,4.895640307804664,2.5993145075883892,4.06738674239833,5.030984471664137
2023-06-21 02:00:00,1.1265450764208902,2.9740517563785427,3.956400013994986,1.2261830735065171
2023-06-21 03:00:00,1.899204941993954,2.328775434588422,2.0563674449761598,3.90310602115448
2023-06-21 04:00:00,2.610390517856579,3.6284704871635736,1.1337430724122346,5.093808420508825
2023-06-21 05:00:00,0.9174233936243259,1.1372733469556604,5.351946173468541,4.130972755524668
2023-06-21 06:00:00,4.598200092386842,2.903925747347862,0.1,5.898221948271648
2023-06-21 07:00:00,1.4244727870161367,0.1,2.4612182346124145,2.872633556051168
2023-06-21 08:00:00,10.493122288502422,10.563257277915486,19.37706267593655,14.261298085838877
2023-06-21 09:00:00,8.614514573003152,10.839542798933524,10.718503875943568,14.052435274757913
2023-06-21 10:00:00,1.8763599795804264,10.839329674561426,13.009623971338335,3.861373727630525
2023-06-21 11:00:00,13.126785857149757,10.202318332158475,7.758108794020178,8.599146146778205
2023-06-21 12:00:00,15.488135495576838,13.299937955273894,9.688301177111214,15.21121093938719
2023-06-21 13:00:00,10.368745127668946,3.798366435704411,9.613128230637487,11.882291744135156
2023-06-21 14:00:00,10.158554634498302,11.928484841769375,10.227933394311387,12.502347094408377
2023-06-21 15:00:00,6.970814840880985,8.830761692186588,13.357069675453165,8.28471521922879
2023-06-21 16:00:00,10.730916701769024,11.688902675105705,7.9780284299323965,8.224920106766312
2023-06-21 17:00:00,9.269434877514573,7.567322730539674,12.014155866512239,5.367519038329606
2023-06-21 18:00:00,4.079394647857028,4.893029107714148,6.229828008896947,3.206389020540252
2023-06-21 19:00:00,1.8744220779366727,2.561733787315304,2.524845945689105,4.318008825286116
2023-06-21 20:00:00,3.5671043406308667,3.417354861968211,5.474321765882676,2.9053388796483715
2023-06-21 21:00:00,4.260965353946763,4.490714429259203,3.630100722509183,0.3402731310971694
2023-06-21 22:00:00,3.2987662584574635,3.758374787152915,4.515388907126156,3.2424991241265864
2023-06-21 23:00:00,4.636781967196708,3.555547906262335,4.25221401827391,1.0007576260301883
2023-06-22 00:00:00,0.1,5.869538542314308,2.7266090369213014,1.4744430756741937
2023-06-22 01:00:00,5.002663188739119,5.511368541977046,3.9398411598894554,4.221705859925621
2023-06-22 02:00:00,1.8876700490317382,3.1481577633619344,3.3174053488032027,5.89476761745821
2023-06-22 03:00:00,0.5706802746679012,3.441957396864038,2.2030860911154773,4.0896454097789325
2023-06-22 04:00:00,5.553745659219723,3.4155984194879556,0.27810552795310883,2.052509140959848
2023-06-22 05:00:00,5.38727981441934,5.657706488920915,0.5474824204317525,3.0774664818759825
2023-06-22 06:00:00,3.5634418666619805,3.160075035479589,2.275320328037751,0.1
2023-06-22 07:00:00,4.168105929841516,1.1685249759175824,2.5695373133607986,2.9053305783056227
2023-06-22 08:00:00,12.908408964151366,12.020071435822437,10.380819220734693,10.483308022247902
2023-06-22 09:00:00,6.018895579234021,12.19374181258762,5.894463368753922,8.348030509040319
2023-06-22 10:00:00,7.599379397758915,14.99637552637049,12.663269073376043,11.540670546674313
2023-06-22 11:00:00,4.568743620077025,5.569630703588698,8.910215192071547,6.1102992092263575
2023-06-22 12:00:00,14.211162273790741,8.80250933316767,9.562713979822497,17.29359640771194
2023-06-22 13:00:00,9.86876250840024,12.832010808229654,8.633472598470703,11.994509345355507
2023-06-22 14:00:00,6.6532433219163405,4.377219131094788,11.834766979291095,7.875521544180254
2023-06-22 15:00:00,12.645801291946889,8.619576978065611,7.514797604386853,10.40409126036477
2023-06-22 16:00:00,10.704067790016037,6.0199096904654565,10.69442744218399,12.21087442716901
2023-06-22 17:00:00,15.196512520710874,11.582621495922497,13.083452511811767,8.644795324758705
2023-06-22 18:00:00,1.3612787310293972,3.0905478538278937,1.3785423499883929,2.846083049393243
2023-06-22 19:00:00,1.5166239449282144,2.167863894383638,4.085384717892682,5.57655035637871
2023-06-22 20:00:00,4.208815028086294,3.827426938415962,5.0203771928615195,3.742317647213701
2023-06-22 21:00:00,2.844696754939052,2.2334795038608872,3.466178885091173,4.581075664808468
2023-06-22 22:00:00,2.7168854378930924,2.313819536278205,5.015915831160351,4.692682242610756
2023-06-22 23:00:00,3.979540622861759,1.6650523507505197,4.5594849943002345,3.4536864215735235
2023-06-23 00:00:00,4.101027918626789,3.8629510594481964,3.8914081959232405,4.031015790413036
2023-06-23 01:00:00,5.201460143078834,4.370172993248156,4.961927106748359,5.135010727097125
2023-06-23 02:00:00,2.5204290142221835,3.2800314128113954,2.2849546508703797,1.6405665153207087
2023-06-23 03:00:00,3.5531015460905495,3.824373579152649,0.4354236326743446,3.0872073680608016
2023-06-23 04:00:00,5.162654562384865,1.0900125246121743,3.643170922625355,2.0663248735680426
2023-06-23 05:00:00,3.2097809214637003,2.939377711663115,0.1,4.783812714707149
2023-06-23 06:00:00,6.06263944296121,3.6068437347217763,2.590788752652093,2.7301591445078786
2023-06-23 07:00:00,3.1290808937776506,2.465932334645728,3.246577247187611,3.5122210933242335
2023-06-23 08:00:00,10.965614910322445,10.436765100134332,9.282516845369404,10.223166654896733
2023-06-23 09:00:00,11.491290539624735,11.7472368310176,7.537826271789208,13.100321113526652
2023-06-23 10:00:00,4.99867766067884,6.902116330924652,9.955947830446892,9.887689356659937
2023-06-23 11:00:00,8.614151499595234,7.705166990285016,10.094709939262803,7.346636181859009
2023-06-23 12:00:00,18.568728433408182,5.2023342427420864,13.367238860454814,11.50020202043073
2023-06-23 13:00:00,10.236031230496662,8.85691302183932,13.655219498011245,11.977474224124062
2023-06-23 14:00:00,9.033561310818069,18.35513050989544,10.017254431208757,6.8417612245001385
2023-06-23 15:00:00,11.290428359975209,12.933787964032916,6.5280591284361,12.25048701877335
2023-06-23 16:00:00,12.327424128876963,9.64046184436084,4.836717998834359,7.576264736872973
2023-06-23 17:00:00,8.825278974735651,7.17880455560941,10.579354931764549,14.290101686743919
2023-06-23 18:00:00,1.1898447961077712,5.090720434807383,3.128043617962003,1.4327407036334878
2023-06-23 19:00:00,1.0541790856318418,4.124888783890347,3.4035505648360345,3.796535327687614
2023-06-23 20:00:00,3.3273449081203577,2.365390430047708,2.408171347775248,0.5915286441007321
2023-06-23 21:00:00,2.6343627844369957,3.5314587081119084,3.9506355888353055,3.145475535495896
2023-06-23 22:00:00,2.68656551118212,5.0375390236576685,4.3853481014103775,3.680740100807994
2023-06-23 23:00:00,0.280779898840688,1.0283898704891705,2.5587276054650863,5.480234586817515
2023-06-24 00:00:00,5.731942743322584,3.9732787630161184,4.7900453213303145,1.0575883130725594
2023-06-24 01:00:00,5.086803544123118,2.097472107108346,1.275564160992537,1.365194312406949
2023-06-24 02:00:00,2.3804659153908596,1.4173326757572995,2.110216525424427,4.697742827404321
2023-06-24 03:00:00,1.699561701060102,2.125187218288187,4.014359073776959,5.090322311809599
2023-06-24 04:00:00,0.8790845407234,4.519937146976368,1.1733206607571587,4.433730201973752
2023-06-24 05:00:00,1.3701810913932535,2.050200538225788,4.0673492774245625,2.808141474795767
2023-06-24 06:00:00,1.9291648804090884,4.690525243699971,1.9669186263768421,0.6483004033858908
2023-06-24 07:00:00,2.3736039271924163,4.122503121673395,4.11893116781208,2.660270945150432
2023-06-24 08:00:00,3.180954538863616,3.706548420903806,2.362668691753925,1.984642647846623
2023-06-24 09:00:00,0.1,2.960567134932718,5.846337314460877,6.682796570031921
2023-06-24 10:00:00,3.1180752407002887,2.573177008753483,4.998974935473674,3.6491312571674173
2023-06-24 11:00:00,2.1729787901318316,3.6848418336455766,2.6053817939682635,3.262049262189991
2023-06-24 12:00:00,5.361159876791755,1.6195360518761777,4.280269725972168,5.799542979616245
2023-06-24 13:00:00,5.1809567166667225,4.4319013930195394,2.2888839604189615,2.075684291827651
2023-06-24 14:00:00,1.2990143335380533,5.858391049713404,5.374342853133111,2.8688414753063247
2023-06-24 15:00:00,1.0581965031613745,3.854384722591481,3.088871904021627,4.461828074029723
2023-06-24 16:00:00,4.258383588359935,2.936001189682351,1.4937883436290251,3.2426755239911382
2023-06-24 17:00:00,2.9462844991630566,1.0885576595560158,3.0644557391252087,5.049384109868307
2023-06-24 18:00:00,1.9147427073204508,0.1,4.768417471679593,4.577122633134369
2023-06-24 19:00:00,5.605826573964785,1.7501637338893965,3.5720372091938257,4.158048946663273
2023-06-24 20:00:00,1.609978261621948,1.924030387407559,0.848079316584923,1.9051270560031326
2023-06-24 21:00:00,3.22199724818358,2.124663972566363,6.866152852243691,4.280508062185413
2023-06-24 22:00:00,1.2185117692887053,4.887894705261935,3.5425386508284156,2.273512123414805
2023-06-24 23:00:00,6.570030721883207,4.78749054729238,1.9876693663702159,1.7838294739901228
2023-06-25 00:00:00,0.8808512631887124,2.718315949428596,2.0430958679686677,5.339385182249797
2023-06-25 01:00:00,3.3163644691820418,1.6010742207699666,2.858119729972364,5.24223975451506
2023-06-25 02:00:00,5.474042220283193,4.060778102384964,1.9227831975593355,1.9103054585982813
2023-06-25 03:00:00,1.9114400683668609,4.883527903433061,3.8898714968590786,1.8380079821145991
2023-06-25 04:00:00,2.7275279157293024,3.3478507363981103,3.8807882331612644,2.9736976211869397
2023-06-25 05:00:00,1.9620150355634305,3.0780313192738444,2.5464328834367382,2.3389379716261356
2023-06-25 06:00:00,4.6676037041128255,7.392746867571736,2.1598033678014046,2.2290937199692955
2023-06-25 07:00:00,1.3728912638147817,0.1,2.495195330478646,2.803794308509209
2023-06-25 08:00:00,2.7369364433124272,2.4233582601644454,2.933438138779597,3.1455812278969133
2023-06-25 09:00:00,3.566016756140888,4.153760603159616,4.452566375107272,2.2453866255525994
2023-06-25 10:00:00,2.4101830138842746,5.094293172725193,1.5425056125414063,2.7217809788026917
2023-06-25 11:00:00,5.469732849273748,4.525214927222363,3.284925890746874,4.150474598189163
2023-06-25 12:00:00,2.9357862575254243,2.7775763132741678,2.3066873869033864,2.5537078191749996
2023-06-25 13:00:00,3.758833280783114,3.915005089559722,4.784476275914973,2.8655914265497278
2023-06-25 14:00:00,0.8988671941685373,2.3073305732656317,3.567688963950993,0.1
2023-06-25 15:00:00,1.7246637058827226,3.4277214473737994,3.8308052679658346,1.986790043299179
2023-06-25 16:00:00,3.171248131479695,3.5370005841910235,1.7135982682881177,3.0209054171687346
2023-06-25 17:00:00,4.263360863536768,3.7734835986569446,1.8569589688962982,1.9864355506027938
2023-06-25 18:00:00,3.078313896166379,3.6535786099148604,2.930517790988447,2.3699033947491452
2023-06-25 19:00:00,2.2322778854453507,2.973354833964507,2.8905201651661994,4.591962276153305
2023-06-25 20:00:00,5.273709569103527,2.7301504792831066,1.9020443853816422,2.341373068593869
2023-06-25 21:00:00,4.854173910871226,3.7572363588967512,5.507166024973757,0.1
2023-06-25 22:00:00,5.590550169235954,5.309084214193846,0.8137278884281729,1.9846524738818014
2023-06-25 23:00:00,1.5902302526594494,0.7750601050182526,3.3012858841590855,2.003231715953775
2023-06-26 00:00:00,2.1191916081241486,1.4686969287067684,3.9075112453668996,2.892056590470898
2023-06-26 01:00:00,4.662951856403086,2.294914741662721,4.011800629110306,2.817231759204329
2023-06-26 02:00:00,2.1940721734171724,2.0256151303605643,1.5893068710915264,2.4749700320649706
2023-06-26 03:00:00,3.213359037561976,4.871347828445592,1.617327203789376,3.1010218367734406
2023-06-26 04:00:00,2.3008018006775215,5.131733943190033,2.534436374916885,2.1584459130902065
2023-06-26 05:00:00,4.325467647168552,6.35810396505545,2.7995211267762947,4.476836659754452
2023-06-26 06:00:00,3.0445787169958045,2.342957810938731,4.509295591794859,4.0810067087859805
2023-06-26 07:00:00,0.8313605131580166,1.8472799238605893,4.474068293179516,6.1627828989075795
2023-06-26 08:00:00,11.921084438600905,13.015986225248934,7.115522659474055,10.102244217148565
2023-06-26 09:00:00,4.0189575625415195,9.067356822200226,5.148893940004855,11.942322407014517
2023-06-26 10:00:00,7.933367691638754,7.747918080366061,14.451842464377872,10.886043992560484
2023-06-26 11:00:00,4.995994165367529,12.637864663817052,10.854970306854716,10.315607274283284
2023-06-26 12:00:00,10.196423646118461,10.562482563517982,13.466369471892564,11.113188218927482
2023-06-26 13:00:00,7.122133988260725,8.243378303767008,8.4371765803353,7.235468844900888
2023-06-26 14:00:00,8.459311020212342,10.291751807851753,10.530278929380398,8.865576558080768
2023-06-26 15:00:00,7.26800646222309,9.785319031835531,11.314620331291515,7.293941566033545
2023-06-26 16:00:00,7.610295933266245,12.992129545553539,8.601745670043055,6.58791097586562
2023-06-26 17:00:00,10.358599173707912,7.069510151139414,8.686295854296551,10.40868774448822
2023-06-26 18:00:00,1.089524098643576,3.236141415558634,2.5741104508159527,4.179431389755873
2023-06-26 19:00:00,1.9497118662864326,3.1819010048595326,1.3418427878371308,4.309593529865219
2023-06-26 20:00:00,2.679900057311436,4.190033900000491,5.242937460879329,6.277918484894703
2023-06-26 21:00:00,4.24735050295298,3.2509447962807765,2.3518894542893602,0.7555252932704448
2023-06-26 22:00:00,3.2014429002796607,0.1,3.829141352986794,2.254308770675685
2023-06-26 23:00:00,4.548339839693266,3.958760772515963,1.9147786353875267,0.24980202891223913
2023-06-27 00:00:00,4.358970088469131,4.33584824772251,3.9635875080594216,0.1
2023-06-27 01:00:00,3.5635400430242266,4.07475082984415,2.3297544064845566,1.7838735112925768
2023-06-27 02:00:00,6.761126918826714,2.6011760364183227,3.206199377114375,2.6528194816241455
2023-06-27 03:00:00,2.7202855599986697,4.333668860428077,1.2020816317575984,7.37974583286179
2023-06-27 04:00:00,3.4756156277881027,3.8512056829338706,2.404162148580309,2.814562603337844
2023-06-27 05:00:00,2.111363889969695,2.3904066625746916,4.5338269153128445,3.937750440352321
2023-06-27 06:00:00,1.8766212520007417,4.082000939533808,2.188995204652661,3.2604147449330854
2023-06-27 07:00:00,7.047760984822748,2.6747337539983143,2.706755917793629,3.6313635365420414
2023-06-27 08:00:00,9.630585943257879,12.716437755829569,11.417946593798334,14.095919463677735
2023-06-27 09:00:00,10.797277572153899,16.108936701489196,12.107988101950703,8.387290050372966
2023-06-27 10:00:00,6.697356640978033,21.35026454679931,10.145777596896487,11.102512520007723
2023-06-27 11:00:00,8.922944293111247,6.850041456190028,14.477118923654857,8.99017571692745
2023-06-27 12:00:00,10.194748495522312,9.165534808934627,5.710522175589853,11.146503121385525
2023-06-27 13:00:00,10.069211204032662,10.273664999599026,10.567356436273354,10.32761329909123
2023-06-27 14:00:00,6.266681959906641,9.80471071650474,8.556633213441758,10.479973457584165
2023-06-27 15:00:00,4.885227009570298,9.501222010812294,7.840073031079927,13.806242671851859
2023-06-27 16:00:00,11.45626619684225,10.781721472834333,12.316461207044654,6.090490910682358
2023-06-27 17:00:00,6.327796825460523,5.956558110075191,9.159370860529283,9.402568014247592
2023-06-27 18:00:00,2.4045374192300986,4.178167114219194,0.1,3.8530920562504036
2023-06-27 19:00:00,1.6721712795613737,3.299915191416285,5.033590689449703,2.3077236715377083
2023-06-27 20:00:00,2.9408560064468756,4.629673319816427,3.323450772303414,2.8056222132975686
2023-06-27 21:00:00,3.5229032090581516,0.653640476418889,1.820840909712948,2.6723167206239253
2023-06-27 22:00:00,1.323380461147643,3.85461860309435,1.0760085319850154,5.072523118531834
2023-06-27 23:00:00,4.06795004067531,1.8371700048178523,3.39394348117856,4.98066593500522
2023-06-28 00:00:00,4.778568694037441,3.787395015275819,2.3135447069416486,2.4107476430602217
2023-06-28 01:00:00,4.010972505603954,0.5681162055325197,5.140472854447795,3.540272078947531
2023-06-28 02:00:00,2.945362654614632,4.14084850514361,1.4224174518759214,3.9829174944540275
2023-06-28 03:00:00,3.412225264845995,2.691475848913491,5.356221683165073,4.083778615169214
2023-06-28 04:00:00,2.5704897716567423,4.049372339185051,3.134343077938525,4.319139265476722
2023-06-28 05:00:00,0.2674889302334913,3.629432892270383,3.5862988371424573,3.2797211962763155
2023-06-28 06:00:00,4.1451731083976995,2.7745928515586002,3.535649125312388,3.6308113818645853
2023-06-28 07:00:00,4.3661915676896825,4.406367196906135,3.9703742078647406,3.0547453139097422
2023-06-28 08:00:00,10.7594208428387,11.80371293480837,15.878086399513062,9.669238549687796
2023-06-28 09:00:00,7.323935075950533,12.639954821088317,12.144369338084676,15.807981672162962
2023-06-28 10:00:00,9.505958340457632,5.187989409208209,9.718910185702121,12.251003833802358
2023-06-28 11:00:00,11.360868928510104,12.261018430176689,7.822266773172094,10.065164313950891
2023-06-28 12:00:00,12.662682013781264,13.462531170260252,10.745709056111442,7.9436335163604905
2023-06-28 13:00:00,6.1979632004565,12.267339509734692,9.880336605378128,11.31531775692588
2023-06-28 14:00:00,7.940287553852201,12.565557603520542,11.100835672262509,6.219788076383402
2023-06-28 15:00:00,7.564268222678987,6.654300824038554,7.0891215135552965,8.308477512622238
2023-06-28 16:00:00,10.685983391886586,5.2637413450761485,5.556218210733052,11.424571782867096
2023-06-28 17:00:00,11.068273423316578,9.685341058232666,11.01020972033443,14.962849179185113
2023-06-28 18:00:00,3.980058981077823,3.875942093214311,1.5817511218975104,0.1
2023-06-28 19:00:00,2.952378643344675,1.4416106213920927,3.4923471060175713,1.6770335868346566
2023-06-28 20:00:00,3.4643622993392196,1.7013602442725497,0.1,3.043808163969882
2023-06-28 21:00:00,1.5720063799010375,4.411594871345907,1.7564447226231348,4.149186916542654
2023-06-28 22:00:00,2.510589749428345,4.940805240197846,4.9450316937946965,3.091772259008692
2023-06-28 23:00:00,0.19836231385720104,2.8306629792305555,1.842809193014726,3.9057524581180916
2023-06-29 00:00:00,3.781403379409376,5.157802432460054,4.5372837403777915,3.4735796029850055
2023-06-29 01:00:00,4.665602174689214,2.157038526135638,4.272702586711692,2.2162015861506212
2023-06-29 02:00:00,2.2380645949856954,3.4277351997114347,0.3095885462503545,2.8437219253406205
2023-06-29 03:00:00,3.824998556338199,3.3913577525018868,5.348442225123735,1.3256159048156038
2023-06-29 04:00:00,4.0194243806388075,4.760072424960274,2.215143378554119,3.001160808260277
2023-06-29 05:00:00,1.7497762176944591,1.7141101828118623,4.590223206639349,4.384236482165344
2023-06-29 06:00:00,1.9066553993574227,1.4622442804569369,4.3372412021976805,4.597790612807703
2023-06-29 07:00:00,1.1835158517954576,4.023063984988431,1.8158678754137278,2.786187740053991
2023-06-29 08:00:00,15.101587146870848,7.283443042151246,13.407592988226227,9.840050942561161
2023-06-29 09:00:00,8.294099856180729,13.478740737674654,12.03355775696259,14.480939146386934
2023-06-29 10:00:00,12.401161583382095,11.689567614502597,11.91683582296668,11.110845009735641
2023-06-29 11:00:00,7.014518532618083,13.584221091640728,7.974480170502068,5.591333969280434
2023-06-29 12:00:00,9.292573902057464,8.06757420405533,11.931372843339474,9.889511209489111
2023-06-29 13:00:00,12.270056069819912,10.856439187038115,11.588562447991254,9.357855341767317
2023-06-29 14:00:00,10.205465346794089,12.958750985921094,10.770439359965993,8.7192688250806
2023-06-29 15:00:00,10.819691500028206,8.848164425505782,11.881298390644208,6.380619790131383
2023-06-29 16:00:00,12.899812164389173,9.151743291922156,5.990449988637033,11.674235274555048
2023-06-29 17:00:00,9.206384903984668,13.42175873454002,11.385395816534793,7.636965474976002
2023-06-29 18:00:00,4.010313969511659,3.4100447125678333,4.7474220668686975,4.321321731224529
2023-06-29 19:00:00,3.6701669303566713,3.7378468029427854,2.5015841231423805,2.430136539975936
2023-06-29 20:00:00,4.441056538568726,2.704642090724423,3.409411498241968,3.1059223884585467
2023-06-29 21:00:00,1.5753996383502002,3.1513083864183664,1.5539635389709845,2.5911920204373073
2023-06-29 22:00:00,2.0397843237566553,1.455388926054523,2.718583011643247,2.2387825066862757
2023-06-29 23:00:00,2.173832454269378,4.137831934365208,4.299999292821709,5.2717824664589115
2023-06-30 00:00:00,5.167826637913295,3.1293496525248674,4.26967653064176,3.93711292470384
2023-06-30 01:00:00,2.1070220197057887,5.367425117095147,1.8889223376871387,4.747711124797223
2023-06-30 02:00:00,5.388377236605579,0.4499038156551931,2.708103778131287,5.565149320332813
2023-06-30 03:00:00,1.6911242103549247,5.997877420780556,3.653590819696541,5.994878437806978
2023-06-30 04:00:00,2.7311536289949987,5.560533259196436,4.6225417523508,2.022412476972093
2023-06-30 05:00:00,3.029354679254534,2.477300325080342,1.6881929754926168,1.5983993760342479
2023-06-30 06:00:00,1.5853899517718377,0.6414079366709458,2.4647912956509845,2.4458843819033067
2023-06-30 07:00:00,2.9478977306129193,2.1526259159146415,7.869413517982601,4.348017006916683
2023-06-30 08:00:00,14.515188752387742,10.444627301922147,6.449835654350213,14.588346049180512
2023-06-30 09:00:00,9.093243099970223,7.577099296693463,7.010242739442276,10.754245755548146
2023-06-30 10:00:00,13.339761760183467,6.770090026118737,14.177828529898488,8.036784825207134
2023-06-30 11:00:00,8.703044355472375,13.759324099867868,13.642207225117641,13.17982368039205
2023-06-30 12:00:00,12.335371444019994,7.355079052219297,8.476092090287256,13.9633503883158
2023-06-30 13:00:00,7.290252490242988,11.861828474968283,5.9130589138248215,10.434031603229293
2023-06-30 14:00:00,4.960378111429715,12.10706843088886,6.271314268746387,5.150612162377147
2023-06-30 15:00:00,7.607246298062661,9.177159440317329,12.415344901795185,10.587049615134989
2023-06-30 16:00:00,2.9209771475372737,11.185751351343114,12.995968266239739,10.433837977375706
2023-06-30 17:00:00,10.627702070958474,7.465324771427766,5.311890737136374,15.656983488985196
2023-06-30 18:00:00,3.8927553618891424,3.181338189936808,4.940929210417869,2.3014251434461004
2023-06-30 19:00:00,3.390753705783303,0.6999603321619485,5.080973474035069,5.279670003478183
2023-06-30 20:00:00,3.6853711583145543,6.114768976632984,3.564845184081404,3.1506190016013007
2023-06-30 21:00:00,3.253686702562551,3.7676378314359935,2.166256998621072,2.055129509360373
2023-06-30 22:00:00,3.2841987542166033,4.413440575996848,3.093377238550682,3.2052133033378443
2023-06-30 23:00:00,3.636955802854423,3.1937864707038046,5.0462053043938635,2.5594718624092785
2023-07-01 00:00:00,5.483479073671569,2.518049856240699,2.8040693124496134,0.5644593919297454
2023-07-01 01:00:00,1.409628775550928,3.474557299239499,1.2637640842690334,3.7715457862858317
2023-07-01 02:00:00,4.01787836054938,3.3829055252037956,5.694357804555007,3.3380327066638253
2023-07-01 03:00:00,5.027694188921464,4.353978467231751,1.8039805562326654,2.5505694121466487
2023-07-01 04:00:00,1.5871003080138864,3.165752683560705,3.5240960454176973,0.1
2023-07-01 05:00:00,4.564512513647015,2.6740465455849733,4.18069636166774,1.8319522970394275
2023-07-01 06:00:00,1.1535863972039642,4.532269754347293,4.874254072205117,1.012573328823258
2023-07-01 07:00:00,3.8685793565870092,3.0435212010786747,0.15833372100435383,1.7206486112426025
2023-07-01 08:00:00,2.1107045995037454,3.3361042991144263,2.7214089500963374,6.440441105751897
2023-07-01 09:00:00,6.412651620389331,5.407305069618343,4.669686327166196,1.0660043146383429
2023-07-01 10:00:00,2.9471300264101488,4.171820563184474,1.9394095648371643,5.129298746641755
2023-07-01 11:00:00,6.763402437021633,5.688175901877419,4.666937671888157,4.287695997806452
2023-07-01 12:00:00,4.400391404996163,3.9519777928978614,5.7519547673546345,3.472908144848643
2023-07-01 13:00:00,5.513289551613446,1.5699576968975681,3.7218015624986553,2.3136686738318746
2023-07-01 14:00:00,3.153890695478003,4.3545035001358325,3.0981853126110814,3.3928173078397195
2023-07-01 15:00:00,1.045832102692859,1.359601485746769,0.1,5.224658671847026
2023-07-01 16:00:00,2.0625616334404753,2.771356686436187,3.1045958082158522,2.526524108461848
2023-07-01 17:00:00,3.4313745488085168,3.596945958716344,0.6698825547533143,2.0763347030021357
2023-07-01 18:00:00,1.8896694770585885,3.48981144036171,3.930483391787871,1.9694572072321106
2023-07-01 19:00:00,6.396357372981782,2.5869767457545363,0.2480042573359249,2.7382445125704136
2023-07-01 20:00:00,4.484410459023173,2.865938464383955,2.688255181333333,2.47279198451186
2023-07-01 21:00:00,2.8999913560641537,4.321643351298016,4.29642135065108,2.8684543217575613
2023-07-01 22:00:00,1.291913700012635,1.5302454803551877,3.7726519545755517,3.5552407713857668
2023-07-01 23:00:00,2.077901468109297,2.334032505012245,1.6178050654535538,3.332726628959837
2023-07-02 00:00:00,0.1,5.008252354085798,2.8491024309084327,1.9957220038722565
2023-07-02 01:00:00,2.2568955967870563,0.9466057208623626,3.743596212211281,4.02929762257225
2023-07-02 02:00:00,4.059011553734537,3.5632678131168336,1.9065584519936996,0.6916195583781768
2023-07-02 03:00:00,2.7470537080896933,1.2929106319831551,5.7732557822538695,5.172716613478496
2023-07-02 04:00:00,0.8631731812098491,6.605443562811292,4.196971461569588,6.370576912381249
2023-07-02 05:00:00,0.7787736636511458,4.002574169001131,2.3580741805752927,0.9117050258325481
2023-07-02 06:00:00,5.593364308351914,1.1469373696186658,3.1098515978708874,7.100282535016795
2023-07-02 07:00:00,4.896918374207028,3.8433213549065823,2.484010283143602,4.190724269076583
2023-07-02 08:00:00,0.7170390764520573,1.7881190931101587,3.188071624237312,3.4804183719241544
2023-07-02 09:00:00,1.841755970811842,3.2617852204740054,4.049914004765241,3.0523453680121073
2023-07-02 10:00:00,4.350440827300812,2.9026339850670864,3.1535610482541476,2.4845455593016004
2023-07-02 11:00:00,2.4728524637145295,3.1683952439596985,4.632510437544158,4.254913540670943
2023-07-02 12:00:00,5.628258417897095,2.8383705018570127,5.6508624183262155,4.937693852964248
2023-07-02 13:00:00,0.2980784815143389,4.854776339193685,5.791946987889309,4.885941274169692
2023-07-02 14:00:00,2.1386345776629887,0.7367370520415175,5.461256613709624,6.880618145810624
2023-07-02 15:00:00,2.094672867283852,5.506308540695192,2.8215129786494955,0.9955062518033957
2023-07-02 16:00:00,3.96254192541673,2.901137295088408,2.433716651815884,6.412419320099427
2023-07-02 17:00:00,3.3871670495144706,3.450219112049737,1.6923512952226174,4.9269517178227105
2023-07-02 18:00:00,2.119072878726631,3.9133017370387218,4.370294084283007,2.900485864558906
2023-07-02 19:00:00,3.3373832964607044,4.242243707199843,2.5373564349766604,1.4260745114384021
2023-07-02 20:00:00,4.926983805873606,2.7991213713294085,1.6841965698237513,1.0707298830691212
2023-07-02 21:00:00,4.533212263289318,2.5446508123993326,4.330725559658071,3.105683613388433
2023-07-02 22:00:00,2.1338992994752948,3.4868303940967604,4.717318750027488,1.9380620907228245
2023-07-02 23:00:00,2.8551530162082286,5.477201433484713,3.2544864347484417,2.2863077531988267
2023-07-03 00:00:00,5.2670337345648495,5.830689903320561,2.2135163818654378,3.1606320199339346
2023-07-03 01:00:00,3.4461241930359163,4.917523324483261,2.8728493931222503,2.1249759457926256
2023-07-03 02:00:00,2.013892661204263,4.278861112604556,2.401386716864841,1.2337798080132516
2023-07-03 03:00:00,3.8089653662701948,3.4409448464485313,5.196745275280561,5.45280428390874
2023-07-03 04:00:00,4.472734259848766,3.7125226049197444,1.5785630510911954,5.2837526440818285
2023-07-03 05:00:00,0.1,3.5018668720394315,4.222119248325049,3.1753568376878127
2023-07-03 06:00:00,3.5099259421409355,1.4198980972772894,2.8425272307895737,4.114291495775648
2023-07-03 07:00:00,2.7905897692500683,0.3598516627184667,3.3077354720202097,4.994612249358008
2023-07-03 08:00:00,10.299353370832549,9.11108496819743,11.067819417583785,6.112196580307803
2023-07-03 09:00:00,11.474995002044375,11.045087080543695,12.752565764985428,8.172453617088953
2023-07-03 10:00:00,10.63356974090432,7.921327515833575,11.869948011293337,11.409938880680802
2023-07-03 11:00:00,15.691837977603518,5.837316732764847,12.074717898559742,13.923790339658769
2023-07-03 12:00:00,5.333498046936605,7.638720490759759,10.293017603134691,9.745593396805564
2023-07-03 13:00:00,5.3579893698135495,7.916576874014513,5.079847704018654,7.577843466982468
2023-07-03 14:00:00,9.188564008886736,12.591138788482596,7.683405302093326,11.256360734905591
2023-07-03 15:00:00,10.005035918329119,10.93505213935557,12.824973412466765,6.586911846793788
2023-07-03 16:00:00,7.463416212438025,9.41189074069899,9.858724623639072,8.116909127052395
2023-07-03 17:00:00,10.190281722638616,13.323651406335983,11.492571824159983,7.290631281066739
2023-07-03 18:00:00,3.608186321322443,1.134557275807028,1.032360605005544,3.0646952162249876
2023-07-03 19:00:00,4.561562926070051,1.1455075159554573,1.3515275192753042,5.53815622888856
2023-07-03 20:00:00,0.1715053075050732,3.282699277044125,2.053946054558427,3.5680932148834144
2023-07-03 21:00:00,1.805012396255754,0.4637321955622622,2.8632387697281447,1.9083398439406767
2023-07-03 22:00:00,4.047027088317596,5.141170349244781,3.271996578786424,2.0562338523110455
2023-07-03 23:00:00,6.914247693415638,2.694304649913953,4.017932447887794,2.511059993401703
2023-07-04 00:00:00,4.700036109683603,3.482263169851276,3.842381227206836,2.262794328666214
2023-07-04 01:00:00,1.6858733029386503,0.6351186530079276,5.196241531610057,3.084886310759696
2023-07-04 02:00:00,2.160390436693031,0.4019183763743355,4.347227779521121,4.323292101989501
2023-07-04 03:00:00,5.140680808191971,3.814845324567498,1.84772750698275,2.7915131293405913
2023-07-04 04:00:00,2.323410948507615,2.106706765610517,4.052792825424468,1.0665329330638185
2023-07-04 05:00:00,3.0362734680510597,3.5087203408081518,4.504985771090015,0.9283961932512259
2023-07-04 06:00:00,5.627965381698147,5.079005622112405,0.1,2.0424078693945407
2023-07-04 07:00:00,1.8869676853352926,0.18028462785706978,0.4737610996369064,2.3441628692623353
2023-07-04 08:00:00,12.216381577603773,6.434899631561529,5.872392090831459,7.524049517334726
2023-07-04 09:00:00,11.459297177105867,11.545125677344977,14.255502946533957,12.574330079174302
2023-07-04 10:00:00,7.152016182699105,10.271874180218374,13.168566260232442,16.163491973641516
2023-07-04 11:00:00,9.878821063402215,13.463303798527694,11.25876520857359,7.155735614025517
2023-07-04 12:00:00,10.16504574163015,11.706041178819913,5.2239904257497685,9.033865972424504
2023-07-04 13:00:00,12.252207032421818,11.918847028836913,3.109512845867327,14.875501328522212
2023-07-04 14:00:00,7.815480037663756,13.207820603120851,16.096457103070342,11.462049830309532
2023-07-04 15:00:00,10.003264839964901,13.969116993663588,9.738201365203203,9.702522771424558
2023-07-04 16:00:00,9.38728728959623,12.958815779237495,11.939218133841033,6.516440143215679
2023-07-04 17:00:00,12.373064662888815,2.66387818817069,10.905771539280243,4.6929727355436315
2023-07-04 18:00:00,5.869183459275776,4.771053806586221,5.238675673551773,3.0644188603321667
2023-07-04 19:00:00,5.303582630515843,4.920040381375125,4.726926163708107,0.9937650868016723
2023-07-04 20:00:00,3.478287333426212,3.0094194436976456,2.4327207356355642,2.430331629195603
2023-07-04 21:00:00,3.4599864891590366,2.65882945033668,4.541809000634926,1.792540052079123
2023-07-04 22:00:00,3.3155375877658644,2.848176666947546,2.2115299437534386,0.9793062885096515
2023-07-04 23:00:00,2.912589327493737,3.3904223823411357,2.7454583866762174,2.760077416452134
2023-07-05 00:00:00,1.8579075825421814,2.743677364108367,4.753444179767863,3.291991741978694
2023-07-05 01:00:00,4.097214947131791,2.6484155093053667,1.2859483819454578,0.67185601233182
2023-07-05 02:00:00,2.8468568340269527,3.4845776477030452,3.526857077025474,3.12250882175522
2023-07-05 03:00:00,3.6983986487641665,3.568890758041428,0.3144416709460609,3.0788158190399386
2023-07-05 04:00:00,4.074743248649338,3.1699811132785722,3.0305921668570805,3.9086323675303714
2023-07-05 05:00:00,1.5356700201150506,1.973270533861539,4.540464008445889,2.947969514008768
2023-07-05 06:00:00,3.002432906144243,1.6675183935045,4.563621417996135,2.7048103347883163
2023-07-05 07:00:00,2.6112696141246596,1.1125883783602175,3.1912667906128798,1.8347495968492005
2023-07-05 08:00:00,11.81473902940023,13.589694236482815,8.913658508133203,13.653104100278096
2023-07-05 09:00:00,9.615293508837626,8.996040328608276,14.470307552297802,5.867871997107881
2023-07-05 10:00:00,5.746593345473206,6.782124926471704,10.056867283856475,4.0888343404081935
2023-07-05 11:00:00,9.390937970075203,14.581985396047708,10.699689357760578,7.0949514228958845
2023-07-05 12:00:00,2.496969555525,12.909340092840548,5.57233895714493,11.140428090026012
2023-07-05 13:00:00,4.2060826313025945,16.775392427584286,11.751220071033556,6.772419911257906
2023-07-05 14:00:00,5.126129274457405,10.991938708658372,5.648877764837116,12.21123495985205
2023-07-05 15:00:00,3.726772615341355,7.362342917176125,10.011092163324037,6.539205870357125
2023-07-05 16:00:00,7.209992835171808,6.291161776627154,9.292628370067089,6.498516197971134
2023-07-05 17:00:00,7.7552646631899975,11.015689480227143,7.6989716697268324,14.081151734598485
2023-07-05 18:00:00,3.4711405769424433,4.464316339608636,3.4536736012477895,1.9862122444631791
2023-07-05 19:00:00,4.319814609393904,2.4898346190189655,2.2244436459801418,3.0743168223954704
2023-07-05 20:00:00,2.95184557134738,3.4929336111191285,3.9123643745443215,3.1830710862865987
2023-07-05 21:00:00,4.211377603964114,3.8385089850871754,1.4684152124512375,3.1813585922727405
2023-07-05 22:00:00,0.1,1.9479650036276257,3.7904985548788104,6.45231042904981
2023-07-05 23:00:00,2.7481977312078403,3.544973488349494,3.380012390041727,0.6698742900253829
2023-07-06 00:00:00,0.1775952830595915,5.056773158143791,5.022406513462772,1.482060565823832
2023-07-06 01:00:00,0.5803788003421251,4.09063015863506,0.7455494298100143,4.143817616442014
2023-07-06 02:00:00,4.9775321135490875,0.6874063002271864,2.2938951561791483,2.5848372929434262
2023-07-06 03:00:00,4.635751527974295,3.6415574960993085,4.453564987467212,4.076295277728382
2023-07-06 04:00:00,1.971122480228388,2.7965390465106825,2.81461990692574,9.04533069316376
2023-07-06 05:00:00,4.092665645629872,4.8452536905485175,3.2781435211842878,3.6836710562908492
2023-07-06 06:00:00,3.6948838062082574,5.944057458619709,1.4279500782476926,3.0935643142212266
2023-07-06 07:00:00,2.6335206632411534,1.4793955440874673,3.0821364517285783,3.9116489337028586
2023-07-06 08:00:00,7.306777407772914,14.61360137863914,12.80044536344499,6.449643713673835
2023-07-06 09:00:00,9.245457673220411,13.03360063928189,8.519363295201185,6.550148097943686
2023-07-06 10:00:00,11.820324069390653,10.03790533018066,11.25276419342273,10.478417151474465
2023-07-06 11:00:00,11.832236676996546,10.842949838664957,14.209686486642987,12.03876697184931
2023-07-06 12:00:00,9.415328655268151,12.200755827735692,8.303341593346724,9.572682996359493
2023-07-06 13:00:00,6.749618873229867,9.32066911344703,2.466366530636611,11.419586355788466
2023-07-06 14:00:00,7.582112233823155,12.7382557727085,10.542250300784549,11.082237024651665
2023-07-06 15:00:00,11.722876959687794,10.984496460197267,5.714316462647279,8.363193885029187
2023-07-06 16:00:00,12.986004495149222,4.5669104461938765,13.764527456774816,9.115168703303958
2023-07-06 17:00:00,11.199037682699577,9.14581040309239,10.256325496865111,8.995816432755932
2023-07-06 18:00:00,2.5851416942013064,4.851463545794686,2.3648536875806534,3.145203513496316
2023-07-06 19:00:00,0.4909600684472526,2.894712528094327,1.223357797546495,1.1141187776908517
2023-07-06 20:00:00,3.8897339240264164,3.616802069519601,3.0907983614441603,3.7924443289731986
2023-07-06 21:00:00,2.7987300773036843,5.410626892955845,3.4802196094206836,1.7718864578825275
2023-07-06 22:00:00,3.350580477305825,4.193843035662323,3.26105321248469,2.3707718782407157
2023-07-06 23:00:00,3.025267843926208,4.60379679418155,0.512306550737418,0.1
2023-07-07 00:00:00,0.8522099102772986,0.6313103925912715,2.978454981080635,2.012686464636701
2023-07-07 01:00:00,0.1,4.439847026351692,3.7334867069341646,4.1089736838270765
2023-07-07 02:00:00,4.1876049647579086,0.5375714241942027,3.637687965938232,5.095562680157113
2023-07-07 03:00:00,2.459364578261182,2.472661807786545,3.038258615311952,0.5307771311054399
2023-07-07 04:00:00,6.632289259214685,1.0628117235432533,0.8654697537125031,4.3814470095872196
2023-07-07 05:00:00,2.3445694022259875,2.260070724309476,2.1907932503633387,1.0085212421708871
2023-07-07 06:00:00,4.109713064111729,1.4431985086829258,1.994947232290861,2.9567435596648215
2023-07-07 07:00:00,2.8712335592312437,4.275690623254255,2.4184551835650216,4.383890652669557
2023-07-07 08:00:00,5.021738384367003,9.643392467559044,2.898492179533144,9.276888555905426
2023-07-07 09:00:00,14.018618856908107,7.856173069048337,8.477644434633007,8.493367194593747
2023-07-07 10:00:00,7.160075202971088,6.689449054178455,8.904354662538328,5.261644444689993
2023-07-07 11:00:00,13.901183741514178,8.32883743874946,6.641319219340971,11.69123669265647
2023-07-07 12:00:00,12.02267319212161,10.110926614695849,7.258035659455905,8.849357069390537
2023-07-07 13:00:00,12.16837806832595,10.159003618287054,19.221263213237084,9.48114836005158
2023-07-07 14:00:00,1.5547966327803344,4.8794648082605105,11.575134342824821,9.748395523806433
2023-07-07 15:00:00,14.458762851693155,16.558242301880846,13.515639963429447,13.97027603502655
2023-07-07 16:00:00,10.556227958292899,3.46056925339572,10.257612996168355,13.341737895651402
2023-07-07 17:00:00,2.777783002915637,9.318959747862536,9.612796867590342,5.632382287687228
2023-07-07 18:00:00,5.1886415908618435,2.8798939936767605,3.3051779804019734,1.8962293367995748
2023-07-07 19:00:00,5.146124912332054,1.6276679272782086,1.9765865092623276,6.193808212630914
2023-07-07 20:00:00,4.423684633761862,2.4601130977803902,2.8700511290755166,5.112465869924936
2023-07-07 21:00:00,4.473424020233735,2.239887989942088,1.19651610824752,2.363599288450731
2023-07-07 22:00:00,1.4301209886968067,3.280875750555194,3.0477202976147715,3.59332088680674
2023-07-07 23:00:00,2.4205947301515183,6.06068713972248,1.4637764071507218,4.418954150722422
2023-07-08 00:00:00,3.398856809243097,4.980346248230636,4.335784817899459,1.5468404751248381
2023-07-08 01:00:00,0.8134771870781359,4.854343345858743,3.8761720301884757,3.055574164230665
2023-07-08 02:00:00,1.6596720547073345,4.268686577644482,5.608859214989168,5.917773916265112
2023-07-08 03:00:00,4.782632885457826,2.0849574351917957,2.872455393258392,3.337365790649498
2023-07-08 04:00:00,4.268581822411422,1.5264169074438556,2.054505881352809,5.662756416613101
2023-07-08 05:00:00,5.453067866677744,3.1025325652192306,2.192944013146969,2.284521543472118
2023-07-08 06:00:00,1.7192037367858055,2.5859960386076133,2.198048687273893,3.481242026541206
2023-07-08 07:00:00,4.482281515827694,2.9613897266400744,2.9483110097041143,3.4108950821241724
2023-07-08 08:00:00,2.0075128983055235,0.6124848555611551,1.9012460129955755,2.949413701286426
2023-07-08 09:00:00,0.8178814754723316,3.9973672503182085,3.224015178251368,3.1615775301167797
2023-07-08 10:00:00,2.514783520645251,5.8690566912575175,6.072449268482043,3.915793982004936
2023-07-08 11:00:00,1.6652725494625018,1.4556351852396834,4.713081202536849,3.5542487231473587
2023-07-08 12:00:00,2.0180865604001053,0.1,2.3933159526927197,4.674618982515867
2023-07-08 13:00:00,1.3316735260287207,3.4029817718768998,2.4421207708768957,4.774345804343374
2023-07-08 14:00:00,5.418087975224237,2.5779322628636745,2.9637318728955697,3.2239686775574135
2023-07-08 15:00:00,1.3845800991474522,2.073299849245348,1.5591160167861835,2.535420427470721
2023-07-08 16:00:00,2.249063342562921,3.9332791855827702,3.0048117060992228,3.9086471717820452
2023-07-08 17:00:00,1.486659941315605,5.197262272683503,4.558456375279205,4.534350416966356
2023-07-08 18:00:00,0.5524422965051738,4.970290602514652,4.633911201270341,3.665357004213119
2023-07-08 19:00:00,0.8584836966002833,5.073382177109641,3.746005007689336,3.1090538534660483
2023-07-08 20:00:00,1.9643302063882473,3.7212327051154825,0.7747327243737376,3.9990407594057302
2023-07-08 21:00:00,3.7917199339974896,1.499432709534719,3.313536185374826,2.7334661924428802
2023-07-08 22:00:00,4.147204831917526,4.610718124945748,3.003674053930981,3.692805124533991
2023-07-08 23:00:00,1.7052640782155752,5.065509541313815,5.017536312895011,4.869737605584911
2023-07-09 00:00:00,5.395344985149274,1.6496560442353572,1.3063659383478012,1.1326685120406625
2023-07-09 01:00:00,4.625597637843937,3.2967666387062238,1.901480761672876,2.749028911834397
2023-07-09 02:00:00,3.7926752532216543,3.0167679467639332,3.6754371627399767,1.8173985070095262
2023-07-09 03:00:00,5.0735792599985805,6.760862768474062,1.0367243738195229,3.1526763814548837
2023-07-09 04:00:00,0.1,1.6520797031429437,4.214265646069871,2.6526614311049856
2023-07-09 05:00:00,6.8558059405557765,2.8632498624903335,4.271694395928784,2.6853803873207323
2023-07-09 06:00:00,1.044889113050083,5.202449012485621,1.0396771997369139,3.98498066849122
2023-07-09 07:00:00,2.7092587383156985,1.8997882157580603,0.9839914954239366,4.49288204005306
2023-07-09 08:00:00,2.993587017753506,1.9852736827198023,3.932677542506148,4.901694250386293
2023-07-09 09:00:00,4.590920392002966,5.021542486183304,4.882333594327564,2.3005400705757237
2023-07-09 10:00:00,2.2747453002992533,2.8733969552787215,0.1,4.367738455568565
2023-07-09 11:00:00,3.928313214696104,2.3624103490576545,4.798726086709909,2.5651457646955036
2023-07-09 12:00:00,3.3936577575695788,2.3828434382118555,4.340659824706755,1.5310055590161287
2023-07-09 13:00:00,1.0764208394793178,2.062360860018806,3.5683798428069586,5.486471822677537
2023-07-09 14:00:00,3.627011718704422,0.1,7.192311405061373,2.0097183003108734
2023-07-09 15:00:00,1.1364828054917626,3.6765580196199728,1.0707560128855156,0.8806894034173895
2023-07-09 16:00:00,3.68928797452011,4.172517518938102,1.9539567461570764,1.2425049561993933
2023-07-09 17:00:00,1.307029572454169,3.2336348635836916,2.790096050146377,2.6120964152289785
2023-07-09 18:00:00,3.8657398617021874,3.1959671964551712,2.93217942609326,2.019710176578193
2023-07-09 19:00:00,3.406627996380587,1.0179679221807194,3.664297922403431,3.5102947735361427
2023-07-09 20:00:00,3.6830093279537555,4.564516281615965,3.2335467711233217,3.4171016381738477
2023-07-09 21:00:00,2.2058409795438236,3.5761350768118954,3.528536180915248,2.1288835052923676
2023-07-09 22:00:00,3.867291084319459,3.5237964670464414,0.71722393283761,3.2873144781123145
2023-07-09 23:00:00,4.894258881434944,2.111573151191549,2.3894946551741323,4.129815924370757
2023-07-10 00:00:00,1.5867719602851207,2.0160407991092986,0.7341346063162901,0.8569433038221228
2023-07-10 01:00:00,0.1925267934724051,5.325839161861719,0.1,2.821494004739228
2023-07-10 02:00:00,1.456125879172789,3.5222090366984826,2.9569122007797106,1.8987922610511867
2023-07-10 03:00:00,3.654164646299519,2.4718159714564654,5.078795613735597,1.6016244854490256
2023-07-10 04:00:00,2.527599523375728,2.5952179028413074,3.1802630954033995,2.5054086943758827
2023-07-10 05:00:00,1.5515605825510985,2.4948569209188616,2.0609054886250178,2.767440705793356
2023-07-10 06:00:00,1.1261890159671641,2.828789464622568,5.186325048714244,5.144582431122572
2023-07-10 07:00:00,2.835078739458642,2.5934964965461926,0.1410507840114299,1.7562349017528476
2023-07-10 08:00:00,10.24162841574522,8.050098296052415,13.142871172031345,9.4932049560404
2023-07-10 09:00:00,8.96252444402477,6.82170889471487,6.331286474510235,9.49062695577261
2023-07-10 10:00:00,5.56837253096105,4.657096379002535,9.206781613462788,7.170623834975081
2023-07-10 11:00:00,18.007705900391947,7.43756158541149,12.954889099343305,13.643092789952117
2023-07-10 12:00:00,6.524655852417026,12.050753054113354,13.207194845388685,3.0215915266561053
2023-07-10 13:00:00,17.431890027304224,16.03696100550522,14.432401444908074,16.12283662204161
2023-07-10 14:00:00,7.308668482714621,16.344022913185185,9.862970319762423,10.497818574091376
2023-07-10 15:00:00,8.352848091758776,14.428974564741123,12.61851570382229,10.789412959989901
2023-07-10 16:00:00,12.882651400683839,5.774370870580739,10.13225613244707,4.890075004676428
2023-07-10 17:00:00,8.522020477827947,12.251977336532864,11.439891313867388,13.28609158410682
2023-07-10 18:00:00,2.2667727860407276,2.7355516934597723,3.3152983506583076,2.808586942446202
2023-07-10 19:00:00,4.362605720751749,2.055191578750451,2.7602977662409947,1.220358238491717
2023-07-10 20:00:00,3.654592437807558,3.7333220532492284,2.079320114138789,2.9763856597178715
2023-07-10 21:00:00,4.542261516938206,2.7624760611964576,2.5277622978388616,1.064082759110475
2023-07-10 22:00:00,2.4919666450658857,0.8297894294044452,3.0578741058851153,3.035684082310682
2023-07-10 23:00:00,1.0417380409416568,4.462657773861351,2.9415020088736723,3.3499977663791984
2023-07-11 00:00:00,3.5586717967792856,2.1250839971102664,1.4837635873172894,3.4605875198572456
2023-07-11 01:00:00,0.1,0.1,3.6103480425806667,2.681549122003069
2023-07-11 02:00:00,3.618475099380157,1.4397159657435634,4.86844701899114,3.4448466022163937
2023-07-11 03:00:00,2.1190067113091855,4.858928652559529,2.5434346143645232,2.705826559407963
2023-07-11 04:00:00,7.0526272337539355,1.6728528266518554,3.5863011922672445,0.5003546626644271
2023-07-11 05:00:00,3.655246856592012,2.256209042621336,3.577643723644101,1.6857930730088362
2023-07-11 06:00:00,4.764800654855062,5.261059671169055,3.7397862126007393,4.3111949541848755
2023-07-11 07:00:00,2.765367198302322,4.070104411979862,4.2507688107374735,3.0921296165066257
2023-07-11 08:00:00,9.179340649710158,12.779993708096693,11.737790072318113,10.421409742561526
2023-07-11 09:00:00,12.732260784811237,12.670166267257251,8.031055873711209,9.606112183518558
2023-07-11 10:00:00,8.745089576469002,8.92712428966561,4.571481001969896,9.645413084069787
2023-07-11 11:00:00,10.709494121799427,10.3001178305457,13.922167178470064,9.955697781047553
2023-07-11 12:00:00,10.019852252602583,9.285684114097434,11.605111395669917,3.2765407088170404
2023-07-11 13:00:00,13.772873090381886,4.998799353376742,5.134542988255382,10.222047893772675
2023-07-11 14:00:00,10.688111527287393,7.674377258407548,11.059648368466993,10.788924004431264
2023-07-11 15:00:00,6.891982501544202,10.079389331911575,8.945828969393052,15.05173110355468
2023-07-11 16:00:00,12.099246340786692,11.911216746974253,11.691452812671546,11.98227514088698
2023-07-11 17:00:00,11.922332959711738,10.230422922246065,13.956619226011746,11.766698052624957
2023-07-11 18:00:00,3.0956158628012402,3.8520632630192164,3.345169564016425,3.511116663909874
2023-07-11 19:00:00,1.6577230762100332,4.778380155005693,2.9154495702609236,1.8511682834237377
2023-07-11 20:00:00,3.8157196421773394,3.425413150175548,2.1583484686260483,2.920933650720689
2023-07-11 21:00:00,1.3432265363380482,3.7514825812256443,2.6356802241924746,1.0541510327261028
2023-07-11 22:00:00,2.424003039118782,2.6831671233843677,3.3025582483160427,4.6432174107991955
2023-07-11 23:00:00,2.3090958832991793,2.323453552684223,0.9445626512481979,4.6844158752958425
2023-07-12 00:00:00,3.998256339404173,2.632878145130126,2.9154162825075898,4.168498457724632
2023-07-12 01:00:00,1.3653246795894523,2.352667135526295,1.9317097916717696,1.9829854011706105
2023-07-12 02:00:00,1.8809748424705592,4.1872873127871255,2.2888421929049385,1.6928225672239317
2023-07-12 03:00:00,3.7493729741535535,3.092245708985976,0.8543502891435253,6.041242562628016
2023-07-12 04:00:00,4.036918707319392,1.7059050809384158,3.0345456820655454,6.04692763405113
2023-07-12 05:00:00,2.020228473168331,5.097191910753216,4.441183800969455,1.8881042603996387
2023-07-12 06:00:00,1.2884738424224702,1.644213426478072,3.5754473762986545,4.6924579286281745
2023-07-12 07:00:00,4.357591135657303,0.7026624866927356,3.2046281899892635,0.1
2023-07-12 08:00:00,8.22402310462393,12.617235727232158,9.147864772308225,10.484511607285452
2023-07-12 09:00:00,7.839026820050126,9.31261566084293,7.056663929021516,10.462724603413665
2023-07-12 10:00:00,16.019543830077282,5.793280761546319,15.989900386491424,13.471585299745412
2023-07-12 11:00:00,11.734327538184338,4.3052456267455925,8.457424097170684,8.060249671212059
2023-07-12 12:00:00,9.713992478646725,5.26312627786344,10.32760414653564,7.052973163412376
2023-07-12 13:00:00,13.914504884945163,15.196229582367922,6.968538625068005,8.733065614698297
2023-07-12 14:00:00,10.420059830432253,10.123654544362893,14.856135467756914,16.219168955705406
2023-07-12 15:00:00,12.655317715293913,6.269772577194108,10.534723441733815,8.11663448734064
2023-07-12 16:00:00,7.16073238740082,10.706518871849871,9.650750020599505,10.558803625308778
2023-07-12 17:00:00,8.267312104196794,7.953576755608214,10.078913854910883,10.200957670396797
2023-07-12 18:00:00,4.883014277783838,5.157823482512817,3.1249553568926562,2.441032717659921
2023-07-12 19:00:00,3.988931798027177,3.137682918333665,3.961549212392213,4.639130788873852
2023-07-12 20:00:00,3.253534826356929,3.543927764121259,1.9889388662793053,1.2269329280754495
2023-07-12 21:00:00,4.800400195504331,5.227396186274579,2.247469024029635,4.270555529218523
2023-07-12 22:00:00,2.2308841636224512,4.232272674945425,2.364670928890125,2.2413958628683694
2023-07-12 23:00:00,4.220778281790395,2.2733062345298998,3.3749098442614973,2.8514151924542372
2023-07-13 00:00:00,5.916281263967868,0.7668086379768231,3.690955243518939,2.984430673304949
2023-07-13 01:00:00,3.6674887426134655,2.5999975516179106,3.9741549675684746,1.987239355718985
2023-07-13 02:00:00,1.3367532070966652,2.68523647873564,3.0766128917211533,3.461103936961687
2023-07-13 03:00:00,3.1560877209843965,4.28928839856356,1.6799663279637675,4.04129307274772
2023-07-13 04:00:00,5.222140142518601,1.5159981939165599,3.025105854880741,4.5404340379122505
2023-07-13 05:00:00,3.3480141325970165,4.44092703017426,3.378673711909158,2.989668422376149
2023-07-13 06:00:00,3.934899103025855,2.050373357659016,2.563864584439252,1.7926374643199745
2023-07-13 07:00:00,1.9690985589115608,0.9375493239362225,2.308074558300814,6.476880091652973
2023-07-13 08:00:00,10.195605285249018,5.276062236935868,17.581090232568425,8.519549054835407
2023-07-13 09:00:00,7.6016513926073355,8.401239365592783,12.59469466751351,8.047758929438714
2023-07-13 10:00:00,9.627288625111115,7.910206611702063,5.667246473885884,9.47870003907736
2023-07-13 11:00:00,7.751353642167115,6.9317692281969965,9.885260314004865,10.714240594991253
2023-07-13 12:00:00,9.932130263921504,13.499251903556102,2.472456505422981,9.614366801679441
2023-07-13 13:00:00,10.236804598809197,11.599842781001051,7.387787479480466,9.771487882627051
2023-07-13 14:00:00,8.580565739296565,8.67837809176781,10.605421021198527,15.628487286485244
2023-07-13 15:00:00,9.831593703561811,8.784627479952833,12.898368072752266,14.952275360687027
2023-07-13 16:00:00,12.258261972178127,3.6363849165948015,11.596962342866645,9.477353087987108
2023-07-13 17:00:00,13.5854771025739,9.664445047835907,11.768086202458782,9.249866737524847
2023-07-13 18:00:00,3.8996828637100314,3.384960419899996,3.678031973024256,3.0916448727392023
2023-07-13 19:00:00,0.1,2.955555745188908,2.9002302356076592,3.6147357517652337
2023-07-13 20:00:00,3.748861578793791,1.0406321207381473,2.3172783739223872,3.5378970423431637
2023-07-13 21:00:00,4.012572443488861,3.4908250910317467,2.084211632996891,3.495666682510195
2023-07-13 22:00:00,4.50655359423997,2.3077392794022793,2.869717974829398,4.487358300773568
2023-07-13 23:00:00,2.0777174246438763,2.9703919505917273,2.2718061883845655,5.019869201645275
2023-07-14 00:00:00,4.867734665589685,3.1809167106010956,2.004319375971697,0.4397471553587051
2023-07-14 01:00:00,2.471126218615263,3.5611400265825504,1.5280460983516968,3.7494334505991276
2023-07-14 02:00:00,3.160928919079034,4.213606043775675,5.106496548694478,2.6616607216826873
2023-07-14 03:00:00,0.5062910378531797,3.728933916167634,4.58149548364212,4.274903935134317
2023-07-14 04:00:00,4.699103412059247,4.388897826399539,2.746669229819004,4.973329217571135
2023-07-14 05:00:00,1.5033621892162832,3.6594765423414235,3.199582179524731,3.219588225456558
2023-07-14 06:00:00,3.6794828567102438,2.23003633489322,4.102617286135647,5.506239713449573
2023-07-14 07:00:00,3.8898368957133482,4.380175146181328,1.6573366342031848,4.900821545277865
2023-07-14 08:00:00,11.530848699844986,10.541008129869304,6.528258420832178,14.097725015806171
2023-07-14 09:00:00,11.474686793865024,9.905603215276829,9.391073795136753,7.184186901239528
2023-07-14 10:00:00,16.34778258943412,6.559436400113971,8.845265767568051,13.447397369528083
2023-07-14 11:00:00,2.8797932277181655,12.019724036566158,7.606653299159934,9.739238968148275
2023-07-14 12:00:00,12.197080823159988,8.410006761806882,10.645485914069543,9.245424059294455
2023-07-14 13:00:00,8.668650536015143,5.003104918936008,7.338915454853964,10.538175150111025
2023-07-14 14:00:00,12.934218584581778,6.420516343688213,14.834641278090253,10.474028212748172
2023-07-14 15:00:00,11.648852057071096,14.862563719221956,13.069895293444088,9.925233235617249
2023-07-14 16:00:00,11.995364932320888,12.496834493606745,8.315688167600008,12.130668270622882
2023-07-14 17:00:00,9.201000268103932,3.4843092247367444,10.476655847453566,8.556141341824283
2023-07-14 18:00:00,1.1420143228734028,2.8950602933250598,4.054491415733766,2.437231687582938
2023-07-14 19:00:00,7.147774369757302,2.629575419047757,0.7636252009338316,2.743207272379024
2023-07-14 20:00:00,4.390767565500195,2.417165326766977,1.3330134893412553,3.9038862942243835
2023-07-14 21:00:00,0.47481878741736505,3.394241513600939,3.864404835370549,3.1357231741512597
2023-07-14 22:00:00,3.5219104415767712,3.6942545406043577,2.5366458449709786,2.6733342674463683
2023-07-14 23:00:00,1.974442994856579,4.124329912399323,5.6295150967128516,3.169649660590843
2023-07-15 00:00:00,2.434591646987032,2.0197045849411506,2.4712435704463447,3.289389799272256
2023-07-15 01:00:00,2.7297164590986096,2.913762331874721,2.748558784034236,1.4847859496674474
2023-07-15 02:00:00,3.7300662920952257,5.458236023048192,4.429991654442024,3.7472360589057288
2023-07-15 03:00:00,2.826929605631676,3.2100611664663266,2.714051866769901,2.744967065144659
2023-07-15 04:00:00,2.8047510149488133,4.373794782039542,2.088961480831015,2.798678439658776
2023-07-15 05:00:00,3.904916148221602,0.38449488918665065,1.4329061857860852,5.534008549491476
2023-07-15 06:00:00,3.529906648910802,2.8862283785033007,1.4801653857073371,2.7142893322360777
2023-07-15 07:00:00,3.3464893399169364,3.1133224302999998,4.218872251188714,3.8097744360387216
2023-07-15 08:00:00,2.5341199331248094,2.403092556939412,4.224778758245066,7.341905442927976
2023-07-15 09:00:00,2.0527383885918526,3.169856233677513,3.1511080400527622,3.7445868036609675
2023-07-15 10:00:00,0.9859065794731889,0.1359151537270904,5.075681152653653,0.6324933793716534
2023-07-15 11:00:00,5.674253773711568,1.9567858699532428,2.760984562706082,5.3050522276903775
2023-07-15 12:00:00,2.988601859059055,0.3228690913287844,1.0548867803259783,2.8056521229609817
2023-07-15 13:00:00,1.8452327018809382,2.364881931547594,3.5148183601685847,6.110969576352117
2023-07-15 14:00:00,5.398621179635672,3.1838529219650527,1.1498923109688628,4.122882461828119
2023-07-15 15:00:00,1.136352783034675,2.500301041919372,3.4690952285911414,2.1030073500232405
2023-07-15 16:00:00,4.536114636386704,4.995573684471705,3.0708335489299454,0.1
2023-07-15 17:00:00,1.6696256621227736,0.1,4.721887076058902,1.9257027881980961
2023-07-15 18:00:00,5.206341299489775,2.9572109521218324,2.610743696678827,2.180975759349581
2023-07-15 19:00:00,5.8201243856235925,3.014827957894607,4.356306344523764,4.254809101822053
2023-07-15 20:00:00,1.3962164085144473,4.837080473780869,4.2457467035363035,2.9551865176401515
2023-07-15 21:00:00,1.991233967721358,2.1287700625004566,3.2160721441726956,3.948659006746005
2023-07-15 22:00:00,3.040055264938318,1.9592866896374905,5.550086992109145,5.213684514603773
2023-07-15 23:00:00,3.958452195421594,3.498708224214809,1.4944045543523101,0.40103220377798365
2023-07-16 00:00:00,3.179453973476026,5.699905299970256,1.470406123584835,3.195503950155458
2023-07-16 01:00:00,5.984029452161299,4.174927183700284,2.9967996370813235,3.346744103811184
2023-07-16 02:00:00,1.7889424357369461,3.8900028195677536,0.5752383604261837,1.554723477120063
2023-07-16 03:00:00,1.8484400295828451,4.7424720965081,2.1593109677594247,0.1199450874491439
2023-07-16 04:00:00,3.4031759289629115,3.597553345574908,2.8563331349719245,0.1
2023-07-16 05:00:00,1.0670063795027325,2.0320731554702576,4.2508624567724524,2.1301396133873607
2023-07-16 06:00:00,2.8692315433108964,2.344746013313584,5.826940086935432,5.085050819790677
2023-07-16 07:00:00,2.941202895553506,2.0056261370485418,3.702500138252058,1.5935033342456455
2023-07-16 08:00:00,1.896865204555677,2.108022204544403,2.0883971506345147,2.840788617466951
2023-07-16 09:00:00,0.6737199975940458,0.1,1.9936680816383994,3.2796141282623967
2023-07-16 10:00:00,1.3255823852055435,4.904130420282073,4.221303788226768,1.0259283118962377
2023-07-16 11:00:00,4.372084632688824,3.441952757078144,1.6005560598913944,3.6807857328471347
2023-07-16 12:00:00,4.160572563925946,4.253135115477273,3.9879784904855504,0.1
2023-07-16 13:00:00,1.7043090974164152,0.6629756821553321,2.4493612632963724,3.003154643646101
2023-07-16 14:00:00,0.9779252303423993,4.44620142188024,5.510896885987719,1.3971482914962152
2023-07-16 15:00:00,0.1,2.6529164856558047,3.773406641109183,1.2990277879782792
2023-07-16 16:00:00,3.005144833421946,4.603189095714552,3.826970548104682,0.1
2023-07-16 17:00:00,1.8784468351500503,1.2975622412729058,5.403186396161104,5.103019913624582
2023-07-16 18:00:00,2.8128217245214695,0.1,4.30259625663424,4.193054547666602
2023-07-16 19:00:00,3.208988845783023,2.9088362222289064,2.051925407911474,4.554630228682292
2023-07-16 20:00:00,4.008984152433194,2.5064223517915156,2.929686947250752,1.3618651661724246
2023-07-16 21:00:00,0.32524168749644655,0.1089355594238901,2.76444808063695,3.6596901454782524
2023-07-16 22:00:00,3.0689334448932053,4.980092496021001,4.143433342600628,3.298164585288745
2023-07-16 23:00:00,3.7291889719953977,2.870440060246259,4.153604643860432,4.954558032171768
2023-07-17 00:00:00,1.5585607163047934,1.3076515322974565,4.166338972126892,5.866220100946112
2023-07-17 01:00:00,2.528930147948067,0.11664017893635181,5.464572698229565,3.0281620305282733
2023-07-17 02:00:00,1.677703595686859,2.8585620247637924,3.8744132537270866,2.7876954162108047
2023-07-17 03:00:00,4.176683700921165,1.76794682457087,0.18161286045498137,0.1
2023-07-17 04:00:00,4.218503649572829,1.1053188290603848,2.890578229825438,2.98509033499616
2023-07-17 05:00:00,2.370113582309051,2.1086766893996343,1.2466851823833682,4.822723194399488
2023-07-17 06:00:00,2.348426607265805,3.363013508217926,2.974737271720622,0.1
2023-07-17 07:00:00,2.356103225739356,2.2921332923867186,2.158502385272696,3.6665660227416974
2023-07-17 08:00:00,8.683393037747132,9.770761845131705,10.173932849503041,4.73261809739123
2023-07-17 09:00:00,10.93760147026723,12.003248028788553,7.795375274952777,10.616349657244244
2023-07-17 10:00:00,6.9332737414016705,8.106319647868679,13.876026073119949,12.767931024034652
2023-07-17 11:00:00,8.422410867394584,10.276136891062448,6.118000823547918,8.845062511175211
2023-07-17 12:00:00,11.478090177130984,8.533061478952556,12.348646170756114,9.998042529130556
2023-07-17 13:00:00,13.679872651093394,5.4478851580871535,11.919847494966666,8.489919326451616
2023-07-17 14:00:00,11.201187137395422,11.201251522618737,10.218750689940128,12.849575920832754
2023-07-17 15:00:00,7.8807718256323325,4.164456660638295,10.772839947065744,9.563671338529065
2023-07-17 16:00:00,10.186083556469564,6.562751501246269,16.046514470859403,14.31992682857972
2023-07-17 17:00:00,9.332470924600184,12.192644272869902,12.572949514000776,6.672580662787778
2023-07-17 18:00:00,4.329504825164107,1.0829896361546394,1.3542560193357445,2.9273038733586896
2023-07-17 19:00:00,4.030323248792423,0.1,5.010157735742783,2.090204579706527
2023-07-17 20:00:00,2.1128812839606788,3.871681446091773,4.0246792964213185,2.00948463039531
2023-07-17 21:00:00,3.8731808592583077,3.4063521770726615,3.720129904791042,3.7458223193505913
2023-07-17 22:00:00,3.0599523375458113,3.737790981346916,6.768748812353801,3.0988830826206444
2023-07-17 23:00:00,4.018629346495047,4.2041362570923955,4.106547203807725,3.7370887931918078
2023-07-18 00:00:00,4.309848655822659,3.4017158976570725,5.326959952229815,4.941724111308143
2023-07-18 01:00:00,7.906111455144462,2.4304892116843853,5.419066073732301,4.033821000866489
2023-07-18 02:00:00,0.8149861936383518,2.5020823359536593,2.9874624947982156,4.334064161217786
2023-07-18 03:00:00,2.347973094386097,0.6926698350241542,3.860442757927608,0.1
2023-07-18 04:00:00,3.921895668740852,2.3240384117959407,5.738692973179691,3.2643861938322645
2023-07-18 05:00:00,4.1110440905413075,3.5414906257915355,0.1,4.240998272103397
2023-07-18 06:00:00,0.40362406774311665,5.2680544976726305,3.3117174136477727,5.5561085828839065
2023-07-18 07:00:00,0.5609614744142295,4.554561511823496,4.868448724568536,3.3330854303592536
2023-07-18 08:00:00,10.660905245492792,11.580298132370865,10.510012818529702,4.796744565709319
2023-07-18 09:00:00,8.925014288131223,6.290251764573412,9.067422596311301,7.207145568080789
2023-07-18 10:00:00,9.095058883407269,12.136231361785896,9.863700548018931,12.498026447120616
2023-07-18 11:00:00,9.301118685713814,7.658475974869344,15.389507911958727,10.00339365961251
2023-07-18 12:00:00,12.157916576382814,10.323031679679541,9.303633747810926,6.552771218707605
2023-07-18 13:00:00,12.577852146704751,11.112217889463073,9.98202266148486,7.624041936923545
2023-07-18 14:00:00,6.3395236942456705,5.751439545789761,7.268984526052752,10.603637055244782
2023-07-18 15:00:00,7.1743864538104765,10.822634142439611,5.8808590734801065,10.847498351259112
2023-07-18 16:00:00,10.727330179887883,6.305497477046019,5.691054415224854,10.128788277942876
2023-07-18 17:00:00,6.223404222310912,11.622477671778036,7.816014487777997,10.955344653480713
2023-07-18 18:00:00,3.8657192971148335,2.482890976513838,2.766480482317701,3.646003045985453
2023-07-18 19:00:00,4.43871274056278,2.4947166091732202,1.2925935098441867,5.097746710547591
2023-07-18 20:00:00,0.9634522077508914,2.536958434303986,0.5709382608922282,4.786707727109516
2023-07-18 21:00:00,2.4214130680458847,4.397346499357666,4.304602181418801,5.171923035754459
2023-07-18 22:00:00,3.570556315583172,2.7544011871125917,1.4595294922350026,3.9458390991717236
2023-07-18 23:00:00,5.367670749975553,5.48461872751705,0.977417273656203,2.368219850749984
2023-07-19 00:00:00,2.325418634965187,2.5277626039204617,7.164303905293149,2.708263085803381
2023-07-19 01:00:00,3.0811330006766027,3.1934891969121226,4.0207993948332375,4.590861781298409
2023-07-19 02:00:00,5.222579591323319,4.41564073799419,4.518825489077506,1.8340354773566259
2023-07-19 03:00:00,4.5552217537256965,2.8882367954402297,2.4335756370049078,4.607692000828067
2023-07-19 04:00:00,3.756512492277733,1.940157090043403,0.4966275738898629,5.684393203842871
2023-07-19 05:00:00,3.464072625326071,4.8445121532622535,3.25093997610435,6.663802592612614
2023-07-19 06:00:00,3.733524613684038,1.655498990425583,3.876306234540701,2.1608171129054923
2023-07-19 07:00:00,6.332284416684204,2.1660712466902137,3.0191732949494714,5.656329111859313
2023-07-19 08:00:00,10.074129103616237,6.10138496577218,13.326798868318225,14.77654442688904
2023-07-19 09:00:00,7.929204199312901,8.001877398093196,3.9464458882333524,7.074966536793047
2023-07-19 10:00:00,13.870586027345624,9.637282277485234,7.805422706395421,7.975281887002016
2023-07-19 11:00:00,8.250254888658008,12.050758282221473,6.904882716316345,10.828599662026482
2023-07-19 12:00:00,9.11715190409652,12.691500633032874,5.0948778911377826,11.324198947568803
2023-07-19 13:00:00,7.538384869578882,15.615239838552421,7.76532995113954,6.909300538953033
2023-07-19 14:00:00,9.358699908186125,14.555343754915683,11.075957780810812,12.06058318690143
2023-07-19 15:00:00,9.857548416813286,10.0944469488847,10.23402616298193,3.2150511092364304
2023-07-19 16:00:00,9.10470982923994,13.844068748524974,11.426175325129083,8.406033861649634
2023-07-19 17:00:00,10.251211655211488,8.304184062610258,10.980843280524946,5.752208358873346
2023-07-19 18:00:00,0.9545009999587064,3.5481981371880305,3.060095191358877,0.8462402331691194
2023-07-19 19:00:00,4.6209808811511595,3.7110641843476224,1.3819114385982223,2.0451389977807604
2023-07-19 20:00:00,4.088799767926647,4.470852698260877,3.2992780659176724,2.165965198637956
2023-07-19 21:00:00,4.796635040712314,3.3041650714958783,2.9514620488949195,2.7343574812309277
2023-07-19 22:00:00,5.81406268072377,0.7386585015754226,2.1704246459890486,1.9294806353907594
2023-07-19 23:00:00,1.2183182227370697,4.048108274837068,1.4247798759316952,6.2587396194973275
2023-07-20 00:00:00,0.5989089783804915,3.7796043972381312,3.6143021322223596,2.503361454588732
2023-07-20 01:00:00,4.191352751998864,2.954513749442033,1.8048232307795908,1.317227529172405
2023-07-20 02:00:00,2.034115039768925,3.359085123717297,1.2822231713260814,2.381370487900664
2023-07-20 03:00:00,1.6366967762189293,0.8566477602804854,1.442967353196762,3.761466529178625
2023-07-20 04:00:00,2.5788428879207235,0.1,1.8697508346740768,3.1191217947115963
2023-07-20 05:00:00,4.054084432652816,0.6141881075981868,4.019086423821692,4.854792762762534
2023-07-20 06:00:00,1.5972168702938923,2.8535162489384223,3.9734866465220837,5.408490931292618
2023-07-20 07:00:00,4.804495188058228,3.4344773516542344,4.404387668228429,1.3744093884782225
2023-07-20 08:00:00,7.065324232454715,6.954015496996069,7.258176476018313,11.649316007137479
2023-07-20 09:00:00,8.35314832973275,7.42581592850358,5.05948726203968,7.045387945146306
2023-07-20 10:00:00,12.737918300665937,12.103658659056034,6.101133102497345,9.719602314130714
2023-07-20 11:00:00,10.743599736390308,11.93770470117608,9.894501794506523,5.591038570258292
2023-07-20 12:00:00,11.73438861801147,19.371824984163368,8.870675715435194,18.934505624364427
2023-07-20 13:00:00,9.251042403285977,7.67079864009419,10.696652060482094,14.269264612969502
2023-07-20 14:00:00,14.81622232751885,12.255924185182979,13.280044978549375,7.797079399728725
2023-07-20 15:00:00,6.944446437115485,5.642886458453566,12.023763552300414,10.715374175289703
2023-07-20 16:00:00,11.918300026408708,9.668292443231374,6.0518051874010395,5.661506175512117
2023-07-20 17:00:00,13.833050430397588,9.070206380352127,11.806918367177676,11.338263799326645
2023-07-20 18:00:00,4.766896404068924,2.3378224886334826,4.372129847439871,2.707265582855258
2023-07-20 19:00:00,4.542273338788087,0.829501616911676,3.402302268448225,1.3178050165976434
2023-07-20 20:00:00,5.655477519603869,1.9158786387027589,2.9638918127508256,4.107997000817926
2023-07-20 21:00:00,0.1,2.0096853354932307,2.343449008763055,3.5637059504183792
2023-07-20 22:00:00,3.1061352862824934,3.16688902880077,3.5258978309581197,3.728784785289052
2023-07-20 23:00:00,3.7958238406064395,0.12355947087361763,3.925875992604011,1.7410297868978024
2023-07-21 00:00:00,3.112328848194337,2.614897606985301,3.715599869081728,1.086035890401201
2023-07-21 01:00:00,1.0757553130988533,6.92966167675841,3.4359679184501752,5.236473698175142
2023-07-21 02:00:00,4.259475474215446,0.5346437582244521,3.4606077138012226,3.3454093723479104
2023-07-21 03:00:00,3.622602583790375,3.655573379426376,5.023206091852417,3.6225171306353534
2023-07-21 04:00:00,4.546549813732286,2.9795936479821594,1.0441309851151628,3.6540539913467684
2023-07-21 05:00:00,3.321772442993475,2.444792137024934,2.3967783001229144,4.538421766867932
2023-07-21 06:00:00,4.570029424566812,1.8933658995040674,1.6847736384857956,3.6445647983583465
2023-07-21 07:00:00,4.981681052414501,2.7755304228403914,2.2154666587050533,2.2567268896828163
2023-07-21 08:00:00,12.98527161594648,8.668816391596,6.999467633390348,12.797469551268204
2023-07-21 09:00:00,10.985480411836008,13.48336464748013,11.11078700033498,14.580183762026381
2023-07-21 10:00:00,12.775320741368446,10.716736408598685,9.4730341690274,7.992739761819017
2023-07-21 11:00:00,11.381664225732813,8.930891658543583,12.128852073071723,8.143167769416994
2023-07-21 12:00:00,5.5347942627284175,12.21181477273787,7.3389618133089645,7.035012150281226
2023-07-21 13:00:00,6.598758750894792,14.294959983185935,6.935109721769722,6.003299646070639
2023-07-21 14:00:00,10.420940937611467,8.015167087371106,9.672558666625005,13.800055182294855
2023-07-21 15:00:00,8.368694060448355,13.126427609670557,7.735032909859344,12.604393185805598
2023-07-21 16:00:00,9.533987229663564,10.545183894380603,7.2017159275189835,9.724237784056076
2023-07-21 17:00:00,6.586174498348764,12.917101147843317,12.740551266452437,12.666168818973727
2023-07-21 18:00:00,1.7577864808554589,2.770428123032202,0.1,3.6186829923597372
2023-07-21 19:00:00,1.170073427870685,2.768653909150984,5.039906675442806,4.558052145692924
2023-07-21 20:00:00,3.286614848059953,4.008008487421986,1.7573934592970148,2.272379753403501
2023-07-21 21:00:00,3.9010041962926087,2.865774352048712,3.3275992468213995,1.0334830600123932
2023-07-21 22:00:00,3.971155250851586,1.8106267525285713,4.560330754637787,3.7973056289109266
2023-07-21 23:00:00,1.4224190300110022,1.2794660331700463,1.2332727120560514,5.202884409985848
2023-07-22 00:00:00,2.82535176378888,3.118829366989748,2.3103215674996704,2.7280902128207565
2023-07-22 01:00:00,3.3153859008865383,1.97160230593649,1.7871006794145532,4.296342420179776
2023-07-22 02:00:00,3.2214867037228307,3.2879264848641054,0.3346202131621965,2.6845503022116395
2023-07-22 03:00:00,0.48726581548685877,2.1806267527813485,2.4358055538532755,5.134512369299074
2023-07-22 04:00:00,3.674167688806336,4.478234799698413,3.7668126037057053,3.6789329312231853
2023-07-22 05:00:00,6.156013766239962,2.9973864617610766,3.5904835162946913,2.5416850193235154
2023-07-22 06:00:00,6.819808642860497,2.836016054428331,1.0429510145520298,2.008607512433077
2023-07-22 07:00:00,2.7551129035371007,2.266927434356466,3.1227659934869094,5.73838116565836
2023-07-22 08:00:00,3.2439770922068787,4.611953741615935,3.219449705266203,2.81555214677458
2023-07-22 09:00:00,1.3553696689557504,1.985144736614617,0.1,3.9243695123796916
2023-07-22 10:00:00,3.9698782571927893,5.216676974716068,1.3642986286823313,2.3408907479388676
2023-07-22 11:00:00,3.231216196753573,4.3403050304557,2.812663657800135,4.229369510575383
2023-07-22 12:00:00,2.303169037307927,5.440591137138141,1.1761774403303167,1.1753591413054396
2023-07-22 13:00:00,1.93812483327213,4.706110303779264,1.535639756713793,2.0290135827554883
2023-07-22 14:00:00,2.9535859755379317,3.039881246445072,4.899959431949234,3.6263661036514727
2023-07-22 15:00:00,2.6309695472596437,5.249146882762085,2.723518087834855,2.770269118275969
2023-07-22 16:00:00,2.2007798183651985,5.625262697030369,6.3334419908872235,2.1415102065465756
2023-07-22 17:00:00,4.132721006072062,2.366306265650981,4.14711601788278,1.813535042729024
2023-07-22 18:00:00,2.2149827673280384,1.8245163196782528,2.4118674462899845,1.38269406873211
2023-07-22 19:00:00,3.0269724739324384,3.4587327050752337,4.480270973260444,0.9338155589305126
2023-07-22 20:00:00,3.7441079697450013,2.7348233617254216,4.997854032986783,5.3557707382786255
2023-07-22 21:00:00,2.441957796767481,0.1,4.135816937456937,4.794329613080148
2023-07-22 22:00:00,1.4508026163914285,1.2901202135908456,3.8813161183008393,1.2243672264034355
2023-07-22 23:00:00,5.88392745819697,4.279076902323636,4.0700685006512725,2.845702488137295
2023-07-23 00:00:00,3.888877225428211,4.627230160725858,0.9183138973391207,3.4397529498652446
2023-07-23 01:00:00,4.481672630820319,4.867538620433902,2.143732006872611,0.1
2023-07-23 02:00:00,1.7162950992621444,2.779765592769575,5.345526347781988,0.1
2023-07-23 03:00:00,3.4399577551435447,4.42070260867364,1.2191896433655949,3.30847430396714
2023-07-23 04:00:00,4.764106077378164,6.036670564504887,2.7035411780588716,4.332135134804645
2023-07-23 05:00:00,1.7364560129906428,4.107655663924675,0.559166748356831,4.397860802630827
2023-07-23 06:00:00,2.253381009528539,3.3736016097841377,2.420363245357354,2.010586507164355
2023-07-23 07:00:00,4.37126685079793,2.9688902615465564,3.0823877465924165,4.972226241968276
2023-07-23 08:00:00,3.97348382950562,2.490831766091638,3.603245300432411,2.1763921123084566
2023-07-23 09:00:00,2.0884972367427705,0.6447694892757463,0.9019993473792742,4.559470109823559
2023-07-23 10:00:00,4.339883588411686,2.481328140506111,3.2593846861677345,3.863114574469309
2023-07-23 11:00:00,4.681188530979066,4.128242130240725,2.518583964359894,1.2478604674014786
2023-07-23 12:00:00,4.918329214870382,0.28278035641350874,3.8697400721281014,4.533370807689862
2023-07-23 13:00:00,3.6397985044373122,2.0712652693812523,3.9041867865217665,2.43251012232815
2023-07-23 14:00:00,1.8829681274839745,4.137551573868672,4.284163435158613,1.5041735752961132
2023-07-23 15:00:00,3.838623637469559,3.574410499132135,3.612934674725641,4.95365906763179
2023-07-23 16:00:00,7.548379066400388,4.575817387827561,4.7840599139322055,1.3464837281300561
2023-07-23 17:00:00,4.430802114901153,3.412297153529811,2.5393700089231874,1.9582865890287438
2023-07-23 18:00:00,2.02394460711898,1.7738061091556994,1.3238855080433973,2.05718132659905
2023-07-23 19:00:00,3.22560156019918,3.5365799799849125,0.1,4.35651317201535
2023-07-23 20:00:00,3.2656475098694346,5.796121897398642,5.789486914757553,4.248159345369716
2023-07-23 21:00:00,2.753901760506104,4.49857530092347,1.6355808395341256,4.388037058840574
2023-07-23 22:00:00,5.463237245407306,3.24809643501192,3.4713461167722706,1.2999104340666308
2023-07-23 23:00:00,5.830119574069492,4.57716996063865,3.7259498618015767,0.7898973386759383
2023-07-24 00:00:00,4.955031656742686,2.2818514571221753,1.173441929031716,3.2218485856169985
2023-07-24 01:00:00,3.399669669273013,2.764759152279428,3.6289813177694112,3.8634954533885875
2023-07-24 02:00:00,0.3894678203463542,5.373686714852067,3.8662125901801647,2.28204331615117
2023-07-24 03:00:00,0.48820008419002114,3.602363821463975,3.013172128723465,4.5068000728699
2023-07-24 04:00:00,4.045926051524907,1.6802539457056636,2.303018806708454,3.080300412919132
2023-07-24 05:00:00,1.8467939717676147,2.9326697289629844,1.725025262220736,1.9428635091250728
2023-07-24 06:00:00,2.5340590157478906,1.3576244212096562,4.103965576673694,1.2230764881948075
2023-07-24 07:00:00,5.892768940549635,3.682001714625212,0.9261327732372631,4.230988542529196
2023-07-24 08:00:00,7.001877367564271,6.31556937333574,10.506682328833628,6.609579208083492
2023-07-24 09:00:00,6.745840476393235,12.413647543207164,11.480974394326584,12.0727632334487
2023-07-24 10:00:00,6.074422816195459,9.82835419499849,12.229151627068713,6.096017568938203
2023-07-24 11:00:00,12.999193124537886,11.420175054853607,10.046440326911512,7.428191701455795
2023-07-24 12:00:00,11.243578003818843,15.006073018288138,8.146997785912493,11.069062816490884
2023-07-24 13:00:00,11.486779912375937,3.9198979139339833,5.201663810889881,8.335860976611915
2023-07-24 14:00:00,14.835971137974312,7.296763769892762,7.484067979814606,7.875778281560184
2023-07-24 15:00:00,9.707852775497113,9.576812918725183,12.364685536919406,10.31406072819888
2023-07-24 16:00:00,9.745418441963993,10.263158218565238,12.19989805066664,9.05159615830878
2023-07-24 17:00:00,12.518722346732435,9.626353481468135,11.019770911162798,11.00129956736465
2023-07-24 18:00:00,4.3726083160657465,1.1294268140032235,2.2948153362911285,4.173654263744112
2023-07-24 19:00:00,4.358019355431551,4.0286472254833665,3.267175088519379,2.710197120299039
2023-07-24 20:00:00,5.751879328044487,2.693447057278912,0.5589688562599804,2.8976396843261565
2023-07-24 21:00:00,2.3977471094271006,2.514719962639685,4.5253581489455295,2.4732865829545094
2023-07-24 22:00:00,2.5986935686350905,3.0289330894135773,1.8568416730981403,2.1884606944426297
2023-07-24 23:00:00,2.1194986588111906,2.1122947486986092,2.326440863104306,3.51967356688966
2023-07-25 00:00:00,3.629035336292554,3.6683718008777126,3.8249094606750735,1.721727511474585
2023-07-25 01:00:00,5.10418446953502,0.7340681443551946,2.793490131914083,2.1501034817077738
2023-07-25 02:00:00,2.8169565771666356,4.133124242680022,4.411856357119271,2.0851743096528397
2023-07-25 03:00:00,3.5067629004429595,3.2305496914061553,4.014027398959936,2.542579707537648
2023-07-25 04:00:00,3.8783856517680406,4.480681617251127,3.404737506495021,1.1312667054070946
2023-07-25 05:00:00,4.660032350304757,6.023903007230022,1.2691433977067783,3.6957499837134895
2023-07-25 06:00:00,1.9279158232059852,2.0305566408254094,2.5917858904782802,6.437610884191581
2023-07-25 07:00:00,1.2491332856714932,3.962248392359873,1.4211317066748717,3.8255789843506887
2023-07-25 08:00:00,9.722235669641826,11.273493367690559,17.75701095325007,15.172475785325414
2023-07-25 09:00:00,10.558785931620642,8.665817023075903,11.297352123425213,7.7423005636552436
2023-07-25 10:00:00,9.926656610074723,7.993736992395563,9.604700135250198,12.018968204845507
2023-07-25 11:00:00,11.702665228034649,9.19958982590014,11.547444742305807,13.226873129570638
2023-07-25 12:00:00,14.412757105283363,12.011405452574923,11.631471886643453,10.05896582543468
2023-07-25 13:00:00,6.806681615507539,12.899562976349916,7.0180178337598145,9.921712987714129
2023-07-25 14:00:00,6.751184562377469,13.218055857153658,10.391919709189729,13.102742099999707
2023-07-25 15:00:00,6.862967089018996,11.028537335256535,17.747154718023666,8.098896099280324
2023-07-25 16:00:00,10.477109866393857,13.39602299484547,6.755132125125474,7.572299581375852
2023-07-25 17:00:00,12.173573723817796,12.351203958820545,10.083876707145471,16.52256095161908
2023-07-25 18:00:00,3.7685308122153454,0.1,2.8957942568816017,1.7032170456249118
2023-07-25 19:00:00,2.414868534996592,3.1876492971782593,2.1937272813095525,1.4733421720333904
2023-07-25 20:00:00,0.448313847960117,3.2075048726584137,1.2073094529052528,3.9960325394242227
2023-07-25 21:00:00,1.341994268531768,4.616929280489273,2.6093347525440853,1.6635368063767573
2023-07-25 22:00:00,0.9823724180830675,1.9224551003986037,3.2330208862140934,2.1714935781093887
2023-07-25 23:00:00,4.057602464355046,3.1218972549295207,3.8515422519582443,1.5277430451797178
2023-07-26 00:00:00,3.223024647087418,3.9231386010234814,2.534684015088607,4.181004595842844
2023-07-26 01:00:00,2.8149804221725843,4.29872819041455,3.9957777110767094,2.7150848403056504
2023-07-26 02:00:00,2.2869851896104048,3.566547501107176,5.366536485488905,2.6056075422459015
2023-07-26 03:00:00,2.7281962196683325,0.9952034616720242,1.5561562260029478,1.7255924609755502
2023-07-26 04:00:00,3.7438206253364497,4.878492856796353,2.0826048036171034,5.463709099346802
2023-07-26 05:00:00,2.009598823034741,4.08507501236487,3.630922517390762,3.9907425611407863
2023-07-26 06:00:00,5.175379179788996,3.631514573982436,3.5670063830343843,2.741524583466047
2023-07-26 07:00:00,2.4237691362513516,6.923686883279846,4.030001025237613,3.7571975689090777
2023-07-26 08:00:00,11.43677324844793,10.931861747862321,10.743219540217245,14.608975696194765
2023-07-26 09:00:00,12.646235583237235,6.722648272922607,10.597275617882936,5.291346345373029
2023-07-26 10:00:00,6.722240373807671,10.552017688694935,15.137276369172017,9.394350695936673
2023-07-26 11:00:00,13.447185716440355,9.205943938015611,11.574657830330247,13.030682488669921
2023-07-26 12:00:00,7.698768386072968,9.169098919681232,10.575018107653113,10.310097305940259
2023-07-26 13:00:00,11.914873681088777,11.109354830700804,5.505330015290047,4.842128587718557
2023-07-26 14:00:00,4.6891349195929335,8.604019385693375,9.554999522962023,9.362165029867654
2023-07-26 15:00:00,14.387909021815823,12.511442202400898,11.438923628365199,9.796626861514861
2023-07-26 16:00:00,9.287493834011201,12.973965860533655,16.394320416724376,9.341639080251635
2023-07-26 17:00:00,10.511370816992596,7.879478016418789,10.612101427820816,10.031704011403914
2023-07-26 18:00:00,2.3529314461123714,4.016167129975832,5.654925281992492,1.0543444938532502
2023-07-26 19:00:00,0.1,1.4475785515262078,4.716456407053486,1.4161045965735553
2023-07-26 20:00:00,3.4766138503019026,4.98022891444584,2.514754788517834,1.0641791580798814
2023-07-26 21:00:00,1.2301004133087932,2.6398797784705215,2.2691082811353347,0.1
2023-07-26 22:00:00,5.015413071662277,2.6110522540511143,1.5829515599057908,5.3778695807003825
2023-07-26 23:00:00,4.596906407229652,2.149588598887316,2.1195722088198474,1.5754400438606726
2023-07-27 00:00:00,3.1752416961210117,1.278920864901512,4.939203914496845,4.416346735674372
2023-07-27 01:00:00,3.7741289778182243,4.151374702273498,5.029391514003452,1.865924179060852
2023-07-27 02:00:00,5.944006273832336,2.4680204678158253,2.932152740112042,1.3714168495519066
2023-07-27 03:00:00,5.349314168210062,7.56391837541296,3.768660013734687,4.623408606307734
2023-07-27 04:00:00,3.64948170350347,1.2002875870625997,3.89287900542519,5.177100305939677
2023-07-27 05:00:00,3.6162441368103533,3.723522698692836,4.039074787026761,3.4603259134878437
2023-07-27 06:00:00,2.9728983096348807,1.5903260529726184,1.675996661311619,4.764822802762837
2023-07-27 07:00:00,4.10304483278013,3.3898742259096153,2.7598996455533182,2.1735984619482007
2023-07-27 08:00:00,10.554923780598267,7.922731656493178,15.978964569865113,10.615920842232203
2023-07-27 09:00:00,12.081534915265788,13.076894469822381,11.108355088403487,9.79942895041922
2023-07-27 10:00:00,4.198899318391501,7.464518031745236,6.828185442157906,12.26821857292131
2023-07-27 11:00:00,15.205717153733579,3.4871901774395386,8.818699533553472,8.62426438588694
2023-07-27 12:00:00,8.30098078038532,11.52226072996021,10.629923433883834,10.193633336027322
2023-07-27 13:00:00,10.94673334635947,5.404033498470123,17.110869999881814,11.416482375176537
2023-07-27 14:00:00,11.096762466984968,12.167930884528515,14.832995701497726,10.628369177550402
2023-07-27 15:00:00,7.200849815828544,11.901386158876033,11.392565944534802,7.686810052453061
2023-07-27 16:00:00,7.166663550229621,4.080664004378678,8.302411272820777,7.6959413865367665
2023-07-27 17:00:00,13.988163740434402,8.247605218025907,16.817820580498644,9.739998213677673
2023-07-27 18:00:00,2.767380370419498,4.16057554263086,0.6275225918096394,3.1639986080812976
2023-07-27 19:00:00,1.5089591126841202,3.177506218655309,2.576160731951712,1.72809968139256
2023-07-27 20:00:00,2.8477856977030687,4.245571450207853,4.031621356321449,3.485483176068552
2023-07-27 21:00:00,5.302921015674123,0.6068822638123952,4.738596767967434,3.5609664486931454
2023-07-27 22:00:00,3.0109382060024217,5.012490919532086,2.806098013372745,3.2531880400755817
2023-07-27 23:00:00,0.6599978365679373,4.006570928623314,0.21374540205300452,1.9101171238750556
2023-07-28 00:00:00,0.12511052142090318,1.9299038268944269,0.9959184473115368,2.253290430481554
2023-07-28 01:00:00,0.2960740316166408,3.9136933435990717,4.765945061167587,2.6206465942700246
2023-07-28 02:00:00,3.027410464342119,4.832521852265862,2.7512042572402406,3.0671362030273346
2023-07-28 03:00:00,3.883901142828149,1.7520006002870008,3.5546610022929173,3.8386974697895173
2023-07-28 04:00:00,2.509387453284163,5.207555783760195,0.870451385679309,5.140648904163898
2023-07-28 05:00:00,0.9795878904121995,4.884569075982405,4.010200246476128,2.309444092577041
2023-07-28 06:00:00,2.9460394353696557,6.926750391851831,1.1490358100243956,1.8111751645163356
2023-07-28 07:00:00,4.569372560868013,2.762539085386386,2.688642330568947,1.9019772422800874
2023-07-28 08:00:00,9.04537388041678,11.932729815468566,10.639077728963398,15.511077664912907
2023-07-28 09:00:00,9.250058589618378,9.463828871851721,12.176255505666731,9.853082700070344
2023-07-28 10:00:00,10.981321959033068,15.171152103859606,7.412102213577341,8.027441955538318
2023-07-28 11:00:00,12.89854665684339,6.526997664859473,8.198243541825452,10.794182963156514
2023-07-28 12:00:00,9.466173078423333,10.965362377064183,11.860978447647192,7.622229800631937
2023-07-28 13:00:00,9.40343045122183,4.915141296788406,7.731573765002931,7.8531549488130725
2023-07-28 14:00:00,10.174310289845423,10.648086782806384,11.22521401618197,8.199261550660056
2023-07-28 15:00:00,13.942037671891878,9.963180471470832,11.854658314222036,9.447115276771761
2023-07-28 16:00:00,9.785847827297914,8.549323394841995,9.491898379122285,7.941187600389188
2023-07-28 17:00:00,6.1856513270527484,9.376406633908514,10.82980024630609,10.56381857146284
2023-07-28 18:00:00,0.8364838119277929,3.1641606272845957,4.304256601474311,2.5311849241559483
2023-07-28 19:00:00,2.3748143735686176,3.6197787210536965,0.1,5.604740578578156
2023-07-28 20:00:00,1.9892515440664909,2.8132682407480094,4.152917575651372,3.7213153021478367
2023-07-28 21:00:00,4.184251514421341,4.984546540350006,3.8067606727381404,3.129909313002537
2023-07-28 22:00:00,4.118669940507994,2.351948722436422,2.9002292976210238,3.9589339272084647
2023-07-28 23:00:00,2.9038010952363686,3.630991436924845,4.820367486238477,3.0466625823955473
2023-07-29 00:00:00,2.1114955632880488,3.521756376353772,2.7444468719958413,2.907366227708066
2023-07-29 01:00:00,3.3293633021254747,2.010046354028126,2.7754720519315397,2.566084934724476
2023-07-29 02:00:00,4.928162978598763,1.9040457481516033,0.7708146881917926,4.976978216657904
2023-07-29 03:00:00,3.8596503252914123,3.3649856824999405,2.5463949591241803,1.4729421043449022
2023-07-29 04:00:00,1.292555282849384,4.025363400196196,3.2818322869207144,3.127988574383456
2023-07-29 05:00:00,3.6220524872174424,3.768946079020196,1.7539187687912432,3.190178733507667
2023-07-29 06:00:00,2.382949502957998,2.7026498850185834,2.552795810440454,1.3994546167810276
2023-07-29 07:00:00,0.5829636660068234,3.099803846774713,5.045199964264804,2.7697179435885255
2023-07-29 08:00:00,3.7471225652206632,5.232065208448482,4.834977100573594,3.495509942658619
2023-07-29 09:00:00,1.186666495194085,0.4814769630088218,2.673608187764278,2.6324513379597416
2023-07-29 10:00:00,2.213721289855089,0.23264196229169753,1.4683144770683076,0.17097596021330475
2023-07-29 11:00:00,3.0453682116012035,1.9173064960278448,2.2444396007586187,3.6747285260321787
2023-07-29 12:00:00,2.275294160478691,2.955593553975007,5.051982361332621,3.061032848783579
2023-07-29 13:00:00,2.0129215195695127,2.1788251729415924,3.6781796495486114,1.3852543263221726
2023-07-29 14:00:00,4.022348726163578,2.806052790834291,0.1,3.748112957138137
2023-07-29 15:00:00,0.16414346400065982,1.5503980536008883,2.63754100396208,3.1507119625037987
2023-07-29 16:00:00,1.296738287270478,7.214416433369177,0.7883661381680467,1.4588043888023017
2023-07-29 17:00:00,3.963544514067435,4.672447480267441,3.102662783005353,2.128018850158622
2023-07-29 18:00:00,2.5204333108208004,2.6329826599658106,4.830363999782875,4.639547193561162
2023-07-29 19:00:00,3.454579730981964,3.693690642860937,3.5944955641843235,2.398585291910315
2023-07-29 20:00:00,3.4145842940213997,4.143556417809129,2.495205362721145,3.248748206934203
2023-07-29 21:00:00,1.6475630442082059,2.868104545400576,3.0755310724847083,1.579010639280595
2023-07-29 22:00:00,3.7604685296557294,3.8172439093823582,3.7918258385141455,2.13315391562877
2023-07-29 23:00:00,4.837564366158265,3.089303953303922,2.7836900914787472,3.6208213846855113
2023-07-30 00:00:00,4.070501004857773,3.577890956171318,1.6077793038178563,0.4200666807576625
2023-07-30 01:00:00,3.7741846265927683,3.0974534205674695,1.687069798699325,1.1489543912838758
2023-07-30 02:00:00,2.4689921299005877,4.615924577392453,5.551385759715428,1.6322086092230736
2023-07-30 03:00:00,4.413588154423785,3.9198790949156086,1.5790781044549826,0.1
2023-07-30 04:00:00,3.6628780368266556,2.4434117536674473,5.18130291204753,3.1282555554198277
2023-07-30 05:00:00,3.860311867105803,4.103540368723304,0.1,2.430379356641218
2023-07-30 06:00:00,1.189759227968743,2.607664793010885,0.9083856724475856,2.770568817569655
2023-07-30 07:00:00,3.075240713316264,1.3774378593999717,1.6359400638644326,3.7006459393907516
2023-07-30 08:00:00,1.9066510884134065,0.6490013976411166,3.356199570852103,2.751734338356926
2023-07-30 09:00:00,1.7692971542665956,2.1275898497963337,1.8198444133924425,2.0639253802962787
2023-07-30 10:00:00,4.373003331870767,3.2942133308844657,3.8451108893221537,4.888822906914484
2023-07-30 11:00:00,4.0424584905317715,3.492068700265351,2.7491487229884775,3.336132127651133
2023-07-30 12:00:00,5.050092670216374,4.082966080530968,4.491554107207023,3.7397453564494003
2023-07-30 13:00:00,5.053199431972946,0.14609325498242764,2.305062647455543,7.290585659355806
2023-07-30 14:00:00,1.6674082189515158,2.7184875780968545,3.014311058011109,0.6793992996620273
2023-07-30 15:00:00,1.5472761805765531,6.387093831783478,3.6183026408253207,1.4615798525275547
2023-07-30 16:00:00,5.877493470165138,3.6482293163189485,3.8118192168929967,2.041229924123832
2023-07-30 17:00:00,4.153112929598113,3.729388060706263,2.23146490940191,5.238442472868047
2023-07-30 18:00:00,3.311875677167508,1.273148953635856,2.086849875790641,2.7090910556490324
2023-07-30 19:00:00,3.843973895771546,2.3017050140183013,5.901881547231306,2.715909409961567
2023-07-30 20:00:00,2.969952808861269,4.657710743016638,2.5515359542406912,5.420918900616047
2023-07-30 21:00:00,4.543817037926078,1.922216358844217,2.6820010290921474,1.6717834749381475
2023-07-30 22:00:00,3.29803051160905,5.1821251915918864,3.0819724509991664,1.3664288582075441
2023-07-30 23:00:00,1.0950641961821894,4.440278512942379,3.6305691775526,3.470059619921848
2023-07-31 00:00:00,4.7070179141605575,0.9390743522351932,1.706686626184185,2.5084030547660996
2023-07-31 01:00:00,1.7618625130052052,2.641235555590308,3.1628976091525947,3.9410362721148657
2023-07-31 02:00:00,1.8890310109070256,3.3636964382565573,2.7248765084905435,3.274063633543033
2023-07-31 03:00:00,3.591105791219319,2.1736202895457315,1.1982509170891902,4.223262705014989
2023-07-31 04:00:00,0.8165577253774097,4.052802273839754,4.434913760367342,5.095855751746075
2023-07-31 05:00:00,1.2774654095162725,1.4056545234759952,2.791323548662782,1.8902426125646743
2023-07-31 06:00:00,3.061742801011618,6.410268727213784,5.472829462497145,5.184490165933864
2023-07-31 07:00:00,2.6370673839115613,5.143023059223028,0.12866367712760995,4.387936062842728
2023-07-31 08:00:00,8.487852621530498,11.59620739798647,13.228111177726397,13.339417375531294
2023-07-31 09:00:00,16.76731066289835,6.163861442337851,14.622958002033588,7.515068475938843
2023-07-31 10:00:00,12.44791034835196,8.183594139729507,8.393598997826343,10.539831522906152
2023-07-31 11:00:00,7.509464111187006,7.925338348565653,9.88899336414185,8.90448795737922
2023-07-31 12:00:00,4.282955581879764,9.768024895830038,8.903905083782604,11.171244675723633
2023-07-31 13:00:00,13.868826111302454,10.674498768322268,8.87806145345818,12.36935454937488
2023-07-31 14:00:00,10.400970981598993,6.892000011824402,9.959436042020316,10.008239759196925
2023-07-31 15:00:00,7.540981338908567,4.9451480063211095,7.545907460991391,16.394415405415153
2023-07-31 16:00:00,7.507507975321442,8.748711839361848,10.387060919325398,11.29713092817439
2023-07-31 17:00:00,7.8076743059684715,8.360005750212885,7.280547375317351,11.35628882418785
2023-07-31 18:00:00,5.307719185694631,2.277448439818795,4.0831396213318,4.340369420473591
2023-07-31 19:00:00,1.7774892640900222,4.018058039178971,3.5104662614423106,3.065473721770138
2023-07-31 20:00:00,4.390796650750174,4.177016710447851,1.8645642160228952,4.785695713995704
2023-07-31 21:00:00,4.954490520502674,1.2796469219077116,3.985268947949284,3.168045224081146
2023-07-31 22:00:00,4.270390297151046,5.252673407294798,3.9455407532925544,3.3679989110773194
2023-07-31 23:00:00,6.103734171085016,0.7999309927960092,3.9630825794953854,3.2051587069235214
2023-08-01 00:00:00,2.878946595418013,3.752709808685445,5.310336455294672,3.80154469373951
2023-08-01 01:00:00,2.869584776187269,4.007265149267151,4.587905204607,3.186847561142787
2023-08-01 02:00:00,1.006522343210824,3.9742383578056146,4.2944666402057985,2.068294148193779
2023-08-01 03:00:00,4.685313381379697,2.2472047052767796,4.5296369635744895,3.6935748469945886
2023-08-01 04:00:00,2.043979113669641,2.3439426854052297,4.6364951150016855,0.23210738525938623
2023-08-01 05:00:00,1.2770221896183345,4.510819029882153,1.060904633115376,4.762632700910263
2023-08-01 06:00:00,2.0826785104617964,0.6645118267695738,1.3424540206378797,3.6386423399646484
2023-08-01 07:00:00,4.493013786792789,2.8407440767950263,3.1857579550360002,0.39961062696993377
2023-08-01 08:00:00,9.015700827156262,8.643463568166071,5.635884202072695,6.054983030559113
2023-08-01 09:00:00,9.002520643880741,8.44483500738839,9.207695518757845,9.875768903807675
2023-08-01 10:00:00,6.729355924034963,11.11813924718019,9.622398293790093,7.02764372610065
2023-08-01 11:00:00,7.826888675769203,12.019287717226925,8.493252328930692,10.91552083015056
2023-08-01 12:00:00,8.44488422368616,6.527205834321762,9.339859804240687,10.493766452114045
2023-08-01 13:00:00,9.471304604846308,12.439947748431846,6.365236072758407,17.204378628873098
2023-08-01 14:00:00,8.423311086030086,9.462840652839759,12.386137419189199,12.262499844897878
2023-08-01 15:00:00,8.3226224973074,10.070669098754509,15.118045480159447,5.408637303204227
2023-08-01 16:00:00,8.991585635187523,10.295428068717362,10.321296189871875,16.693380344979087
2023-08-01 17:00:00,8.542963389239645,7.532329256950298,9.230869301574117,13.760918856079927
2023-08-01 18:00:00,0.8359046861655872,6.659969339203376,2.3784159088507764,5.440639601015861
2023-08-01 19:00:00,2.5376194608509874,0.1,0.1,4.118330881564492
2023-08-01 20:00:00,2.2738605969275145,2.7422003492515796,2.7242239501587293,3.3427968176771508
2023-08-01 21:00:00,3.550252150437751,1.3974571078204434,3.3605640547788362,4.472085693193872
2023-08-01 22:00:00,3.865018407944825,1.7963131226905382,2.4893497623817256,3.2033187868322037
2023-08-01 23:00:00,2.168519116810478,2.4734476572517186,1.9015349633574545,1.7134392743990232
2023-08-02 00:00:00,3.3475891904416106,1.507806289213044,2.396782321516627,3.7358614411241464
2023-08-02 01:00:00,2.6563767921726114,4.678682749031061,2.6658368801119536,0.9448973985578628
2023-08-02 02:00:00,1.2796795773626857,6.321339876163895,3.9339537220554774,3.9790549916593956
2023-08-02 03:00:00,2.0439928071794276,4.323927162031084,3.87648083609758,4.569860513426768
2023-08-02 04:00:00,0.1,5.0009984563852266,1.921209464862697,3.381178450618147
2023-08-02 05:00:00,1.5709590455042464,3.8835622992232057,4.853533581405973,0.19337912452701156
2023-08-02 06:00:00,4.534996495291911,0.9254638931499573,4.212513379020887,4.77192861169606
2023-08-02 07:00:00,3.3569241244648227,0.1,4.669402762380497,2.8255733527976177
2023-08-02 08:00:00,4.886582284805174,12.568448837793218,6.881765335369299,13.949958982026374
2023-08-02 09:00:00,11.218694367818705,5.316970793559816,9.950468319231712,10.533272247237406
2023-08-02 10:00:00,11.414037175286369,6.775098922157318,15.222280432374045,6.589313631323613
2023-08-02 11:00:00,9.177749184830308,8.373600594831458,8.108144745486756,9.736517427873483
2023-08-02 12:00:00,10.128941675917313,10.52304661072538,10.454808945901204,9.336963358065649
2023-08-02 13:00:00,14.497691371778618,7.664087049371678,6.663616049209907,8.34873520063654
2023-08-02 14:00:00,9.08259169091536,10.565040793225991,8.76159023934523,10.28707597837389
2023-08-02 15:00:00,8.207927499354057,9.537812141573257,9.912780140566806,7.909131729232785
2023-08-02 16:00:00,16.949925512269896,5.438129552656998,12.392962750334334,10.789373675437695
2023-08-02 17:00:00,10.333585750161335,11.175663751546692,9.096566469202811,12.280064322343616
2023-08-02 18:00:00,4.892928893504806,3.6825058276082645,1.9556649353230051,1.6320562220966248
2023-08-02 19:00:00,5.060350805253684,3.639820132417942,5.073445888009756,0.1
2023-08-02 20:00:00,4.672675401383356,0.9022908160719001,2.380707300890251,4.150634622464855
2023-08-02 21:00:00,1.0237954725150216,1.3930129509205407,0.9209688782385226,1.7338693139942079
2023-08-02 22:00:00,1.8570905766302395,2.736510482456443,3.9342053201621394,3.1473343946973307
2023-08-02 23:00:00,1.3469787849227965,1.3116886097938107,4.4095799684419,2.3216721863664045
2023-08-03 00:00:00,2.4041735404735993,5.95368408239428,3.9417476102966384,4.489226233190142
2023-08-03 01:00:00,2.3282866063411323,3.488931484554225,2.319783310102781,2.825188890954051
2023-08-03 02:00:00,3.6407456323500966,1.3847259259302687,1.9179735783045189,4.453535930352939
2023-08-03 03:00:00,0.16813067813985683,3.1060687813005248,3.8449395073018238,5.702412807242351
2023-08-03 04:00:00,3.0856243068034233,2.3577963434304916,2.9106202535983687,0.9035900497951945
2023-08-03 05:00:00,3.8313902381341567,4.782662746531985,2.399127741920149,5.24708320562366
2023-08-03 06:00:00,4.744884428910451,3.45890480487648,2.9815819275119204,4.9313896015317535
2023-08-03 07:00:00,2.3451088272315657,2.3297310275252756,0.5978889854109735,4.088719492774582
2023-08-03 08:00:00,10.986879986930733,6.112294372510006,9.322440428635588,9.412809111090574
2023-08-03 09:00:00,7.792404301928878,8.713887662885272,5.1114899036324,6.341245411595208
2023-08-03 10:00:00,15.287993493048964,7.041205946518067,7.72207459342486,14.96843590247638
2023-08-03 11:00:00,13.916686433569467,7.818120149874915,12.764544374515982,10.914961959056683
2023-08-03 12:00:00,12.022827089574271,7.016713483062659,15.343259524605113,8.843505572791761
2023-08-03 13:00:00,7.7698259623045995,5.933824489826628,16.448385911691425,6.913755802706342
2023-08-03 14:00:00,13.99018453209607,8.668860736599928,11.623116205345351,12.57088662937315
2023-08-03 15:00:00,10.636960163638024,11.227796927671557,9.727858979190476,12.146680794224604
2023-08-03 16:00:00,7.379999597746207,10.87548992911363,10.206469461548199,11.655372037977985
2023-08-03 17:00:00,14.004197780441036,11.38127006253103,10.041841509077152,13.905709551407819
2023-08-03 18:00:00,2.742720823470194,2.3434769965621562,2.70002283411446,1.8420663718054038
2023-08-03 19:00:00,5.656065869493363,3.3765734669785568,2.6761618800935363,3.3937287084140015
2023-08-03 20:00:00,1.4703727451362525,3.4470100529022125,4.329663332737923,0.1
2023-08-03 21:00:00,2.937542547635565,5.036078281954144,4.683612327096165,3.6446852247058112
2023-08-03 22:00:00,4.207608138932272,5.4426440878757365,3.8893343407144245,4.063835433675172
2023-08-03 23:00:00,4.079063509703456,5.0720976327753515,1.6261338945889912,1.633616675181796
2023-08-04 00:00:00,1.766357160069122,3.172887271530182,2.4155061168429044,0.9685621236410817
2023-08-04 01:00:00,2.145101440473579,3.420984601578823,4.023597808855461,0.840900328895402
2023-08-04 02:00:00,1.407024416266181,5.625230883473542,3.6264783551163675,3.329108168387701
2023-08-04 03:00:00,3.4052484046741234,2.157328755223038,3.7385552764298504,2.002773782815754
2023-08-04 04:00:00,4.100883429767532,4.028705135022655,2.8764674035556337,1.7024137356693485
2023-08-04 05:00:00,1.652781307732375,5.511218270614197,4.429826946298938,1.12121633758159
2023-08-04 06:00:00,2.8638308385168383,1.5196074593200803,3.7942245549138187,1.4099328697286788
2023-08-04 07:00:00,2.4288821921387873,5.148145948502458,2.367179303098275,3.9236088553262953
2023-08-04 08:00:00,11.295169377972412,10.976775918817335,9.815391240782304,13.089914741934134
2023-08-04 09:00:00,7.842150116861562,6.394289543434087,12.348190640623628,10.775344303476402
2023-08-04 10:00:00,3.6657396215570763,12.378832589304185,7.309374931832756,15.463106985294614
2023-08-04 11:00:00,14.324824068031186,11.12210143816926,11.071026098413052,11.91036812127564
2023-08-04 12:00:00,15.102389240430531,11.333365189641924,11.046468859052217,7.201144487080887
2023-08-04 13:00:00,11.714292866347462,13.457258781369331,11.953192574353842,12.084135575908007
2023-08-04 14:00:00,6.964922582877914,9.58909494836309,16.213254508685225,10.481454773366256
2023-08-04 15:00:00,7.618622825305153,5.7212394058458385,12.863815417790153,7.746487728578426
2023-08-04 16:00:00,11.633645238837,10.445765835395575,5.1784984069152,11.66233887991682
2023-08-04 17:00:00,15.692234120318773,8.920051578150229,12.11499341728376,11.942066475260367
2023-08-04 18:00:00,2.1236626590930103,3.037545189669783,0.1,3.9308639579097386
2023-08-04 19:00:00,4.053613460432186,2.0179531500862398,4.319868852056601,4.258475561601784
2023-08-04 20:00:00,5.2604485634048395,1.4916541167168627,4.772112497176284,2.0459214373624746
2023-08-04 21:00:00,4.392882510653993,3.7667087094779355,1.295777515170728,2.4678942168371982
2023-08-04 22:00:00,5.16386687674438,2.262983222402313,2.7501534879699054,2.374843234188227
2023-08-04 23:00:00,1.5741331850094937,4.011425864326991,1.9256487283972148,4.465161444244213
2023-08-05 00:00:00,3.5865009609712604,3.163770461975431,3.6799460495756393,2.73893362615842
2023-08-05 01:00:00,4.313605064495527,7.318186210381221,0.1324419136994397,4.949744037121809
2023-08-05 02:00:00,3.7591457896144425,1.3749283295871353,2.3241851352957816,2.26187130933189
2023-08-05 03:00:00,2.28666268118854,4.605201728146394,4.403070476898037,2.117530032983016
2023-08-05 04:00:00,2.8608733442935725,1.9192559888903415,1.6609172162089825,4.467162666884526
2023-08-05 05:00:00,2.928174871233682,1.8857015021550194,0.1,2.5062366514068364
2023-08-05 06:00:00,3.879474445496494,4.136074760574816,3.825820489802749,3.433678140576804
2023-08-05 07:00:00,4.067512425300472,2.7241699398416754,0.2568385060689291,1.9197793266658802
2023-08-05 08:00:00,1.9388172527280954,1.389674522578902,5.42964834107118,1.4655260764922518
2023-08-05 09:00:00,2.399739726767031,3.440297998642135,2.6897913464337977,3.381773386864529
2023-08-05 10:00:00,2.927717003675183,1.5645361769485766,4.380727403904504,1.3367485607646474
2023-08-05 11:00:00,3.1944140184069125,5.18958735086748,3.9767779301378425,4.492176016742624
2023-08-05 12:00:00,3.0053233641440786,3.575935057564534,3.774649598843785,3.825665785594477
2023-08-05 13:00:00,0.1,3.2317226259068983,4.64472614402468,3.178719849257307
2023-08-05 14:00:00,4.601032535528696,2.913761546441692,2.6897265120779723,3.6102339416116846
2023-08-05 15:00:00,1.2901753917748464,1.521576705257453,0.9228304485758385,3.9942038177614307
2023-08-05 16:00:00,3.5455421117321917,3.1622600211479273,1.8998138808929612,3.6540731998590825
2023-08-05 17:00:00,4.519802113259049,1.9606655304467178,1.2218355129313063,2.259855670510876
2023-08-05 18:00:00,0.9761339544254426,7.02876716011891,2.7405478890145174,1.1959182416246044
2023-08-05 19:00:00,2.330670514759361,3.3559314255867454,5.552272504846156,2.299588106497138
2023-08-05 20:00:00,2.647912575387913,0.7418404347858374,2.478314009448204,3.490557839747818
2023-08-05 21:00:00,0.7413211629663077,1.791164401298808,3.879149861279177,3.3005709222698556
2023-08-05 22:00:00,5.429100274521448,1.8021514432199348,2.5931065573942904,2.843813609004549
2023-08-05 23:00:00,1.2474685650383694,3.452730315843197,0.28526712542166344,3.30161509377153
2023-08-06 00:00:00,1.4747286370025439,1.3647775921652943,4.340168765557441,5.721670195301568
2023-08-06 01:00:00,1.188908588793761,2.730421079283997,1.7829344051019298,2.426593953721193
2023-08-06 02:00:00,2.2103051256355224,4.5503699429088815,4.080435914949799,1.1909723277560933
2023-08-06 03:00:00,4.002081787802648,2.596026320367634,0.1,1.2677748011445984
2023-08-06 04:00:00,3.3036819038356886,3.538744516496065,3.0114612157820613,0.8076447662068267
2023-08-06 05:00:00,4.4463919541976615,4.506297170722972,3.8377683444413995,5.7686175428509845
2023-08-06 06:00:00,2.311117793704071,2.3096414260159808,1.8545747718616803,1.1291827874616298
2023-08-06 07:00:00,2.089173698636233,4.212374180314514,2.1601876287095343,5.6096862599939445
2023-08-06 08:00:00,3.7398713738236773,1.8541282891844681,1.7104535540091943,0.6743178574272264
2023-08-06 09:00:00,0.735221817231333,5.991566855623221,4.433797348455648,2.6607842762560105
2023-08-06 10:00:00,1.903174306779937,2.646670247869362,2.47697220579657,5.314140868625023
2023-08-06 11:00:00,2.1951585546963006,0.9372268212110217,2.787134151713037,5.2658423285886755
2023-08-06 12:00:00,2.324522187406819,3.233697798793423,3.7835133103783254,0.2847322247418531
2023-08-06 13:00:00,5.7924780196836805,3.563445416029763,2.265677510555605,3.8201702819854697
2023-08-06 14:00:00,3.45064362953215,2.4866436026934817,0.7488744041572954,1.0224486774515498
2023-08-06 15:00:00,3.7356841760961315,3.104799767915231,3.924601328559506,0.8445863650153278
2023-08-06 16:00:00,1.4315402561725632,1.9522447904375182,1.4937311490360619,6.792446545245508
2023-08-06 17:00:00,4.116811766850384,2.2318338025522935,1.739498580589839,2.712157839662356
2023-08-06 18:00:00,2.5762768409362105,3.7290259006669078,3.888012878422844,5.239880602903144
2023-08-06 19:00:00,3.3278519714085526,1.4053361188015203,4.05401545110827,1.1382605102067618
2023-08-06 20:00:00,3.527883616059068,2.5943942440970726,1.9223700872866594,2.160165608548813
2023-08-06 21:00:00,2.611682778753713,1.9679250493325204,2.5409956204339856,1.0603597856012343
2023-08-06 22:00:00,4.424775451259898,3.7712438659895495,2.054336729154265,1.9650453214851766
2023-08-06 23:00:00,1.439817052276109,3.852682790876454,1.3901817948958164,3.9829866308428663
2023-08-07 00:00:00,3.3583102061107706,4.282853554124329,3.635426577651499,1.697060169914145
2023-08-07 01:00:00,1.2357059257993805,1.802134072209482,3.2317446967938763,0.2951475055282575
2023-08-07 02:00:00,2.767416376490661,2.9688721787145664,2.692393519213573,1.3003523396518366
2023-08-07 03:00:00,1.2758933962257557,0.1,0.1,0.1
2023-08-07 04:00:00,2.7730208743759186,0.1,6.634671786532356,2.344975806791891
2023-08-07 05:00:00,0.8621478420016895,3.24221296975922,1.9113500172689446,3.2037033408298567
2023-08-07 06:00:00,2.776184753124496,1.4683966931911776,5.317039932919945,4.089961685194539
2023-08-07 07:00:00,4.2399004272783,4.033044219760201,4.464629136233565,3.100174035563466
2023-08-07 08:00:00,11.942975772355013,12.157572044131319,13.18685045808573,9.656390297827766
2023-08-07 09:00:00,8.760398464169356,15.900771181229997,9.558418350585834,8.754662701530647
2023-08-07 10:00:00,7.964004855994386,9.936439681976458,11.877382100611424,8.319612151971782
2023-08-07 11:00:00,10.453673957021643,13.231794774090307,14.679250248005976,5.840154596182551
2023-08-07 12:00:00,6.548163859955714,6.330797096469529,14.091366035434676,17.323569769959
2023-08-07 13:00:00,10.960203227103097,8.097199173654708,7.85697415098213,4.793619801949037
2023-08-07 14:00:00,9.665616018080781,5.2144912981395635,12.142774000931063,6.399782736095075
2023-08-07 15:00:00,12.02030974427872,9.925054373693165,13.10679762936937,9.426296242842469
2023-08-07 16:00:00,5.9416274889132294,10.808345896470454,8.015638604804987,5.844424215283476
2023-08-07 17:00:00,7.571468079524875,8.493628938397414,10.570561261160645,7.565902831385293
2023-08-07 18:00:00,5.842288554569125,3.900774470077814,2.077257996860131,2.8579385291717934
2023-08-07 19:00:00,1.2744836376126385,3.062468423330836,4.395925993409817,4.587862236595803
2023-08-07 20:00:00,3.677778103571538,2.6273482342773056,0.23780902588310182,2.9995134800361085
2023-08-07 21:00:00,3.971476868278317,2.060942881441827,4.010175247868331,0.8846193548751189
2023-08-07 22:00:00,2.572529623938837,2.947181270281592,1.7088950106736056,4.1626864880238985
2023-08-07 23:00:00,3.14454455496824,2.3797115850448005,1.6073977592623951,1.4694097267981068
2023-08-08 00:00:00,2.501871950983031,4.0598973998682,3.285680358676247,0.1
2023-08-08 01:00:00,3.9466871115573134,3.1516962496124403,1.9383293575219447,2.4145742611665817
2023-08-08 02:00:00,4.988030101245799,4.628540183239788,4.817431053045614,1.8553675009690238
2023-08-08 03:00:00,3.8958572301492826,4.181772231408913,2.909764700756188,5.6647128141270935
2023-08-08 04:00:00,3.300595446768084,5.56653468786173,2.5187816738623465,4.378991492666566
2023-08-08 05:00:00,3.803551926324421,0.6313648603987234,4.019980211600275,3.991316732451921
2023-08-08 06:00:00,5.248240546056067,4.241909967285642,1.6696524725790853,3.8480813843010253
2023-08-08 07:00:00,4.3079242971365685,3.383886001327496,2.099989396906973,2.5454105360686814
2023-08-08 08:00:00,13.31113318735773,4.744883126846079,11.658566098916149,8.624785911574314
2023-08-08 09:00:00,14.550127973465855,10.977351683627193,11.347282413272545,14.089447243207848
2023-08-08 10:00:00,12.502846397823943,6.97038130693424,11.74953665078005,5.112982865162089
2023-08-08 11:00:00,13.771840165298695,7.135127361873195,9.355816005494804,10.046467009275336
2023-08-08 12:00:00,10.876708743330173,9.84915765982732,12.520762384496853,5.237564717035245
2023-08-08 13:00:00,15.986168262987295,10.47427569530673,8.239803446643426,8.813740668286883
2023-08-08 14:00:00,12.108957062149186,9.929662403202023,11.558601702579224,15.935060703634313
2023-08-08 15:00:00,11.643860269141557,7.016023268811665,9.161858407498393,9.082694789524233
2023-08-08 16:00:00,12.256882278319239,10.725182755215643,11.463567746115787,11.006967728901762
2023-08-08 17:00:00,11.587631585539723,8.66352145770385,16.82761018630898,9.316199617930518
2023-08-08 18:00:00,3.55061089505989,4.944336252123999,5.581918334104691,5.434927325508831
2023-08-08 19:00:00,3.2144065790750878,3.5995034940163726,0.8890611805843411,1.250635975761771
2023-08-08 20:00:00,3.0205509046451002,4.033316932461073,4.660330427694453,3.259786725412173
2023-08-08 21:00:00,1.2790590927375356,3.1302044493177728,4.830860914756529,6.310815357283735
2023-08-08 22:00:00,3.5022454184396903,0.6111901041778594,0.28288697627008297,5.009036494966686
2023-08-08 23:00:00,3.509664964551278,3.198315776371824,0.1,4.89042266009163
2023-08-09 00:00:00,2.1114855833962443,1.2084163019583412,1.9889830907635206,5.899602313095505
2023-08-09 01:00:00,4.7228369529298,6.04185453118488,3.1896801252651477,1.7640349175783412
2023-08-09 02:00:00,4.397864056737822,2.4078639718275126,4.274090619154551,0.9502963956445392
2023-08-09 03:00:00,4.566731353496425,3.766027279943038,2.9420237013199775,3.7927117210991517
2023-08-09 04:00:00,2.5396701179021006,2.064578589466016,3.326051463286841,3.369463346909687
2023-08-09 05:00:00,2.3287995308480935,3.3654771678969544,4.2441227200471054,5.451724084441835
2023-08-09 06:00:00,3.8896231436590103,0.2238625138693111,1.1344026458445864,2.6776469567129233
2023-08-09 07:00:00,0.1,3.999773286607181,4.813263705580116,2.9079385051560886
2023-08-09 08:00:00,5.887495316781902,10.822467782403015,14.812248382187004,15.571774127294045
2023-08-09 09:00:00,9.592197216655173,9.367842689240216,6.523641018286645,7.763309109688393
2023-08-09 10:00:00,16.18717236211322,14.31396688209714,10.693727983268728,12.991012766894343
2023-08-09 11:00:00,13.607040309122482,7.995767937166322,7.07738315539475,9.607197643836908
2023-08-09 12:00:00,7.723782037060131,10.021955249500067,8.555867282767192,15.281641932054455
2023-08-09 13:00:00,9.76898385482416,7.275351050891841,9.231684104089691,16.641710682740815
2023-08-09 14:00:00,7.995594956926389,6.87865579113695,11.19176689580413,9.456096553909651
2023-08-09 15:00:00,9.45034236095379,10.798952287823587,4.419596316706966,11.033068514029834
2023-08-09 16:00:00,12.713327824810836,6.6188545730639845,10.270117077206875,10.269223093572664
2023-08-09 17:00:00,12.396986706395895,7.988651649362649,10.578081680314492,10.861443178644762
2023-08-09 18:00:00,0.754387767110873,4.739357686201915,4.176610450597663,0.1
2023-08-09 19:00:00,0.38436326817206856,4.315869246111285,3.1750449184388545,5.7393067957868436
2023-08-09 20:00:00,2.7444008762944416,4.123309128436605,2.101040487308803,5.143572730333684
2023-08-09 21:00:00,5.653543781782162,3.617281338093248,3.460632158804794,2.5679168627438376
2023-08-09 22:00:00,1.8429494957992056,2.2434733117833687,2.9279090580117284,3.535639719980625
2023-08-09 23:00:00,0.9724404352029992,4.024522917445668,1.2520741797316306,2.344162358303808
2023-08-10 00:00:00,3.2121701497807766,3.5749141499615993,1.7740085494974775,5.864773188204661
2023-08-10 01:00:00,1.8785755536071524,2.9122778636037063,4.511317366346538,1.2211158109472198
2023-08-10 02:00:00,0.1,3.372727797093746,3.3711933903914306,2.3147377571821552
2023-08-10 03:00:00,3.5648673533428363,3.973296648992823,4.351730159995812,1.6081112791825554
2023-08-10 04:00:00,2.5088627295281385,1.305560594977625,2.9437445911869697,0.8060812710923404
2023-08-10 05:00:00,4.398859895610286,3.000429034965854,2.415068994819661,6.060898748429141
2023-08-10 06:00:00,4.394692403981742,1.18300715978798,2.0038555547291135,3.448820965171508
2023-08-10 07:00:00,2.083155087253818,3.601715087915176,3.1073494619190054,4.1904135584948
2023-08-10 08:00:00,16.856349585624194,8.733954744000552,8.428395517287013,8.003434402269495
2023-08-10 09:00:00,10.983224252825059,13.977794681714723,11.426961331943678,3.661743980279878
2023-08-10 10:00:00,5.12456386677945,8.535584811318618,10.61503119299286,11.337966454915158
2023-08-10 11:00:00,11.913299470757181,14.970134759208065,7.465998735647017,10.260345726395279
2023-08-10 12:00:00,8.987785191370481,9.339177039336835,9.727079761768254,8.764747138417977
2023-08-10 13:00:00,12.36078104506755,9.003564123516771,9.626413117032003,10.988144711989005
2023-08-10 14:00:00,5.800210235642888,7.865940896661325,13.587105651859499,7.5781334550761255
2023-08-10 15:00:00,7.8213353530541365,7.329254049053149,10.35404925161179,9.507593712387484
2023-08-10 16:00:00,10.8418955511277,14.365093817712525,8.975652974387748,14.58718336363494
2023-08-10 17:00:00,11.65957187362409,12.248620685717515,11.405391618126867,8.578290497179886
2023-08-10 18:00:00,4.385386860561024,2.8880150722014175,3.211866038644477,6.396388788846868
2023-08-10 19:00:00,0.8983506568127155,1.5375076652611446,6.233076139789224,4.318592395612805
2023-08-10 20:00:00,3.21765763064437,1.6947718286242708,2.0134201991917697,5.236752201272534
2023-08-10 21:00:00,0.9375398757778539,1.4682760431283373,5.306406416018486,3.313232954781781
2023-08-10 22:00:00,3.7654512407653735,2.093833477953827,2.333793402283368,3.7457799527480873
2023-08-10 23:00:00,2.975223479510415,2.5440400836903585,2.2505225879500665,1.9015705208546438
2023-08-11 00:00:00,2.309286907512461,0.1,4.467047534718764,6.955933763981128
2023-08-11 01:00:00,1.6066522878320297,2.3322306845547778,2.5200459728131843,3.1916566633272923
2023-08-11 02:00:00,1.1158596566742887,2.352311227416853,3.785836915779595,2.451620794980509
2023-08-11 03:00:00,2.3208795600269974,2.6147170348537276,1.6209752792384526,4.116084693005089
2023-08-11 04:00:00,2.836790258417442,4.215033192014253,2.028305245731638,2.639901628943822
2023-08-11 05:00:00,1.2535491469826456,1.1301616374356855,4.318496890259724,3.340100429065183
2023-08-11 06:00:00,0.1,5.078051212215051,1.8675820199687154,3.634467945574168
2023-08-11 07:00:00,2.389557057832534,2.5117143823878805,6.920714176973581,1.4410376461742747
2023-08-11 08:00:00,11.426346319397492,5.886932831804001,7.660999809788861,7.528255130570422
2023-08-11 09:00:00,7.939730956357848,12.03922773216262,10.02997482027504,8.43715686701758
2023-08-11 10:00:00,11.688365272860484,12.89251096613803,10.872044383174721,9.221330149866047
2023-08-11 11:00:00,12.321981254764147,6.845143511101147,15.205268376376115,8.9582975919235
2023-08-11 12:00:00,7.690151968986232,4.824611002867479,12.659653454256233,11.598731705383829
2023-08-11 13:00:00,9.003546782964987,10.476495246882871,5.806675377139651,10.150644782431119
2023-08-11 14:00:00,9.682765318581957,6.725287805403463,8.761748528656591,5.700002073059737
2023-08-11 15:00:00,11.324606267177197,8.28814025773676,8.114393818349848,12.371895518696116
2023-08-11 16:00:00,12.355240356903366,9.513841432206174,6.951756460849135,6.974012883262667
2023-08-11 17:00:00,9.122342141526762,12.388748831475732,6.035871150506389,11.285859625098656
2023-08-11 18:00:00,1.2681883758009258,2.477371711008155,4.270206845987741,0.6949851282451456
2023-08-11 19:00:00,0.861580918751581,4.039429686521322,3.2724528246192146,2.490953072907434
2023-08-11 20:00:00,3.6165003657250034,2.5096226982807592,1.1879632961846172,2.428052759111313
2023-08-11 21:00:00,1.303076378385436,1.023868365874855,2.649995737964866,3.444240639275356
2023-08-11 22:00:00,3.3602194122261158,4.084064071061879,0.8799023409985991,2.1570669015870454
2023-08-11 23:00:00,0.1,5.090027061558618,4.621112733908524,2.4492805192171
2023-08-12 00:00:00,2.7468283304939884,4.678008881369989,1.9972675775506616,0.1
2023-08-12 01:00:00,2.17398480889795,1.8539501879677562,3.951182523060867,3.5382567885710943
2023-08-12 02:00:00,4.171305095464937,2.8540079548465958,1.4485881916029553,4.401689863194344
2023-08-12 03:00:00,3.6608955352019037,5.283650632285536,2.137589991576488,4.308418004575801
2023-08-12 04:00:00,3.4368166464678915,4.479587832467487,2.1055160907941284,6.480008172308825
2023-08-12 05:00:00,2.539043482616168,3.6678657452716514,3.1787478890638523,2.9295572343694474
2023-08-12 06:00:00,3.8681359728659452,1.7280712044089919,5.7407044478042915,2.387732989198912
2023-08-12 07:00:00,3.83411294505236,0.8868837666173128,0.11596412960684743,0.8824822468245253
2023-08-12 08:00:00,0.1,4.008448838906763,3.7269847749038707,3.263091599606141
2023-08-12 09:00:00,2.397791382026651,3.03828777921283,2.1999467483536654,2.047957185924807
2023-08-12 10:00:00,1.7759952765766374,2.164598119052071,2.8764834905034395,3.93098277523836
2023-08-12 11:00:00,0.567874726173923,4.87855145142492,1.7141799058375182,4.179257239081807
2023-08-12 12:00:00,2.2924076135875735,0.1,1.944631289724503,3.4906043143392127
2023-08-12 13:00:00,3.8320590134698174,0.1,0.6918350811718748,4.547662984460158
2023-08-12 14:00:00,4.249316290998947,2.4794072068254653,2.943787074415619,1.500821979487393
2023-08-12 15:00:00,1.3588740880025225,1.575248260614317,2.6603899443369166,2.396430337696808
2023-08-12 16:00:00,2.914321363964871,3.6143061413228295,2.8085331237706956,1.578174394034089
2023-08-12 17:00:00,4.360507870291299,2.325019384641672,2.940388287435158,1.4418891133850082
2023-08-12 18:00:00,2.7749635434635107,0.1,2.971041938468351,4.550358246406092
2023-08-12 19:00:00,2.144207089871691,3.099230874483104,6.975140080223053,0.7556373868732615
2023-08-12 20:00:00,3.001042490784775,3.649461217963964,1.4054894146132313,0.946100507963263
2023-08-12 21:00:00,2.404729008125816,3.697525721098044,2.8492533706622183,4.59057501529224
2023-08-12 22:00:00,2.985334632581792,0.5905974948460857,5.462478736562961,2.5950736905545937
2023-08-12 23:00:00,3.7562904798459877,1.7499020368326001,3.1471567784296344,3.1594518656248374
2023-08-13 00:00:00,3.8864156973702335,3.636353713990493,3.729436451813167,2.2210447398848143
2023-08-13 01:00:00,0.9848074332399319,6.002212089206578,0.5932632154221906,2.5920009440160525
2023-08-13 02:00:00,1.3837032334476076,2.6422040259341055,2.26053499726758,1.4935904201152121
2023-08-13 03:00:00,0.8466055603538845,0.13546654208719655,2.8958793763283146,3.0758032565060107
2023-08-13 04:00:00,2.1134771182099588,2.7045213502073273,3.4345905133854306,5.065028186851548
2023-08-13 05:00:00,3.689061207458685,2.2066947057109125,2.646547501052506,2.1276646465055427
2023-08-13 06:00:00,1.0991530755328918,1.9948445492442355,2.1731880339762557,4.70415978156468
2023-08-13 07:00:00,3.127448969676859,2.9248893321844447,3.550639824163192,1.668357627332221
2023-08-13 08:00:00,2.181630396578185,3.281900943515146,2.7209689268300252,3.521663026230423
2023-08-13 09:00:00,3.612049760710076,2.5603126957284834,2.3511444753027333,3.9807666360661953
2023-08-13 10:00:00,3.6243559159995824,1.5693213087775055,1.4698754941626024,2.063388999822549
2023-08-13 11:00:00,5.115432032166394,3.0682300684782895,2.71220543723872,2.7134029108249194
2023-08-13 12:00:00,5.661208526810871,3.8239494229039837,1.0155795560340457,2.6919681894772927
2023-08-13 13:00:00,3.0151093575727668,4.339434855519997,6.20114344657734,4.886024419232594
2023-08-13 14:00:00,3.823501875750366,2.121204457568613,0.8029547910958188,2.904026469498375
2023-08-13 15:00:00,5.990108327896796,2.619661352306895,2.961549747023608,1.9689856018502863
2023-08-13 16:00:00,4.385324780013764,4.801700449019681,4.512089198546478,7.208760476425345
2023-08-13 17:00:00,2.9041443947798093,3.866663960348303,1.4224530091683856,2.902060644019623
2023-08-13 18:00:00,1.3842115371506536,1.9387484033675266,2.1562960523253007,3.3739236776469514
2023-08-13 19:00:00,1.1184265696982014,1.3708977442400934,2.05421807917856,3.7857485047013566
2023-08-13 20:00:00,4.699974574833692,2.572887034736604,3.13337318290521,5.031898483909669
2023-08-13 21:00:00,1.1149722638620823,2.07170276477508,2.514380085020718,2.7247808131469986
2023-08-13 22:00:00,2.5043359976904083,5.695466523303056,6.227431685050275,3.878796458998187
2023-08-13 23:00:00,4.774032254982832,6.240560961835561,4.078336943290198,3.584674955817629
2023-08-14 00:00:00,1.8138301056799164,4.086591198539651,2.3710769256881274,3.126395538925932
2023-08-14 01:00:00,4.029836343602797,2.7162978161658393,0.1,2.5443519102511347
2023-08-14 02:00:00,7.768050938882396,0.9835190859564125,3.6101943390903255,1.793958458202808
2023-08-14 03:00:00,2.636330520391797,1.8251950361776264,3.360182265930708,5.2886850338583
2023-08-14 04:00:00,3.440654526750006,5.120597643582322,2.42614406511038,4.774303251960188
2023-08-14 05:00:00,3.845116133314281,2.732206662276674,2.933143839926633,3.200570448400595
2023-08-14 06:00:00,5.471894922853716,2.234580381829454,0.5477172954114318,2.8723329783919413
2023-08-14 07:00:00,0.1,3.1133928742904087,5.383565804361009,0.801663754479315
2023-08-14 08:00:00,13.651691958211382,8.469713687373929,8.056909456432221,10.622016311347096
2023-08-14 09:00:00,5.089533624527043,8.948598183316252,12.795813167642688,12.878856774231945
2023-08-14 10:00:00,9.680706745101341,9.166579062602448,10.803393928953897,17.679201358060805
2023-08-14 11:00:00,12.400524391883744,11.254005618433728,9.082370384287632,11.638988035858802
2023-08-14 12:00:00,7.83956571150139,9.734694687174962,11.488273061574919,10.384708319707219
2023-08-14 13:00:00,12.967298076205495,5.60575316587421,14.749566229182749,13.759175425466694
2023-08-14 14:00:00,8.618603615853534,7.821375003284761,7.430410467705392,16.614734924360768
2023-08-14 15:00:00,12.71477562292505,9.088264033867159,7.859576232285147,10.980110476995966
2023-08-14 16:00:00,8.274997928617944,13.676353444119872,6.66060833482139,8.17152832574301
2023-08-14 17:00:00,5.4773005862318325,5.6999738043168895,10.203066882370527,6.76707539799117
2023-08-14 18:00:00,1.096207859518164,1.108299407035996,2.6730317726492627,3.211934343021777
2023-08-14 19:00:00,2.241257620042137,2.707246647522395,1.9032613927125823,1.5692224794655671
2023-08-14 20:00:00,1.9641415029525835,3.953951680141785,4.55115306385405,2.5834888579804574
2023-08-14 21:00:00,0.41803212502091247,6.89407163521744,1.9030253879691068,3.395954631622565
2023-08-14 22:00:00,1.7305049038703009,3.6655644388662227,2.0095220537021055,1.7937977449984202
2023-08-14 23:00:00,4.301833841621024,2.467562308204866,3.8163693252295046,2.9606521914449906
2023-08-15 00:00:00,3.7990582280602943,3.209476293692744,2.0478174062229715,3.772712489789022
2023-08-15 01:00:00,3.9112110974753964,2.3910719101272235,1.2106403224093931,3.442099134460501
2023-08-15 02:00:00,1.936157720472539,3.237059105153656,1.8660789087374277,1.8601978206209437
2023-08-15 03:00:00,4.550472179667656,1.4032364548705596,2.7012312000704033,2.209630773166145
2023-08-15 04:00:00,3.490847410955951,4.568118158221068,2.5641828441586414,2.059321337660348
2023-08-15 05:00:00,4.787661972834927,4.077771817023451,5.014006913810994,3.0758847844922306
2023-08-15 06:00:00,2.7295725406910094,3.383645456658786,1.8473428776861298,3.4240558045000675
2023-08-15 07:00:00,3.0092479850383285,5.002767521543641,3.971001907758522,2.673236007093833
2023-08-15 08:00:00,2.414167782057582,12.955421341422717,14.181166244526386,12.420873660008134
2023-08-15 09:00:00,11.052447919196073,10.682695146888783,12.488669440405438,11.749757102364663
2023-08-15 10:00:00,9.19745850627183,10.007712032939729,11.868482729267292,10.842286791066373
2023-08-15 11:00:00,14.248493919084893,9.354568572437174,9.158122922115624,9.093810207849643
2023-08-15 12:00:00,10.510364425916451,3.3203335125659716,8.881275814660254,15.288747042833851
2023-08-15 13:00:00,6.098216401125267,12.031140814437803,7.996123470116485,10.656250443387094
2023-08-15 14:00:00,8.39133086796921,10.032736205287662,14.645018542357437,8.60236138198367
2023-08-15 15:00:00,12.900091729290201,13.397726219174526,15.322797173132514,15.978316164936803
2023-08-15 16:00:00,10.199258064341526,14.8027486822471,13.035215057689813,9.183431036605093
2023-08-15 17:00:00,6.4578811506841785,7.402088140750194,7.752478926876595,6.9331593778887255
2023-08-15 18:00:00,0.6790178102161675,0.1,3.070857611428348,4.683837167933353
2023-08-15 19:00:00,3.3242580015352488,3.1398485326631382,3.9030390521331713,4.617753691114637
2023-08-15 20:00:00,3.339274904651784,2.2230601826050327,1.75988460504743,3.1834500158709984
2023-08-15 21:00:00,1.3762322021335993,2.0816641593706926,1.347976601489591,1.6437835969149122
2023-08-15 22:00:00,0.1,2.600097196369825,2.836903134158985,2.4088120523163523
2023-08-15 23:00:00,3.4726175497840575,3.4779966283757155,5.725996790305592,1.5134885775831426
2023-08-16 00:00:00,3.151770849791993,4.035196542083878,3.25167097011477,2.6306432159516184
2023-08-16 01:00:00,4.201354223376699,4.105994642699702,2.4114133809335643,3.9660506810946203
2023-08-16 02:00:00,3.3096124471824675,2.591560355005306,0.5340405701131639,2.976857504521142
2023-08-16 03:00:00,3.659221496470502,3.3643918743393053,3.7884636516163512,2.610374442347376
2023-08-16 04:00:00,4.637704111324169,1.1941753931935168,2.1263325046084853,3.1196230159583447
2023-08-16 05:00:00,2.610305664033821,1.9693030444942454,1.277230114587653,1.441585985558338
2023-08-16 06:00:00,4.153470752027073,4.887605620362039,1.482496315635964,1.962991784740573
2023-08-16 07:00:00,3.8052476573067713,0.1,0.6254586615593216,5.274792066207912
2023-08-16 08:00:00,7.175433917823237,5.692633842732473,8.72206131495055,5.89443645384706
2023-08-16 09:00:00,11.398680266337983,4.007483525556466,10.757684071467324,11.859249158524392
2023-08-16 10:00:00,9.423799871066352,4.1454023178256625,6.8383828230433625,4.62843052309028
2023-08-16 11:00:00,10.534632475918922,15.32231313425628,11.547528444951391,4.378250646049025
2023-08-16 12:00:00,9.488577403207852,12.168179625643388,10.206994954121164,12.092792318485966
2023-08-16 13:00:00,8.271899261987052,9.69050405325189,7.781950810471263,11.375649193033386
2023-08-16 14:00:00,13.570093430153102,10.870319524282342,9.00858061264798,7.912056398275763
2023-08-16 15:00:00,10.703374001994034,7.000625843105454,8.88418818492528,6.611373848429404
2023-08-16 16:00:00,11.784948522510367,9.527485011085034,7.565809963374511,5.413422376242
2023-08-16 17:00:00,13.116956523372785,6.8346052729368605,8.876044202944215,14.442905641255834
2023-08-16 18:00:00,5.558734940872403,3.075799457521752,2.0452291095064874,3.2998368797211324
2023-08-16 19:00:00,3.5467002480570953,3.0186138029155405,2.973815193793521,2.7901802151144834
2023-08-16 20:00:00,4.125938288324457,4.375043828420306,3.062651746836982,4.095201717026996
2023-08-16 21:00:00,4.2076904310589,4.215742806014198,2.3224376845471486,3.0113437428058982
2023-08-16 22:00:00,2.8921882328923383,4.104479438787889,3.5383466887930544,3.336655797074459
2023-08-16 23:00:00,3.9560535126922796,3.1565183919347644,2.123537740576495,4.697898570188222
2023-08-17 00:00:00,5.666951140959988,2.8209481880524474,0.7434999983263864,3.751826586774948
2023-08-17 01:00:00,2.2636171389644058,2.803973297037026,1.679873168991415,0.2580174313357686
2023-08-17 02:00:00,0.7585783160566573,2.947223654121069,4.638651592537048,3.3844714108519924
2023-08-17 03:00:00,2.4020783533410306,1.0910388601989485,2.6632992374932707,2.883458338767384
2023-08-17 04:00:00,1.5706416926524742,2.9538151855635975,5.165327832119438,1.7766174257939928
2023-08-17 05:00:00,1.0102397724593142,2.894646760746041,2.0063915262849292,3.911717050921863
2023-08-17 06:00:00,4.136532515163263,3.081515920411257,0.4252344196516735,3.276347199995425
2023-08-17 07:00:00,3.80858718330955,4.3828396139978985,1.3992738665633593,3.8200919929130697
2023-08-17 08:00:00,7.071444598311773,7.385719389749714,8.01592461639842,9.902681769229044
2023-08-17 09:00:00,8.408056553816904,10.783495602002972,6.865757681857555,6.96299996811478
2023-08-17 10:00:00,10.106144921341984,10.265529430098143,8.79868573744792,7.832419469487279
2023-08-17 11:00:00,8.985796555044345,6.080415791578932,9.104314373936232,12.179351824818818
2023-08-17 12:00:00,9.519776060394902,12.61398420019562,10.595693645845802,7.776115228349785
2023-08-17 13:00:00,13.643464454935337,7.9128220083760805,10.120569310703779,10.698887564949805
2023-08-17 14:00:00,5.450308097421102,13.751431005942859,6.149578448021917,14.628030409485604
2023-08-17 15:00:00,16.267651489226715,5.673181363571283,11.311870848655536,8.707855060728448
2023-08-17 16:00:00,12.920854484345892,5.239990489504913,11.429979469445835,12.726503652024576
2023-08-17 17:00:00,13.569577269932287,7.975597796757857,6.38855701589427,10.05548184515162
2023-08-17 18:00:00,5.248276333374438,4.708831559476181,3.007084878188596,3.4395976724346804
2023-08-17 19:00:00,2.8390307347944237,4.955538916359206,3.6545906403184754,2.363739219513101
2023-08-17 20:00:00,2.367934830399495,0.35788112012551965,3.103100554532287,4.299463153661765
2023-08-17 21:00:00,3.334037124095833,2.834810997279074,6.132188507913124,0.1
2023-08-17 22:00:00,1.608921861365746,4.729755988136898,3.2993472971073876,3.9021631897391886
2023-08-17 23:00:00,3.96744501972359,3.5944104875216194,1.9129924827788158,6.341823620469882
2023-08-18 00:00:00,3.9580780163449294,3.936386227907694,4.601123818035293,1.964692361449249
2023-08-18 01:00:00,4.934051955313716,6.296936978124451,3.3394767500616007,3.680215304896229
2023-08-18 02:00:00,2.3334503495945857,0.5353412390126255,6.616259440177909,3.5790345700530035
2023-08-18 03:00:00,2.3781610337823706,4.020385374057787,3.5573339582224826,2.6594109655060008
2023-08-18 04:00:00,3.76558914108284,2.966330843398107,4.1224320511400245,3.322948240214767
2023-08-18 05:00:00,3.014571307705323,1.6998902537826819,3.895961477048669,1.1032380808926185
2023-08-18 06:00:00,1.4122609107731252,0.7239842077328302,4.618124693479871,1.2575870961462265
2023-08-18 07:00:00,3.315922838346791,3.7587789226702872,0.1,5.329113247338551
2023-08-18 08:00:00,8.450640475681789,11.803751740111595,8.975376780789501,7.019774820593279
2023-08-18 09:00:00,8.156666688818834,11.66539513025165,14.149628100930165,15.4961482710324
2023-08-18 10:00:00,6.997865947674918,5.855806534284575,10.1800653173898,13.487402640056581
2023-08-18 11:00:00,10.040165818134481,10.889805203983805,10.592925905372725,9.819666639181966
2023-08-18 12:00:00,13.117529221300655,12.70925981024892,10.703479971157591,9.76474681227565
2023-08-18 13:00:00,9.181747852156652,4.676267752834998,12.040559006011812,9.428113190175974
2023-08-18 14:00:00,13.169165789528321,8.960758379859474,10.37756639962064,9.922063372972602
2023-08-18 15:00:00,0.1,15.529516425988525,10.652158764717456,9.479879324129957
2023-08-18 16:00:00,8.811016519671112,7.922265460712611,9.619826112003542,7.714446938719773
2023-08-18 17:00:00,14.46471402482638,4.987315553471682,5.412247815129822,14.297482975375967
2023-08-18 18:00:00,4.434446446609654,3.524854863503287,4.490263764066606,3.2943082762531835
2023-08-18 19:00:00,3.3069282829035487,4.178263632615052,5.0436864835570585,0.1
2023-08-18 20:00:00,3.4663495899277694,5.055388401900675,3.75475455299585,1.6699649279985345
2023-08-18 21:00:00,0.1,2.0082924442071874,0.1,2.134814115345902
2023-08-18 22:00:00,3.9059872425904745,1.1579373907169792,2.1837644299579995,4.2139976691772585
2023-08-18 23:00:00,3.9578437492882728,0.6872568765363138,1.270180221974301,0.1
2023-08-19 00:00:00,1.973543449244099,2.5074177195404745,5.26413493626454,0.8478788373064479
2023-08-19 01:00:00,2.091065077152648,1.5311877119823898,5.5917414251241615,3.7988988883546653
2023-08-19 02:00:00,4.723007960265454,4.845372639890958,4.874731612651201,1.29170805666918
2023-08-19 03:00:00,2.8876087231909144,5.218049729656462,2.6044132782023914,1.161646582178578
2023-08-19 04:00:00,4.28175277398799,4.644423954809097,1.5366749110642774,3.636564404603223
2023-08-19 05:00:00,2.150238422568313,2.745207865284525,3.764350843571421,5.770599596298833
2023-08-19 06:00:00,0.6024611864866878,3.8764053480994822,3.7108694707316947,3.425873461115887
2023-08-19 07:00:00,5.247952667329781,2.020379925538163,2.8299553057594933,3.3684373141541566
2023-08-19 08:00:00,1.557566267981728,4.2947498364617145,3.0004291910628695,3.228007253147615
2023-08-19 09:00:00,1.743214011158762,2.186276436901471,4.3918534750200084,3.5905916697242306
2023-08-19 10:00:00,5.824225011955118,5.255123017028192,0.1,3.2188766595993985
2023-08-19 11:00:00,2.096908076768835,1.5933608319073174,0.9988244024263322,2.72077093468142
2023-08-19 12:00:00,0.39488517370680754,2.02562976906768,5.867285769271177,4.145713405332078
2023-08-19 13:00:00,2.3081339188916554,0.6769185832089986,2.351058163297173,3.9549849085291404
2023-08-19 14:00:00,2.7322286574281165,4.190127535550418,5.272344452071259,4.204350963891725
2023-08-19 15:00:00,1.0016993296689922,2.1404638449440165,4.4546771805600605,1.8029396312150474
2023-08-19 16:00:00,2.0975323498090113,4.0183920146903045,3.666592826699275,2.445593000066687
2023-08-19 17:00:00,4.660878052482199,0.3616547848154035,1.9921720738780937,3.1001320268963846
2023-08-19 18:00:00,3.994128544605812,1.671386339995519,3.9487343419209733,4.863019247724836
2023-08-19 19:00:00,3.883175993824111,3.5490916864205166,5.02827562149789,3.087698731861985
2023-08-19 20:00:00,3.4606928536112247,2.708870268025272,5.066446190997166,3.091880590772183
2023-08-19 21:00:00,0.9788926040926511,1.6688835344258655,3.3422160150721414,0.5789357399727555
2023-08-19 22:00:00,2.687134391097317,2.3881008373505344,0.5010529830022703,3.3245819634469633
2023-08-19 23:00:00,2.9141482935643586,1.9505292441365039,3.8818413982411104,4.052621635400341
2023-08-20 00:00:00,3.233941248311874,1.473856896855007,4.098777180355017,2.8844321415425194
2023-08-20 01:00:00,2.3144308680434573,1.5863672947756906,2.4192386161350954,2.7915598970359223
2023-08-20 02:00:00,2.2868031514166676,4.504856417639883,0.1,2.1951186061573447
2023-08-20 03:00:00,2.049003195133082,4.223117215570379,4.1274192427048995,3.004621755151869
2023-08-20 04:00:00,5.813220907477614,3.1417578656289,2.41015803213881,2.410547424826582
2023-08-20 05:00:00,1.698008555036903,4.302018001519826,3.785548639253168,1.2883492909479692
2023-08-20 06:00:00,3.3940936230230534,6.369025354542733,5.42664460494775,3.366528511427359
2023-08-20 07:00:00,5.805317787824864,2.9381502346981327,1.5998667029317326,1.3291229358564287
2023-08-20 08:00:00,6.443840905070273,2.1773149783922774,2.8322728740315277,2.115779518088297
2023-08-20 09:00:00,0.1,2.636145477798485,3.918610469867718,3.471569948825031
2023-08-20 10:00:00,1.8206175877368898,5.806215825297641,1.0861194169121196,2.6998150228428917
2023-08-20 11:00:00,1.126902564410663,3.231406645184826,3.363330935613894,1.9187251597451658
2023-08-20 12:00:00,2.8981526403236715,0.3086001133172118,2.5640154234754955,4.378924364658668
2023-08-20 13:00:00,4.208492772124091,5.139152765671672,4.741949238880249,3.022296916678632
2023-08-20 14:00:00,4.877912011296615,0.1,5.599243723973044,3.099037518231913
2023-08-20 15:00:00,3.1970671313662056,5.702932990124328,0.6052001708438519,1.2374393789256026
2023-08-20 16:00:00,1.917804966321608,5.338712736664744,1.3402268989237773,4.329055916639432
2023-08-20 17:00:00,6.567766898712612,5.287181707964323,3.0698660232926547,3.637522185714812
2023-08-20 18:00:00,4.031067322086546,0.6804136155923342,0.1,3.299725450949544
2023-08-20 19:00:00,1.6294230306268624,1.5791723109504932,3.198236774829976,3.6984740104636558
2023-08-20 20:00:00,1.156168251903768,0.2859580549379426,3.549251617746017,4.474091324861984
2023-08-20 21:00:00,1.6561061792600942,2.248641717890354,5.084561032873187,0.1
2023-08-20 22:00:00,5.496511818381125,4.111231634423203,1.378402389704624,0.6250941687612235
2023-08-20 23:00:00,3.3171083111537634,2.5337607958626576,5.685462813883002,2.8822997380403588
2023-08-21 00:00:00,5.154186924618809,1.6943213017987677,0.1,1.179216987511183
2023-08-21 01:00:00,0.1,4.530845451692597,3.080210625668644,4.3270559488397105
2023-08-21 02:00:00,4.848994631830548,1.5807680600276883,2.5730401765116344,3.649387350295266
2023-08-21 03:00:00,3.2563162247104604,1.7912041813619313,1.7184456026216628,4.435444833794743
2023-08-21 04:00:00,1.3749500799432528,2.9783772548602316,2.3049409204872964,3.420638202636094
2023-08-21 05:00:00,1.6833112818757296,1.9161105628834005,4.4077723830699735,0.1
2023-08-21 06:00:00,5.234096627667226,5.722106598074941,1.6848994730434301,3.736563305020426
2023-08-21 07:00:00,4.921038179187712,2.2718793169565688,4.728806679119531,1.8569491924217925
2023-08-21 08:00:00,8.606069556435077,8.589329441952465,14.42796724753637,5.645958501598836
2023-08-21 09:00:00,12.291171660054335,10.66804495886424,16.693658940388126,8.453363472682355
2023-08-21 10:00:00,7.7524038820691885,7.582750157427743,9.954190401655126,11.411973997897638
2023-08-21 11:00:00,7.834299600443944,14.028121144760277,3.26812725833439,10.338582044712368
2023-08-21 12:00:00,6.997787136113413,11.76203475481815,10.273878218765223,10.971903725279937
2023-08-21 13:00:00,9.268028404727415,8.338484280276456,12.524519214283607,10.024882622338856
2023-08-21 14:00:00,12.99235280180066,11.611826375275609,8.42880682408403,10.42300344994359
2023-08-21 15:00:00,7.8842739511541104,9.818554931645224,8.970917854752948,7.587481375877233
2023-08-21 16:00:00,10.591897428646513,6.4126598276108915,12.31236243267982,11.963165994275858
2023-08-21 17:00:00,8.400878919338489,10.001656569865897,9.968039167199246,14.238003552416234
2023-08-21 18:00:00,2.7511181029246115,1.8955243613198443,3.060207661641021,2.0703859447473394
2023-08-21 19:00:00,3.3905523221745506,0.1,1.779722797458079,1.4786274065205953
2023-08-21 20:00:00,3.1170374638224922,5.336553302206945,2.94375349609285,5.7738098891919005
2023-08-21 21:00:00,3.9819021975506868,3.5723095718574447,5.208546469008626,2.4301885574823636
2023-08-21 22:00:00,3.247466877780181,0.6416236260767518,4.494739812096757,1.3162430919483823
2023-08-21 23:00:00,2.1046235149337345,4.691093943536519,1.445865970736698,3.2388042457815023
2023-08-22 00:00:00,4.005775472247228,1.9516330206428685,2.3138705318066117,3.286415815668074
2023-08-22 01:00:00,2.709610780526907,6.6937706698750885,4.045553232998062,1.2266131919191117
2023-08-22 02:00:00,1.0935679258991753,4.498079657134805,1.9883968960326768,2.8065042815752306
2023-08-22 03:00:00,3.5175071948432652,4.297084977424634,6.650402687035063,0.1
2023-08-22 04:00:00,1.0670448275600783,6.038582735139924,0.9804660863573416,2.4593792566790365
2023-08-22 05:00:00,1.944091344367136,0.1,1.6465641134143878,3.585597396674517
2023-08-22 06:00:00,4.329279939219077,4.878520744262279,4.4033846092417885,2.2864886936367443
2023-08-22 07:00:00,4.426609687393547,2.5680598152437746,4.479390730410904,1.4722361778368662
2023-08-22 08:00:00,9.037551710716446,7.72302716901505,10.026415939342497,7.186239978033256
2023-08-22 09:00:00,7.408252753767612,7.524548933942427,7.978346708633139,10.874630649909905
2023-08-22 10:00:00,8.408644695763153,6.420338592457257,7.6443435062948515,10.844810569119106
2023-08-22 11:00:00,9.177390584108737,11.606576095586673,9.768758177943361,11.536591483536407
2023-08-22 12:00:00,9.71186784561063,11.379844386932355,9.98966292522481,13.734250256407787
2023-08-22 13:00:00,6.941976395134291,12.032488378750477,8.239701259342997,11.503125413089347
2023-08-22 14:00:00,11.781295751637563,15.74972240480756,7.9751825688457005,7.30924189259727
2023-08-22 15:00:00,6.288860429159131,14.944008351020376,9.45913346005877,10.647486350830574
2023-08-22 16:00:00,9.863519352064152,9.431423849864386,12.612609183677447,9.531197034221542
2023-08-22 17:00:00,9.889805993774148,13.40158026996679,10.207173940745285,8.967682919971496
2023-08-22 18:00:00,2.0131382049551942,1.0812601937169943,2.433563380968791,4.519812425428682
2023-08-22 19:00:00,2.86117950198271,0.8702523443246832,2.8152751783848924,3.9570901229082427
2023-08-22 20:00:00,1.973681959326226,2.7265703581127325,2.542502231683553,3.8614913675750118
2023-08-22 21:00:00,4.825269373690862,2.1256801610754867,2.6527044925104657,2.9097411477941986
2023-08-22 22:00:00,3.042384898257939,7.174413405371471,2.1413442830167044,2.6863186850474117
2023-08-22 23:00:00,3.971100434248892,2.294520013347582,1.614767369651127,3.5266075307398372
2023-08-23 00:00:00,4.195365505637659,3.8682460828041125,1.3982109748291813,2.6701548317532744
2023-08-23 01:00:00,0.6304246371044906,3.704084310803016,3.2286437474447833,3.7308174314868383
2023-08-23 02:00:00,2.8238964113498217,3.5112132820783937,2.0438294138642226,1.9522656957528888
2023-08-23 03:00:00,4.6462406446845135,1.4801493916735113,2.2786497281029856,6.246433383395944
2023-08-23 04:00:00,2.968084650611221,1.3769126962479352,3.4894150983427314,4.159226174002489
2023-08-23 05:00:00,4.2501304533466175,3.6994342843570425,1.9529632997717223,0.1
2023-08-23 06:00:00,4.397547946642451,0.5835437544827942,0.7425900669285244,0.770532228362983
2023-08-23 07:00:00,5.575933035544197,3.4051435266813614,2.2446738279790113,0.1
2023-08-23 08:00:00,12.690114232168188,13.921662760348724,5.812535137931528,11.826658386946741
2023-08-23 09:00:00,8.727513336499328,15.750620068201142,10.034631729526572,10.383294302828471
2023-08-23 10:00:00,10.224515794423144,6.077960528698324,10.40183028531201,8.307531809041608
2023-08-23 11:00:00,15.774129470546942,10.774599043516925,5.155472977301317,7.759817216541839
2023-08-23 12:00:00,12.116982727683471,6.0902047675015725,8.350076035647671,11.231048872977102
2023-08-23 13:00:00,10.697837605494835,8.49735565611682,5.14617822843518,7.476047283966894
2023-08-23 14:00:00,5.932469077608056,12.03201552538357,10.113230351831398,11.294917178146836
2023-08-23 15:00:00,11.942740236210808,9.094313018341303,7.358106039626982,10.89172784102314
2023-08-23 16:00:00,5.494081988648942,10.782026592679069,9.541289907657585,12.3213127987275
2023-08-23 17:00:00,16.40558797974615,8.686573363229053,12.811267813500871,10.669578674726946
2023-08-23 18:00:00,2.599669663706799,3.3513904640977326,2.168890373257656,3.5598822093707843
2023-08-23 19:00:00,6.403822963822715,1.8036209455567593,3.6034438459324845,5.9832119356283044
2023-08-23 20:00:00,3.2691397125234536,2.992213080791591,1.8050221650869287,4.357012259699431
2023-08-23 21:00:00,5.503151321270153,1.5728122672700693,6.394290415768917,2.6010379076615764
2023-08-23 22:00:00,4.027513972338632,5.317592638098936,3.72479031034785,1.9107297163192745
2023-08-23 23:00:00,3.1579464674169406,1.693466468720197,1.012612182156735,4.080822946165465
2023-08-24 00:00:00,2.004840452174374,4.4533593581213475,1.383986363268619,0.5758725088635148
2023-08-24 01:00:00,4.720769827593678,1.541654296339529,2.69220486266392,3.175739085309572
2023-08-24 02:00:00,4.119667763231918,2.832541723702114,1.6787160265617533,0.568946405816992
2023-08-24 03:00:00,3.801312819291394,4.026464030564327,2.9702134059061405,4.42650420242848
2023-08-24 04:00:00,3.340962723482773,4.558021750872426,3.0790551981430223,4.177647128483783
2023-08-24 05:00:00,2.3806552978977753,3.306018513862597,2.9879459911158603,3.234775152467075
2023-08-24 06:00:00,6.7147370724992586,2.0372775145453907,3.635702439228842,3.08890035690189
2023-08-24 07:00:00,2.16796494040001,2.302953635250031,3.976111767173199,2.0056268343392007
2023-08-24 08:00:00,11.733434149812089,7.686053633803267,4.915606427236121,7.1521209730154
2023-08-24 09:00:00,5.918937552838976,7.557927567310712,8.45524716281313,10.246610224528025
2023-08-24 10:00:00,9.084578558079423,10.02811251532612,7.6989413843952885,0.6071866393316867
2023-08-24 11:00:00,10.034193006912178,12.474591918031233,12.230142643056492,9.315367044310495
2023-08-24 12:00:00,9.030593282435674,10.94670972422078,14.997132771444155,11.398975181002427
2023-08-24 13:00:00,6.325923067182788,7.787516743446474,10.761603647647295,13.429251847804341
2023-08-24 14:00:00,6.519135134730461,13.48787979220484,11.147332609947272,7.8747572219304445
2023-08-24 15:00:00,7.164103959104114,9.878433776036271,8.405893145894034,13.875423830320628
2023-08-24 16:00:00,9.56360200082927,8.579641132620434,12.406108769424844,9.566611535320307
2023-08-24 17:00:00,12.79705796667877,10.99444682848183,5.946156327156457,10.078621494151081
2023-08-24 18:00:00,4.660839433524776,3.462715560541146,0.5839979709019385,1.852428494169537
2023-08-24 19:00:00,2.571630883300588,5.7688904897563535,3.6371485485200736,2.2110261611171707
2023-08-24 20:00:00,3.5382341690746872,3.355397315048103,2.5829983742004172,2.376951041793055
2023-08-24 21:00:00,4.959581341590485,2.0651213314966586,2.558384556164805,0.5376055572938645
2023-08-24 22:00:00,3.556447114832815,1.008905271492785,2.8370343748907567,5.332730095151311
2023-08-24 23:00:00,5.752566971284844,0.1,3.028088960161835,2.569081802552802
2023-08-25 00:00:00,1.9008381608018758,4.508425343239855,3.348294709540654,2.712780906557559
2023-08-25 01:00:00,5.7023849324902995,3.6832209768974287,1.820280632180933,2.21443370654526
2023-08-25 02:00:00,3.5853009305458934,1.5751282934056026,1.392903666078332,3.711503248545653
2023-08-25 03:00:00,2.04605183378989,2.376178094638315,3.980481253212424,2.4823039182399516
2023-08-25 04:00:00,1.5395545950522158,1.8425038173605022,3.427464254849111,3.672326402425865
2023-08-25 05:00:00,3.735776437022724,0.1,2.8763876862726505,2.4284271675458844
2023-08-25 06:00:00,5.093527038222945,0.8575405933283746,3.988099325143665,1.0163216231710996
2023-08-25 07:00:00,5.101151462410299,5.062426110975473,0.2840768034534298,1.5770274864627856
2023-08-25 08:00:00,11.815779698960524,7.085344238233102,12.758118774798731,10.0845264572339
2023-08-25 09:00:00,14.751672391606839,12.622037928908622,8.858054207088651,10.917155338547632
2023-08-25 10:00:00,9.721427167451887,6.485038796047886,10.7100494514147,6.299982361652002
2023-08-25 11:00:00,11.88128093679261,10.761519169060938,11.331910948923403,8.295856849786556
2023-08-25 12:00:00,7.720548434815223,3.4995113257739767,7.162719004771281,5.613647097431636
2023-08-25 13:00:00,9.257010907373099,8.796164606411963,13.658041670987508,8.796919814333636
2023-08-25 14:00:00,10.892571687241432,9.49949060009522,9.83299092638144,9.994499655752445
2023-08-25 15:00:00,6.647227171216015,9.237217059605088,9.8536854137614,10.53283042524475
2023-08-25 16:00:00,12.696051010024417,7.534525700903192,3.8082126680613833,7.560679478810532
2023-08-25 17:00:00,9.107563959449458,7.077254825658812,9.132620549308841,7.046993280930101
2023-08-25 18:00:00,2.4842404472480712,4.604385958058799,1.8736500797833182,3.1880856021683748
2023-08-25 19:00:00,4.635437351196468,1.9724999776215397,3.2516866826909814,1.6323842868347316
2023-08-25 20:00:00,2.738743833977267,3.472185009170804,1.895675087670323,0.1
2023-08-25 21:00:00,3.589490908561974,2.0856121599992763,3.8636879918079643,2.0648316437478016
2023-08-25 22:00:00,3.5888493741016934,2.6222836364875657,3.059416518263035,1.1460131151416486
2023-08-25 23:00:00,4.704815849199264,2.982522030979204,1.8797597524705518,3.3115074510234477
2023-08-26 00:00:00,2.4610635044554146,3.393003854013144,3.0954961087819117,2.2555533986667866
2023-08-26 01:00:00,2.6700793098023805,2.6053650782188575,2.2013646319280467,4.114062556435352
2023-08-26 02:00:00,2.974215734594595,3.61683058074558,3.8162020111797683,2.4277759371735277
2023-08-26 03:00:00,2.0970848809251144,0.1,4.267602749012475,3.0163685191465217
2023-08-26 04:00:00,3.9023753813319884,3.786151767750108,3.3212279802330205,3.5854293048691037
2023-08-26 05:00:00,5.005677771516462,2.441842085520722,3.2477744726638753,3.748733279319058
2023-08-26 06:00:00,2.035721359491284,2.1708290251687448,3.2435094950808785,0.5014010854144741
2023-08-26 07:00:00,6.709418725679022,3.8492819845601822,3.781755835410068,1.9382578359027216
2023-08-26 08:00:00,3.737630290612131,2.3278440377859626,0.9114359821236642,1.715016740845031
2023-08-26 09:00:00,4.333392162925068,2.8739983718891633,6.288902002117321,3.6206666499846873
2023-08-26 10:00:00,3.3033676790961737,2.7066023801401675,2.994464286551678,0.1507554865817058
2023-08-26 11:00:00,1.0687251717699398,1.983728083697863,1.890012916419773,3.342074091351049
2023-08-26 12:00:00,4.201676549657485,4.680321001043309,3.872639022485775,3.362087049403053
2023-08-26 13:00:00,2.7401627843917162,3.1870974313356077,0.8622438706796918,0.8346358052314375
2023-08-26 14:00:00,2.2017375911302675,3.19431092206041,3.5810024021228957,0.1
2023-08-26 15:00:00,3.2326945863343415,3.222235585251403,1.3907983963360007,3.1191008760132473
2023-08-26 16:00:00,1.042498847912983,4.891091586826857,1.3031449632940872,1.1740825761616756
2023-08-26 17:00:00,0.1,5.088468911818311,2.4823864960462623,2.410722384739003
2023-08-26 18:00:00,4.446391627419779,3.261605220510428,2.4644501674901043,3.73188096048675
2023-08-26 19:00:00,4.894396140078338,0.79314536919594,1.3012747510471574,0.30621578684377226
2023-08-26 20:00:00,4.025335460088492,0.6536338621275268,4.574118835875609,2.903181319878175
2023-08-26 21:00:00,2.28747970263189,3.067906395164111,3.1163947802634797,2.257961990138557
2023-08-26 22:00:00,2.5830454710193176,0.1,1.349165649284132,3.581348060435813
2023-08-26 23:00:00,2.8545362179670044,3.1770262504107882,2.7257313483082855,2.0992760552053777
2023-08-27 00:00:00,2.478410438512888,3.6322183499170944,5.001599428342516,2.4918994992339103
2023-08-27 01:00:00,5.394145462126471,2.76000612467912,2.405335167627718,3.7628797109438787
2023-08-27 02:00:00,3.8858550554370535,5.8123175181850755,0.3131029513696135,2.417302055042751
2023-08-27 03:00:00,4.303687112568317,3.6778959908876385,4.441402769707105,2.2319494236671926
2023-08-27 04:00:00,3.3202924533860503,3.106788456558678,0.776578019245953,4.617669227852758
2023-08-27 05:00:00,1.9455393079444983,3.0300274881466747,0.5887518896226052,0.1
2023-08-27 06:00:00,3.8179699441906783,2.5291373868374767,1.5226334394668977,4.95351910771943
2023-08-27 07:00:00,1.680621643963594,3.7199319270992945,0.624769947311814,0.3332725271257999
2023-08-27 08:00:00,2.7335561512373934,2.0213604498266005,1.5652112298824923,2.4832955730073314
2023-08-27 09:00:00,1.0242256141833357,0.6232198628117631,0.1,3.5158168313792353
2023-08-27 10:00:00,4.720353267483736,5.3587476353855195,6.1767689959787475,4.655972143496465
2023-08-27 11:00:00,5.613952917750451,3.9265166735868915,2.855298161449585,2.589632610282382
2023-08-27 12:00:00,2.5099408068789035,4.1216207656982276,1.3486952088488984,3.31361238447733
2023-08-27 13:00:00,2.264704622968843,0.1,1.5572933559924913,5.227088030924799
2023-08-27 14:00:00,5.119391107030232,5.368141855486054,1.3382812833104394,3.4591703795303337
2023-08-27 15:00:00,0.3803799605171294,0.3287662567019298,2.3306345208959782,2.334697809546206
2023-08-27 16:00:00,4.9133468290829665,2.3549673919360448,5.216886352640297,0.5011583784378266
2023-08-27 17:00:00,1.5283708692136708,5.8833763062497,1.8575260658041957,2.0761499042741507
2023-08-27 18:00:00,1.6165790204099335,0.666098260186649,0.28289675865478436,3.6049965324852797
2023-08-27 19:00:00,4.292346142632017,0.7629363220166185,5.2786239238346955,4.967406974722757
2023-08-27 20:00:00,3.595086542456212,1.9474457345098075,4.860606539244972,1.3263125302845076
2023-08-27 21:00:00,3.3169428300312194,4.956537813463471,0.5208407780959114,4.102542818883578
2023-08-27 22:00:00,2.121683843395278,3.101796679071696,5.84395824758078,4.2675169686039975
2023-08-27 23:00:00,7.081284320817247,4.138138774282958,0.8670622662738015,4.160585407526697
2023-08-28 00:00:00,1.8131823493474144,3.1191820005801283,0.1,4.815905319909007
2023-08-28 01:00:00,3.1480003498452773,3.6762877545003216,1.0414760263280547,1.2182832886139776
2023-08-28 02:00:00,1.7113643431114305,5.01213725041839,4.33509709980035,1.035286432252054
2023-08-28 03:00:00,5.321080918218324,0.9267559630562219,0.1,2.0564184705663955
2023-08-28 04:00:00,2.5744867987886297,5.365885056737482,2.442155451297918,5.481653912707493
2023-08-28 05:00:00,1.3103502006837906,3.3589605462048766,0.9997017911034818,1.9123165553118309
2023-08-28 06:00:00,3.6316200155201646,3.7527998487491314,3.742899433693726,2.1807293862153285
2023-08-28 07:00:00,2.915874874548999,1.0124786986406296,3.710356167269677,1.1864201938108825
2023-08-28 08:00:00,12.35881689557908,9.796464318618796,10.733278114979068,9.898894482285787
2023-08-28 09:00:00,16.01677038634195,5.903276305141226,9.322339908765137,7.448989529670415
2023-08-28 10:00:00,7.681765558610907,12.14926750161952,6.88337776271675,11.182742715913
2023-08-28 11:00:00,7.570440064368947,11.295713208834574,12.85431185865163,9.785858544092969
2023-08-28 12:00:00,8.114864935389736,7.079003147833971,10.981511729155315,10.626248101852001
2023-08-28 13:00:00,10.957537481641134,13.523307226291584,6.580944407809246,6.601231088084806
2023-08-28 14:00:00,11.575222262267248,7.993967321187568,9.549513988765437,13.401584912481269
2023-08-28 15:00:00,7.019327091923571,9.717861050326468,10.064799207357659,5.817998601253628
2023-08-28 16:00:00,7.671810037309862,14.380645321775024,13.671868780252712,10.93983689274486
2023-08-28 17:00:00,9.070960318067941,9.29951557212733,10.2834343616617,11.43162948105859
2023-08-28 18:00:00,2.3176583606787706,3.7122021404999823,3.8660702749915847,2.5845115704993633
2023-08-28 19:00:00,2.2609183756818183,0.8020670395833767,3.4042492176226933,2.6636565255788462
2023-08-28 20:00:00,4.092109853980741,4.346307974896868,5.731054354912185,2.652242668682725
2023-08-28 21:00:00,0.3472340850283051,2.91835478540567,3.4986214963902653,4.175038882354254
2023-08-28 22:00:00,4.532011310318922,2.1835046508993052,2.4680878604557144,2.221413915890108
2023-08-28 23:00:00,1.2538477658392717,1.2514492143711824,2.4258478833059978,2.5599817233859525
2023-08-29 00:00:00,3.265227854220385,1.236400355624947,4.263563261289691,2.9514578577651767
2023-08-29 01:00:00,3.125359978239999,1.5952383771180707,0.1,2.847644673053682
2023-08-29 02:00:00,1.489374689034551,1.0212801381999612,3.5475553952975907,2.3748875970471737
2023-08-29 03:00:00,3.1229271322994476,3.995849335994877,0.6004222406072635,4.410440861317131
2023-08-29 04:00:00,2.678092482869042,3.2708379293318615,3.380767662514395,3.873678072043464
2023-08-29 05:00:00,2.2793998415676704,3.0966930371627575,5.985641269600894,2.8670121922651837
2023-08-29 06:00:00,3.426719014227638,3.6677633601276773,4.194619625476424,3.701414901249137
2023-08-29 07:00:00,1.431510227607958,3.1073948173682524,2.3449256513663923,2.797844613074425
2023-08-29 08:00:00,9.490942160633788,7.032692989281847,7.725689366650574,5.905455373514712
2023-08-29 09:00:00,8.883186466714733,10.698324228592254,13.41513739565216,12.70113269440135
2023-08-29 10:00:00,15.243249476899091,7.506066702785656,12.85061466287282,9.478446368493753
2023-08-29 11:00:00,13.00979116132452,7.895222742815056,8.63258616059262,13.777384967039673
2023-08-29 12:00:00,7.671964982696014,12.267299665442431,8.901608355526553,13.3699682725427
2023-08-29 13:00:00,6.939045532851732,12.415924912056386,10.166061813158798,7.106389030582545
2023-08-29 14:00:00,9.628665928780727,12.736195310156582,16.386241036399767,4.232065261449146
2023-08-29 15:00:00,11.191616751589624,8.81948664476898,12.787958132729443,5.940024288297062
2023-08-29 16:00:00,3.1425793048523643,9.856613603064089,9.750366627966816,9.626265111513842
2023-08-29 17:00:00,11.706989201081862,11.085834169440654,3.2001459718374807,6.740838578774083
2023-08-29 18:00:00,2.7060026018338057,3.694435623906538,1.3662993508723589,0.9523418954895502
2023-08-29 19:00:00,3.3927688016968807,3.3962554389353476,3.2800248280125537,5.734051395149084
2023-08-29 20:00:00,4.1222649522147705,3.6874861036177533,5.928863995849317,2.6920884316776097
2023-08-29 21:00:00,2.468165185192219,2.757380796451016,3.8896613312323436,1.636543773310812
2023-08-29 22:00:00,3.4726282808087725,7.354503180289168,3.017186697284761,6.285605769384194
2023-08-29 23:00:00,0.8011969637073095,0.7611045896778323,4.8824133164712356,6.206837403939782
2023-08-30 00:00:00,5.379877625460331,3.496461889844039,3.1326639536664738,5.257981227957706
2023-08-30 01:00:00,4.744453381554962,3.7862746787889234,1.497967354604902,3.4773954448850026
2023-08-30 02:00:00,2.427720434959099,0.1,1.873912074433034,3.6699105655615987
2023-08-30 03:00:00,1.4052644086824864,2.936196067696948,5.325756406477714,1.9989596533949567
2023-08-30 04:00:00,2.842780816308713,3.3477382893212653,2.8770398574570364,4.505789920474816
2023-08-30 05:00:00,2.460101845831306,2.856524972067065,4.499159245291947,1.9726474193282566
2023-08-30 06:00:00,1.240135621444352,1.498532591763368,1.3850726584382835,1.0554215447186914
2023-08-30 07:00:00,2.3966465435436017,4.079823226138899,4.562389346672116,2.8588491268119176
2023-08-30 08:00:00,10.028712710532101,14.667013703008859,16.59002895494918,10.428914424994431
2023-08-30 09:00:00,12.210037469297074,10.708119672257135,7.756730899071357,7.01342128091594
2023-08-30 10:00:00,9.670158585389595,7.402657629900073,17.19236394926065,8.315949585298128
2023-08-30 11:00:00,11.23622352784528,15.179600890052859,6.3515336976235695,11.124176338070933
2023-08-30 12:00:00,1.5150506010517528,7.658783065219506,7.074710744957906,3.8391674688385145
2023-08-30 13:00:00,10.40347491759911,11.352289479289874,5.127333602862352,2.453295115302849
2023-08-30 14:00:00,14.028205654567234,5.108072360617643,11.834441204147875,9.109986062901227
2023-08-30 15:00:00,12.78701471103836,13.145736123791126,10.834775616303132,12.106336877122338
2023-08-30 16:00:00,15.09265214207701,8.991860507657037,10.758134441038917,10.99895469551441
2023-08-30 17:00:00,15.873722017211232,3.607353240888047,9.677605012354833,10.58243603366084
2023-08-30 18:00:00,3.6008900463831814,3.391316995562964,3.378939327556762,2.812569335708507
2023-08-30 19:00:00,2.215201940735327,2.268107044203945,3.6336998476289724,2.551393404890896
2023-08-30 20:00:00,2.5427749097286467,1.926071927496463,2.0284468467148864,2.517637460964902
2023-08-30 21:00:00,2.1173063782700603,2.927700814692317,1.6184471098376285,3.217390059317931
2023-08-30 22:00:00,2.8208397052864154,2.461422540635734,3.8608980964684303,1.8428866819523804
2023-08-30 23:00:00,0.4853234164760343,3.65391152993168,0.7556464946478685,1.2954809122687097
2023-08-31 00:00:00,2.9814211844936676,4.400079601559739,4.844614877398477,0.8212550150749469
2023-08-31 01:00:00,3.1003848461155243,3.887182769237763,2.6658437258847174,0.13699892539019753
2023-08-31 02:00:00,2.742715019185303,3.101520936434527,4.111916655442402,2.7287381978436525
2023-08-31 03:00:00,0.5126013638976801,3.9019260532479882,1.2528528890009651,4.211503864708229
2023-08-31 04:00:00,3.6278441432803246,3.4764561027051277,3.13511095183582,1.0727585751296593
2023-08-31 05:00:00,3.6400592671645295,3.176914437158423,4.268075832243465,3.314204053707602
2023-08-31 06:00:00,3.3935881503142458,1.0200944007012882,4.386455242445011,3.680881429090829
2023-08-31 07:00:00,3.528028395833925,3.9757134099751026,3.280935386479136,0.1
2023-08-31 08:00:00,10.378394133536524,12.347114863559872,10.186871275988958,7.270302262393804
2023-08-31 09:00:00,13.888784918123378,6.200278794575878,8.57849886061589,10.716943042177093
2023-08-31 10:00:00,16.0432188713183,12.986878429482779,7.185070198020137,8.665250966799787
2023-08-31 11:00:00,5.567144931733194,13.621242594104547,8.55923561253914,9.357783065742257
2023-08-31 12:00:00,9.246154499821753,1.9807850517710008,13.04754962114493,5.37247875630898
2023-08-31 13:00:00,9.379593349631199,7.461540195324482,10.050731923793531,14.0803255062965
2023-08-31 14:00:00,16.94236976143221,3.58222929888965,10.04653452876856,17.739960425468517
2023-08-31 15:00:00,4.205164732302235,13.44117858732033,9.260455383666779,7.531544672473456
2023-08-31 16:00:00,8.014595024559444,11.482926059398004,9.64042701428445,10.284068968888086
2023-08-31 17:00:00,13.641958553197728,10.992293653548161,8.355471871899542,7.789582549447864
2023-08-31 18:00:00,2.4642173032769743,3.0780539424612603,0.5677820914975782,4.63293070522013
2023-08-31 19:00:00,1.910800087884816,1.956046941193102,3.123880934327949,0.5796502736777667
2023-08-31 20:00:00,3.997323304952245,2.107599142352698,2.922901058855071,2.7211650518375023
2023-08-31 21:00:00,1.5152428863532568,0.24241842094764676,5.08528486772089,4.683139557299909
2023-08-31 22:00:00,4.000660802279551,2.429909850273156,2.889444645059791,1.1994055752863997
2023-08-31 23:00:00,0.8978512949854762,4.064085686260673,2.151711652468674,1.8180880872905418
2023-09-01 00:00:00,3.3156061964002,3.7466622130897576,4.237593561472823,1.4611785977722935
2023-09-01 01:00:00,3.332467455932506,1.7655193161404807,3.9171561264505015,3.7909121107151442
2023-09-01 02:00:00,3.7489189876988678,2.5358190432271583,1.9886858171609982,3.3830685500931024
2023-09-01 03:00:00,2.434887201171076,2.950110778858741,2.8415522358788783,2.37299759043484
2023-09-01 04:00:00,2.213200033206184,1.8663933943781625,4.59893467393257,3.252391151656369
2023-09-01 05:00:00,2.4507834899035146,3.4714779348682514,3.1026186022487012,4.1732643853134554
2023-09-01 06:00:00,2.5015981106751384,1.8330709850079074,4.259628898848506,2.915760351926081
2023-09-01 07:00:00,5.229266641577231,3.2855939438689536,0.860549722891983,2.7635449287331575
2023-09-01 08:00:00,7.05988278916819,11.209071606162425,9.4154306910188,12.35628000401023
2023-09-01 09:00:00,12.661262732436018,7.7706948770636455,4.698799047606288,7.688927836716531
2023-09-01 10:00:00,17.91564151678326,9.685826249047297,9.00892791795024,13.86228560571477
2023-09-01 11:00:00,12.313112011745599,8.898280462615912,11.979948664509028,10.660503000083015
2023-09-01 12:00:00,8.880653354640387,4.191944325226983,5.423789349726003,8.703691201761217
2023-09-01 13:00:00,6.783998631424595,9.3624893712446,11.86569097064832,10.217850104397998
2023-09-01 14:00:00,10.025734309998224,4.476950436085289,6.513846160607962,11.649049627768841
2023-09-01 15:00:00,9.795568556797502,13.629788405826718,10.878488623741472,11.345637718399164
2023-09-01 16:00:00,5.485477371022034,7.084003543895953,12.946688848488073,8.954524788436077
2023-09-01 17:00:00,14.330152209511606,9.378749894033719,9.32943897065541,6.869747698202875
2023-09-01 18:00:00,1.9229811568426396,3.742289602270885,3.68715627625906,3.338039291275033
2023-09-01 19:00:00,1.5222510887642753,1.8135382381913978,4.149853564146364,5.364130120303464
2023-09-01 20:00:00,3.828561097545367,3.0310768850052385,3.948725313845517,5.360240106642198
2023-09-01 21:00:00,3.4430407141832773,1.840550446247688,3.940088882871911,4.493038694796072
2023-09-01 22:00:00,3.066680629292942,0.10740202357994377,3.2931480629933247,5.20035385266211
2023-09-01 23:00:00,0.9260758079583176,3.170018325660645,2.916059964156241,0.7534890400122851
2023-09-02 00:00:00,1.440401542260215,1.749688549146823,5.925012103991644,2.120543040659019
2023-09-02 01:00:00,4.760853480338483,2.8893856032177108,3.063803440890809,2.288941623577813
2023-09-02 02:00:00,5.015874245628293,3.24655698343466,0.7269396564671435,1.6435058907367157
2023-09-02 03:00:00,1.5607747503932254,5.5267561627476836,4.288539177050655,4.7196607209073065
2023-09-02 04:00:00,2.3689643250404804,6.275563633700974,5.181476926792163,1.0811977992635806
2023-09-02 05:00:00,3.6416226404563963,3.1208161189175763,0.5212601221264981,4.130234250289174
2023-09-02 06:00:00,4.9328075828421,0.1,4.153019516293304,2.852800372577957
2023-09-02 07:00:00,1.3918813141336979,4.258776135125491,3.1061180232666956,1.0200305677162036
2023-09-02 08:00:00,5.43875304495382,3.6404599892180167,5.195713686982538,4.3232236684231395
2023-09-02 09:00:00,2.6652438300459074,2.975789226493107,3.883534181963311,3.0775379087130634
2023-09-02 10:00:00,4.714934389917819,3.1860270019268344,1.776053871287294,1.2853595944276792
2023-09-02 11:00:00,4.751109052750152,2.855978558189854,3.2882268603110196,1.0857312018813072
2023-09-02 12:00:00,4.151678374753209,3.9802585043461987,4.604261951385654,2.8296411731091586
2023-09-02 13:00:00,2.917508619535231,3.056876197454884,4.053501050948274,3.5318414321526617
2023-09-02 14:00:00,4.273984604326213,4.831708871894392,0.31027845456023817,4.4771875607463745
2023-09-02 15:00:00,5.064191660155679,3.322851936881548,3.7958836533374667,1.181290534481385
2023-09-02 16:00:00,1.8980176725249085,3.42121473924268,4.300447706398155,2.589386327092621
2023-09-02 17:00:00,5.27430102941554,0.36414192591953753,0.7520820763069942,2.7707632793270554
2023-09-02 18:00:00,3.944932857835924,1.773815105927061,3.4267607176925345,0.1
2023-09-02 19:00:00,1.8068290710821509,2.5214261962100166,1.8209545036016417,3.750411788619483
2023-09-02 20:00:00,3.172303632093758,0.9595768188768421,1.6111365532459487,5.613074415247921
2023-09-02 21:00:00,4.374187509624994,0.9195787468115171,3.0937815917565703,4.986344270878764
2023-09-02 22:00:00,5.335179976808847,2.7462890500463812,4.379134754363632,4.045991827559427
2023-09-02 23:00:00,1.7523263782682623,4.123944928388643,3.2396874971085787,4.3421126280248314
2023-09-03 00:00:00,2.7741640431355723,3.192108163211633,4.289693312617047,2.2637967424723877
2023-09-03 01:00:00,0.6081950694856006,3.650302539044055,5.624565518700024,4.417594483117135
2023-09-03 02:00:00,4.066947025404651,4.377774806655879,3.8495325528343143,3.87592207046658
2023-09-03 03:00:00,2.969672465377126,3.3948464680711328,2.9375167608701074,6.656736592946691
2023-09-03 04:00:00,5.54303875857765,5.512369778687516,2.619839708873753,1.6012202299844658
2023-09-03 05:00:00,1.3336258661629112,1.7726167717677648,1.458150490452447,3.0231667624470084
2023-09-03 06:00:00,4.191247220344889,4.599683428465044,1.2637391691071,2.629713232454085
2023-09-03 07:00:00,1.9320984997168018,0.1,4.603248851716694,1.3566857216171009
2023-09-03 08:00:00,3.488691831667348,0.9592612048341294,2.901085388785436,4.357317196310228
2023-09-03 09:00:00,1.269178257994722,4.4344988870175115,5.568156821541823,1.7888110710545795
2023-09-03 10:00:00,3.4101365843684968,4.200216534853311,2.2694426929337785,0.1
2023-09-03 11:00:00,6.55525038080968,2.7914266508499463,2.6203507465360496,1.653277980287227
2023-09-03 12:00:00,2.7541620611724023,3.9916433784581553,2.2869617069117787,1.8856061690661963
2023-09-03 13:00:00,4.853818965678757,3.7489348913562943,7.349989419381187,3.834080899429587
2023-09-03 14:00:00,4.9780591646141135,5.4771078150237935,2.652137846410926,2.771018912233616
2023-09-03 15:00:00,1.954057738647306,5.116846755400507,2.696989877858749,1.982449805191818
2023-09-03 16:00:00,2.215191424048834,3.9217517897492624,2.5290177685197928,3.8954219364576046
2023-09-03 17:00:00,0.8237167287346123,2.9125844714753137,1.6077654552936798,6.263068222361972
2023-09-03 18:00:00,4.914997831335349,4.821854016371059,2.849929532220537,1.889137990890144
2023-09-03 19:00:00,3.6574313137629764,4.180012103324848,4.671321879060069,5.620044436710952
2023-09-03 20:00:00,2.562370681134895,4.173334046653263,3.382364423218472,2.1755413182116814
2023-09-03 21:00:00,3.268387259888358,4.919633916141818,3.669211440587452,2.5092482443520225
2023-09-03 22:00:00,3.507050587389409,3.0829589862715077,3.3811897410461462,8.50579671050876
2023-09-03 23:00:00,2.8179928317118508,1.2254027271784214,1.3830433684136345,2.0911993770408865
2023-09-04 00:00:00,3.8344880489127946,1.9844144607891325,3.471206796321783,3.326563494481268
2023-09-04 01:00:00,1.882409586898773,6.50178714385752,1.2706819742728266,3.2148059988120927
2023-09-04 02:00:00,2.6936449956801347,1.740058908478344,1.9212868175704292,3.544689437166757
2023-09-04 03:00:00,3.627567999597688,3.443529652611932,3.15294869862159,5.745514800115014
2023-09-04 04:00:00,4.075851097112209,3.566809913951658,2.220382315801152,3.9522290536552047
2023-09-04 05:00:00,2.1579860040785177,2.274159626167067,1.1614042909284086,4.432656441562576
2023-09-04 06:00:00,5.554929305665388,4.9884511628635355,3.102753199396385,1.9407402954460604
2023-09-04 07:00:00,2.1919730734463463,2.0767976914101482,0.1,1.4618745365952808
2023-09-04 08:00:00,10.113308702814521,10.793989511820019,9.990503197699324,13.789202478649742
2023-09-04 09:00:00,10.837745275626968,10.099566227034616,11.787348214635816,7.3072526423244675
2023-09-04 10:00:00,13.730968946127229,12.792943026336093,11.392873689398707,9.132906865002877
2023-09-04 11:00:00,10.032982756068101,8.342526098401605,13.757545201510245,9.271879835323736
2023-09-04 12:00:00,12.764792892126394,9.616940552415123,8.329564274927609,8.146484898126069
2023-09-04 13:00:00,11.666926621154587,7.0934398781144825,10.216396329273431,6.76542802006317
2023-09-04 14:00:00,5.672772595776767,12.826869946163429,13.35140396884033,12.632952813211903
2023-09-04 15:00:00,8.272719981538291,7.110738297091016,9.782599415543375,5.357729206317668
2023-09-04 16:00:00,12.222044761027348,14.283659075436065,11.411031556569867,9.490791208333565
2023-09-04 17:00:00,5.9935986295923005,6.4396231001225965,10.100146233673364,10.226570846786409
2023-09-04 18:00:00,2.649737591304178,2.450190364855025,4.132335795176504,1.6447801575279195
2023-09-04 19:00:00,0.1,1.4445299213545921,5.432537245316295,2.1464676589835023
2023-09-04 20:00:00,5.888658792320587,4.15522692785257,4.333960446620857,1.279024012129006
2023-09-04 21:00:00,3.1960792776266214,3.252217138540814,4.563137203480177,2.85167504738056
2023-09-04 22:00:00,1.3538009308943637,5.06411744599334,0.1,0.9128728083837823
2023-09-04 23:00:00,6.265490757403155,0.1,3.7045185950307795,5.911731707126306
2023-09-05 00:00:00,3.5709368346826458,2.438928578053,0.1,3.4723506892343687
2023-09-05 01:00:00,6.106981393391576,1.610571251311411,1.251161474768384,0.1
2023-09-05 02:00:00,4.351163149669735,0.897956061528951,3.9015873572107793,2.825969694232261
2023-09-05 03:00:00,5.141417920772837,5.5036044370821395,5.9883749039176495,2.6627422745738456
2023-09-05 04:00:00,3.2658223189098337,5.588710097153423,4.09385063335288,0.9456275538188033
2023-09-05 05:00:00,1.9872820132291542,4.710022189120673,1.4895575167948216,2.3103526781085653
2023-09-05 06:00:00,3.469683202802686,3.1299298052896853,1.7151437032244838,4.445320080339371
2023-09-05 07:00:00,2.058369664293953,2.943535860305279,3.8796546939807572,2.5128800195783207
2023-09-05 08:00:00,8.829909783640874,6.3795587264464775,7.524209724642671,12.275918972959445
2023-09-05 09:00:00,12.709342276969432,12.764178196620968,14.591975766485076,11.549579781509985
2023-09-05 10:00:00,9.895678717180129,9.040497160378816,9.56879901977825,14.254551644480202
2023-09-05 11:00:00,13.458198561597522,9.739104861384725,8.939691175400164,6.856917896836356
2023-09-05 12:00:00,8.730931672964385,10.15256658282839,8.41947392183043,9.254984070979651
2023-09-05 13:00:00,10.507597863667675,11.302266549573911,11.43752122542826,10.284620259836018
2023-09-05 14:00:00,4.970438191151882,14.488730261640232,8.820754506225866,9.260412185196088
2023-09-05 15:00:00,9.499676590608098,10.400124613087494,6.586934940388323,9.328252903024351
2023-09-05 16:00:00,12.916760759874592,12.657367800977331,8.960916061703788,6.0991915353106085
2023-09-05 17:00:00,17.725935565887788,12.303634303858129,13.251434301824549,10.18651707064711
2023-09-05 18:00:00,0.1,1.298435021886507,1.3488212605118644,3.653584250660974
2023-09-05 19:00:00,3.2179974069158988,3.3518965573386854,2.4951696189104853,4.278315940872491
2023-09-05 20:00:00,2.0223463379479045,4.855744671940326,1.764207430222253,1.2080831254082218
2023-09-05 21:00:00,4.639905369069506,3.292645835105373,4.745430946836963,5.641846475892646
2023-09-05 22:00:00,3.5386560975442265,3.2691287231740125,1.0113858778956306,1.4703204723860843
2023-09-05 23:00:00,5.152699716663049,1.7064000794671728,1.497083354354922,3.402961569923128
2023-09-06 00:00:00,5.7472133754459875,0.4801009929650837,3.1502119399177797,1.5911630029493387
2023-09-06 01:00:00,5.135189283730385,1.0833276841422421,3.30167946360577,5.7075493238079
2023-09-06 02:00:00,1.9754341675396172,1.8889210369251839,2.2551642637248355,2.0385533466688157
2023-09-06 03:00:00,1.0399750212914165,2.7457015004369953,4.350141835804374,2.4338682771516456
2023-09-06 04:00:00,0.9390453085222976,6.284875858910677,4.8864407960587375,1.6565208127585351
2023-09-06 05:00:00,3.4718245283046705,2.781033350975552,3.264589562051073,3.182797335012151
2023-09-06 06:00:00,5.062406976657428,2.3381628704156463,3.599283623658659,3.0496401127270927
2023-09-06 07:00:00,1.492644203360793,1.435325767669522,1.00170595179149,5.1606904551629285
2023-09-06 08:00:00,11.227224737764152,12.528544286341644,6.191835979999987,15.068695295105478
2023-09-06 09:00:00,4.081023121261643,12.404203649064357,10.275326528005074,7.6225015405824985
2023-09-06 10:00:00,16.7466971593579,9.969511791602605,7.886278870929939,12.384148525745262
2023-09-06 11:00:00,11.926378123335681,8.684867079837872,13.529833495169049,8.96352388146854
2023-09-06 12:00:00,6.294620460070595,11.7176928809444,12.637755129318611,8.392385843516827
2023-09-06 13:00:00,11.9306403846995,6.116244169539491,10.475690312691624,11.601415506496046
2023-09-06 14:00:00,8.440069450557985,9.480052656136376,6.385657539156491,6.713490917624853
2023-09-06 15:00:00,9.052697596300652,7.576615639528481,10.632340888915717,9.868459815861375
2023-09-06 16:00:00,13.569641490125626,13.744001087401951,16.975226343551455,10.126052684364485
2023-09-06 17:00:00,11.113793753570427,5.139381472380998,10.593927448954531,8.524163297896896
2023-09-06 18:00:00,2.617425630903301,4.573573942494605,4.113984734232229,1.0959154400868334
2023-09-06 19:00:00,2.5084803040591725,4.657577366297677,3.601717099149215,3.6694429326640914
2023-09-06 20:00:00,3.297996608901802,4.509741577499987,4.748088843716233,1.9323511666136735
2023-09-06 21:00:00,4.030811378871826,2.762156989371489,2.7795496707314067,5.511353634396652
2023-09-06 22:00:00,3.7335612351929637,1.8720077994966706,4.809650227401055,0.1
2023-09-06 23:00:00,5.120038687459838,2.5607980835297823,2.3057064653717454,3.389639020621701
2023-09-07 00:00:00,1.8077696921230857,3.8512629859692598,1.2428188685681758,3.6328507394144385
2023-09-07 01:00:00,4.3362225745785565,3.1569304609423043,4.137781560484278,4.28413995522813
2023-09-07 02:00:00,5.503240289346712,1.792284193605737,3.6116735694058626,2.4837821071145227
2023-09-07 03:00:00,1.757805572415511,0.2628079028175945,0.1,4.040570976405114
2023-09-07 04:00:00,3.5755826016932093,2.258989350005236,5.855217052931782,2.6562081860767557
2023-09-07 05:00:00,3.2005156047923027,5.17279663099457,0.7240242190255861,6.305055707841397
2023-09-07 06:00:00,2.590227890877484,0.9424019518327555,1.3372842293588527,6.417797078571636
2023-09-07 07:00:00,0.7129212651281005,3.2081814236039805,2.910427822820645,2.055074276222733
2023-09-07 08:00:00,11.745857774764993,10.415748912611367,11.846388405887243,10.79679134602101
2023-09-07 09:00:00,8.761881741818183,3.445015141291371,9.547224934181205,12.59199201664934
2023-09-07 10:00:00,4.897329548332319,8.083388498287166,7.106171652399153,13.80599051812714
2023-09-07 11:00:00,7.719867994791864,11.435024698553883,11.599720100944939,6.594112247624796
2023-09-07 12:00:00,17.157497651687926,12.763724886983306,6.44943656718757,8.364362221685393
2023-09-07 13:00:00,11.298643209618072,9.861611926298636,9.367657098783866,10.362588176899138
2023-09-07 14:00:00,5.059375324388037,8.922407345434054,8.81146226760838,14.715713860425286
2023-09-07 15:00:00,9.510955214307641,6.420919209967334,6.8060421002482645,13.801368138778683
2023-09-07 16:00:00,9.945047000908556,9.726342647687007,16.565565722265973,14.838385283794668
2023-09-07 17:00:00,6.206468354139798,10.053817796640663,8.968620653485404,3.6256460980894207
2023-09-07 18:00:00,4.64446408034679,4.2576884217386075,2.969457252360526,2.0272907627908427
2023-09-07 19:00:00,1.7100226477997975,3.4171307014920425,5.907188208046822,5.445973487230978
2023-09-07 20:00:00,2.4910827153563475,2.295724525101189,1.2052183468825357,4.023675386608377
2023-09-07 21:00:00,2.9184831497842048,2.696849274824478,3.8506763864887574,4.304054898135674
2023-09-07 22:00:00,1.2349210668540371,2.372450969696303,4.556811611446745,4.13498269995376
2023-09-07 23:00:00,3.299877682522065,2.7751927062388977,4.6961641710966555,2.497665150668643
2023-09-08 00:00:00,2.792857010234937,2.7298321709624607,2.7591465018755716,0.1
2023-09-08 01:00:00,1.7818265910696895,4.393483336292055,2.8510878214922006,3.5876889063261608
2023-09-08 02:00:00,2.848798675366105,2.538586534009118,4.361955108457898,1.2016930396841339
2023-09-08 03:00:00,5.472911878857206,4.618362540894552,2.994700144596154,3.9484147384167843
2023-09-08 04:00:00,2.1062435794528334,3.227765697628926,1.1251415146766917,2.9584634449003273
2023-09-08 05:00:00,3.24686334539042,2.6611315512457674,4.829953854475406,1.5792344493994328
2023-09-08 06:00:00,4.167821573664214,2.189411228700668,3.144781151337813,3.595738352410356
2023-09-08 07:00:00,2.5737828258937276,6.524480281941754,1.770426019356103,1.5768521480852327
2023-09-08 08:00:00,6.529163589529354,11.76518547191304,4.406212517715958,9.425639350725024
2023-09-08 09:00:00,3.0428772320958064,8.274164394714903,11.042413423075095,3.761815183486334
2023-09-08 10:00:00,10.10828259741949,9.709974960476385,8.665746855553568,8.576487874856447
2023-09-08 11:00:00,7.858127146168559,14.147946618994217,7.750749960800668,9.488832683731003
2023-09-08 12:00:00,13.984039940033698,9.222484328151245,11.180328554604003,6.081416603691634
2023-09-08 13:00:00,7.1034490618367565,10.481578588002542,9.840724681856967,9.951792155358117
2023-09-08 14:00:00,5.0211734367369445,10.59645681720283,15.348658039501025,7.960710104627997
2023-09-08 15:00:00,3.3876302558547264,8.714313985364665,14.877875093056424,10.565877515943027
2023-09-08 16:00:00,5.18767767625863,16.023153406946076,4.883622931654163,12.914265186085897
2023-09-08 17:00:00,8.731787293502268,11.855652949900822,10.82532286779169,11.414259126126304
2023-09-08 18:00:00,1.3962378204291817,3.478007811650907,3.3499201838160033,3.162310443851405
2023-09-08 19:00:00,3.7568521908928956,0.719331584419006,3.7773296005997183,2.918007940782674
2023-09-08 20:00:00,5.110106036219237,1.6533828530573487,1.7542382916303616,4.329734586880628
2023-09-08 21:00:00,2.4479833806867877,1.0978231951690862,3.4680103483407345,1.964207522622926
2023-09-08 22:00:00,2.8224303702603306,1.5280751705863913,2.65707432893871,2.5294938129326465
2023-09-08 23:00:00,4.514206618336187,2.9039752991697823,0.8979569589594427,4.972578208858911
2023-09-09 00:00:00,4.895189263528961,3.122567366253419,0.8430050073663189,2.620524688117384
2023-09-09 01:00:00,0.4260317397641078,2.4270435325564104,3.954060770340053,1.7307669065651718
2023-09-09 02:00:00,5.138059985494959,2.1491969306278516,2.279802504860819,3.5927628657422495
2023-09-09 03:00:00,5.513698303829125,1.1755509310578245,4.616111429265594,1.065146634407053
2023-09-09 04:00:00,2.2400900499483702,2.172522196976125,4.081397030091074,1.5222563505417266
2023-09-09 05:00:00,1.869591641177868,2.1208441191610365,3.7061011458069473,1.9584412052780464
2023-09-09 06:00:00,3.5848221034031837,3.330153301172912,1.4673492511582529,2.8739445300718507
2023-09-09 07:00:00,2.553253732227061,0.606741583804923,1.9371120545027036,1.7985082720816483
2023-09-09 08:00:00,5.407582848510907,2.7338321019543232,3.1910103976250874,1.32542661841279
2023-09-09 09:00:00,3.2353730788992583,0.7593464289486311,1.9193991459099622,0.1
2023-09-09 10:00:00,4.202263322201443,0.12208548373662254,1.581994783456609,0.1
2023-09-09 11:00:00,7.364803101424548,2.274325174098643,2.0939886925555964,3.9073784499692987
2023-09-09 12:00:00,2.0834207768421713,2.365953695585011,1.4106709459736422,2.8187414208127723
2023-09-09 13:00:00,5.062182270830493,5.518229477600837,3.693393378913291,4.524682238385578
2023-09-09 14:00:00,4.306448441145755,2.773410928263256,1.6336511425370324,2.011824178866123
2023-09-09 15:00:00,4.800458569868281,5.33326299851676,3.689201176501658,3.7361579405393726
2023-09-09 16:00:00,3.942745778183739,3.654877820387206,2.7353475640075833,3.907745214929233
2023-09-09 17:00:00,1.908544611614746,1.9734101711803087,1.690895837502591,3.6471036951660376
2023-09-09 18:00:00,1.7364012102034474,2.5401110224753225,7.318088629546672,1.767492030693937
2023-09-09 19:00:00,3.1118368537131995,2.725083635927432,4.344632379278085,0.1
2023-09-09 20:00:00,2.4438191801807854,2.148504064987343,1.1050655350330807,1.5988154921787605
2023-09-09 21:00:00,3.4308586587467205,3.513799698976817,5.260709579915888,2.7362613099284654
2023-09-09 22:00:00,0.8702883625265869,0.1,3.2234998532541064,5.498531844479942
2023-09-09 23:00:00,2.927922937320048,5.776082629175723,2.2245076574988127,4.365904683820612
2023-09-10 00:00:00,0.1,2.4966435853718902,2.471029008838051,4.087942313577614
2023-09-10 01:00:00,0.6278735973338887,0.6178672273768049,2.628395435079543,5.5420644465939635
2023-09-10 02:00:00,3.738590413210302,3.074491354014398,5.462592690424322,3.3937332728143734
2023-09-10 03:00:00,5.116320166509062,3.2649078238167397,3.7683717361935445,2.9969196216199347
2023-09-10 04:00:00,2.6299103471757146,0.8139828182980287,2.1545793344576403,3.7642657577069953
2023-09-10 05:00:00,3.8734446731059635,2.7302837667008766,2.391744630908085,4.129417871041789
2023-09-10 06:00:00,0.7651666598620981,6.368429067481584,2.115907990560173,0.1
2023-09-10 07:00:00,2.5378451331685854,1.5399130768968892,6.034540889064216,3.258259947584359
2023-09-10 08:00:00,5.9535481132350565,3.007890273251093,0.6903312658825489,3.9576850775189873
2023-09-10 09:00:00,0.8192297797302217,4.0761250300345875,0.9349583324571125,0.1
2023-09-10 10:00:00,4.064576910611596,3.977120017354811,3.528822716504234,3.601485666580431
2023-09-10 11:00:00,5.2336828228553465,1.6330614511686035,5.025878673783941,2.1935107083000833
2023-09-10 12:00:00,2.60308560473205,0.1,1.2650125688847353,2.6507763976995866
2023-09-10 13:00:00,4.575372461942065,3.209364237531398,3.3529181668076258,2.7699195967074064
2023-09-10 14:00:00,1.2181569870265538,3.8926018581435935,2.110013613283503,2.2014486715669506
2023-09-10 15:00:00,1.412751274142281,1.7336854370162755,4.561016852387908,5.692028776741083
2023-09-10 16:00:00,3.365329020224767,2.065466691429865,3.8022897836041705,4.306466405927771
2023-09-10 17:00:00,3.6350931509757785,4.156456241370341,3.2350203556479933,1.3691090218257074
2023-09-10 18:00:00,2.206572163504586,3.8830353503034507,6.58608675935378,3.786473621949011
2023-09-10 19:00:00,5.829727074540964,3.521396122163106,1.367925315629849,4.492886117080618
2023-09-10 20:00:00,5.787103701048058,5.186240264734803,2.1478180106397886,2.561852714656959
2023-09-10 21:00:00,5.284106043747731,1.1054231740961855,3.7468379282576105,1.3153718340723803
2023-09-10 22:00:00,3.203502162188407,6.008753004344916,1.6335977271774154,3.9283570255178697
2023-09-10 23:00:00,3.3036171656573003,2.636993976519494,5.152560104264561,4.576810500971185
2023-09-11 00:00:00,1.6221414863906432,0.14121412681798784,2.4488215641607978,4.940258427501543
2023-09-11 01:00:00,3.9997802915769336,2.718955864707375,5.281956076327164,1.5676918066669288
2023-09-11 02:00:00,0.8620317981402672,1.9636953385554559,4.247897749125289,2.71892655505207
2023-09-11 03:00:00,1.7934258945818549,5.196960559366045,4.327939370410677,2.418207638992407
2023-09-11 04:00:00,3.0300627731175123,0.22351120542284253,0.9609576128859687,2.837800972589579
2023-09-11 05:00:00,1.3789704858251866,2.08455364613155,4.066122207666721,3.0899323276698913
2023-09-11 06:00:00,2.933382632286718,3.506079397130663,3.043161401056653,8.109681260898135
2023-09-11 07:00:00,1.1912321038165465,4.647048718269408,1.9952289057095562,2.555283276376195
2023-09-11 08:00:00,7.797148023655484,12.38356348720222,10.488815755347197,6.254183329570265
2023-09-11 09:00:00,5.087868572954557,9.588801584967435,4.068739290667754,8.149861806881237
2023-09-11 10:00:00,8.000881057538665,7.6232706706794255,9.59997034179966,12.759317526385695
2023-09-11 11:00:00,6.570339374230005,12.082308795836775,7.388565824915085,8.303030676435677
2023-09-11 12:00:00,13.33606261322835,5.066065356808985,8.657697287881831,11.894152359475719
2023-09-11 13:00:00,9.420046289286523,8.86136715978175,4.787884054647729,6.594955358683568
2023-09-11 14:00:00,8.090826510456926,14.86902934874054,10.692828339053882,16.312118920372313
2023-09-11 15:00:00,10.146708629056208,11.516140300287594,6.429408453043955,11.164477267075435
2023-09-11 16:00:00,3.7559190802236984,11.685299267992281,11.7738788392257,11.763243106920829
2023-09-11 17:00:00,9.921904503312186,7.900580902460588,5.710210812052995,8.50934330909008
2023-09-11 18:00:00,4.752618268593986,0.5367536971009637,0.1,2.9895684691868
2023-09-11 19:00:00,3.1805230362562362,3.440223554960625,4.166167019156179,2.6185847856045092
2023-09-11 20:00:00,5.003462978726312,2.6773746215368748,2.0063065181858017,4.505359683523163
2023-09-11 21:00:00,3.3835370371659828,2.2272154846238665,4.600272747804421,4.9750694614928115
2023-09-11 22:00:00,5.453200643601068,3.7294913272404564,0.9218998757180077,4.152041906235205
2023-09-11 23:00:00,3.210134324050733,2.9366028256138605,3.6864711062031392,0.1568732629246954
2023-09-12 00:00:00,4.049963990507374,2.122433141741986,4.3182100377513475,3.0150427113069824
2023-09-12 01:00:00,2.3968558338112564,5.312898026658482,1.430849129312679,5.159528838955152
2023-09-12 02:00:00,0.38570462781051784,1.9863500673892398,2.444508511716122,2.016107784124519
2023-09-12 03:00:00,3.1181569023303726,0.14873694158157935,3.9656916025570883,5.077920120099473
2023-09-12 04:00:00,4.852271300110873,1.1104171156241054,2.9860937529434644,4.207499176024228
2023-09-12 05:00:00,2.4691722095344475,3.658546385359505,4.7411901177480935,0.7319069156209075
2023-09-12 06:00:00,3.3298566760905586,2.1582093213453892,3.7021325727306515,2.13775508004363
2023-09-12 07:00:00,1.550755398130658,1.0342136897141676,1.6287112159222332,3.1894709622527664
2023-09-12 08:00:00,7.199950981864566,7.79608288499232,10.121757946528945,9.034825655310026
2023-09-12 09:00:00,8.923735536605026,8.38859786850399,15.01751874415897,13.071302476549668
2023-09-12 10:00:00,10.969913246580747,11.06052854204835,7.365110447129546,8.373070157284857
2023-09-12 11:00:00,5.641450255939866,13.252899219739348,12.735828445210316,12.192718905876808
2023-09-12 12:00:00,7.293312954520727,11.37777033312586,8.85032441324576,17.43233328140085
2023-09-12 13:00:00,11.149355551411665,8.062797092790587,10.775006350666768,9.147908758022346
2023-09-12 14:00:00,13.13826890317637,11.048177206206663,8.712690226557939,10.453800997156927
2023-09-12 15:00:00,14.260996367288891,4.805440871978043,16.127722927702024,9.117296682578376
2023-09-12 16:00:00,11.358679993822944,10.925173052042728,13.574682593860523,5.985392629305151
2023-09-12 17:00:00,11.361183178904007,8.392541428868931,9.511336142351347,11.049000522410452
2023-09-12 18:00:00,1.6976654514170195,2.4506561431574627,4.095310010277995,1.4431817837148757
2023-09-12 19:00:00,3.752459000027008,6.461529495347976,3.4783745393167544,4.742926532793518
2023-09-12 20:00:00,2.543568800280639,4.183047923020921,4.493006882456735,6.681775893198814
2023-09-12 21:00:00,5.289632169148103,3.4464520612889378,0.1,2.0588873297217454
2023-09-12 22:00:00,4.968105402539022,5.192873649056292,3.8130826921759406,3.1119212735471984
2023-09-12 23:00:00,3.122842714926617,1.5195697726439452,4.226753547734306,3.402478677212853
2023-09-13 00:00:00,4.0826797045695935,6.143464933915228,0.9713359387784495,2.4638098703666587
2023-09-13 01:00:00,3.0524889411686864,3.3192419779196016,4.340165875560522,2.40726544176857
2023-09-13 02:00:00,4.496043312200365,2.6414407419968584,1.7500973090959748,3.046479084213294
2023-09-13 03:00:00,2.4002389915150344,5.413115317662984,3.9209119384938824,0.4467974987581149
2023-09-13 04:00:00,1.2976724825557255,4.175705928873816,1.5493903597528678,5.4109833812970205
2023-09-13 05:00:00,2.812769017353207,5.545930753391689,0.73906576749014,0.14327211700239229
2023-09-13 06:00:00,4.625204033489526,3.79102726134741,4.937018953041208,4.040367946100254
2023-09-13 07:00:00,2.1922627649536253,2.841326800298145,3.1261119384600735,4.355771140739736
2023-09-13 08:00:00,13.012409466614155,8.867038976315902,7.682922894113121,9.85948999300831
2023-09-13 09:00:00,11.067745592149647,8.660009807258138,12.527026000376582,3.1431114092597916
2023-09-13 10:00:00,12.246375043497896,12.379862846573022,6.734371870326163,7.161164443508086
2023-09-13 11:00:00,16.7060106574105,15.124954786515554,3.9461313066026538,5.855325696973418
2023-09-13 12:00:00,11.275215977761034,9.382342675459162,10.476552637459204,7.873037424762862
2023-09-13 13:00:00,10.85185009394734,13.788805866875984,8.012596038970337,7.8165574216512255
2023-09-13 14:00:00,11.534431492073523,10.247447553126303,9.641104074057083,13.373795917724564
2023-09-13 15:00:00,2.4446202038525016,9.476455690499119,8.850273241652133,10.954429812223772
2023-09-13 16:00:00,11.554646854946505,6.572013854822427,14.005311715484776,8.776108233602217
2023-09-13 17:00:00,13.512300838208851,9.379907928168578,15.339804302176915,12.447058029276924
2023-09-13 18:00:00,2.291492536478347,6.386104254876433,5.657461982590881,4.312488755688416
2023-09-13 19:00:00,1.7498412605194404,2.102310672890721,3.216915931644576,2.510369873699049
2023-09-13 20:00:00,0.8592068457912121,3.4403855012406046,4.116027849785407,3.830176540429319
2023-09-13 21:00:00,1.8739435766832615,4.892668406773191,5.38438435976145,4.200633724058424
2023-09-13 22:00:00,4.502819970139901,3.3718549457146043,3.2090691687820496,1.5942625698839452
2023-09-13 23:00:00,3.8737099960817982,2.6752967935169734,1.2700103371384341,3.6085709967720065
2023-09-14 00:00:00,2.383994039097084,3.034817591723798,0.5820242333091485,4.2225495931379555
2023-09-14 01:00:00,2.527447604997271,4.445726959943264,4.544765379907253,3.7080024719657434
2023-09-14 02:00:00,3.5025760511932895,3.5556311158550797,1.2641117623336198,4.102162391204011
2023-09-14 03:00:00,3.92113504096783,3.619785424325714,0.1,2.89665143265535
2023-09-14 04:00:00,3.1614268913004073,4.78028099418295,4.290767796078168,1.4001446954793635
2023-09-14 05:00:00,4.01371841235105,1.4371527604728365,6.230575720718618,3.007896935844558
2023-09-14 06:00:00,2.835485962525693,0.7412714890040109,3.5966813703954355,5.555488603206623
2023-09-14 07:00:00,4.051759438040543,5.525902597176408,4.036870988918793,5.559256748972734
2023-09-14 08:00:00,7.96277955381405,12.249743500112757,7.866669591244478,10.198515337266585
2023-09-14 09:00:00,14.798700632580573,11.660126281627129,7.43870589299076,7.862824422842897
2023-09-14 10:00:00,6.531871148993617,10.803082702584149,6.881485598218624,12.621541070775004
2023-09-14 11:00:00,11.1886481715152,10.142575380831062,14.294518530726357,10.87168745234095
2023-09-14 12:00:00,12.104415081870759,11.410649935552055,12.638590649484094,13.021011314981267
2023-09-14 13:00:00,8.254178578113006,5.4991433938014165,6.400320782125072,5.100142244870102
2023-09-14 14:00:00,5.022122448223321,5.852780092554299,7.292641275338898,11.348437946716802
2023-09-14 15:00:00,10.703631033589946,9.189537233697259,17.338816353579176,10.540004020649224
2023-09-14 16:00:00,9.459831816083408,13.684420248957561,10.342270493042685,10.600020181068896
2023-09-14 17:00:00,13.029119707939513,14.647760591797987,6.966000560554775,7.403116411173249
2023-09-14 18:00:00,2.690808226857618,2.18788281700228,4.0004583493866,0.3802545218735145
2023-09-14 19:00:00,3.6518618243098717,2.401904172540075,3.428926372518836,1.9459387247185465
2023-09-14 20:00:00,0.1,3.8744796713218004,3.8001390405113673,3.315579855494558
2023-09-14 21:00:00,0.8879186154793217,3.708835052120744,1.9170007702023735,2.3782172377882005
2023-09-14 22:00:00,4.57325989581694,2.861178195904852,2.592854253537365,4.617169770196515
2023-09-14 23:00:00,4.3355397390532335,2.9363227398912732,5.408376012703877,1.4223377472185397
2023-09-15 00:00:00,3.089038147829164,2.5427541157950153,2.557575136051687,3.864467624261626
2023-09-15 01:00:00,5.075529293503841,2.4277066213893357,3.8641060404660164,3.736247788420504
2023-09-15 02:00:00,3.372194861319149,4.073504966765922,4.795051643070693,4.375324842931008
2023-09-15 03:00:00,6.747810354105358,3.171046554407669,2.800144905930398,2.233622155052529
2023-09-15 04:00:00,3.218632353560321,1.8645994890808189,2.979956300501859,2.8108339628090935
2023-09-15 05:00:00,3.2022630216091903,3.5391650886901136,3.238281179020028,1.5243634229571192
2023-09-15 06:00:00,3.7364014932354355,3.788933307554136,1.376312746941312,2.9250222383817492
2023-09-15 07:00:00,4.326574775572723,4.1122837520158715,1.8231064530814893,3.5395906313630525
2023-09-15 08:00:00,6.429374916456336,11.241952712247294,11.812108183597928,10.062082912571825
2023-09-15 09:00:00,17.532635174804504,6.485879534982767,9.090877085318777,6.467990197851195
2023-09-15 10:00:00,4.985979521638546,11.372952311346253,2.972583812938268,4.866215815285765
2023-09-15 11:00:00,5.881096113836646,11.191002852379667,9.191988228864862,11.195694125202577
2023-09-15 12:00:00,7.917919840807642,6.562711816019997,10.301659657285347,8.616809822654622
2023-09-15 13:00:00,13.545377699160541,5.7871761769326975,12.734308500906597,9.399853237483022
2023-09-15 14:00:00,12.603541201317691,14.589746032082385,8.682037226921231,8.720935289558291
2023-09-15 15:00:00,6.115148818454073,13.644176171702638,10.792080784759602,9.542028104900927
2023-09-15 16:00:00,11.443793976815133,6.2605853458495755,12.060204126364592,13.93852522208627
2023-09-15 17:00:00,6.7108780928915,17.17475872525189,8.604094522119993,10.857371396645298
2023-09-15 18:00:00,4.801073701069889,4.154323294250914,3.851090347655088,3.2495191901226352
2023-09-15 19:00:00,5.261945150863759,3.2896704699376746,2.4576176784321966,4.097245228539331
2023-09-15 20:00:00,0.5051427517126768,0.1,2.931787908645787,2.743439157288761
2023-09-15 21:00:00,2.9483201367079173,3.757364111750444,4.0745187951812945,4.928945109910211
2023-09-15 22:00:00,2.9141064198719784,3.6968199378389626,0.5217591927923158,1.289735470425339
2023-09-15 23:00:00,1.669143495629742,5.154338443255058,3.5599768655963366,3.9645750158209645
2023-09-16 00:00:00,4.545585329281282,2.809866596243897,2.5459811294248764,0.5832527030182062
2023-09-16 01:00:00,0.6338153566624944,3.7466067836685077,3.956292461298039,4.196385035995857
2023-09-16 02:00:00,4.570882363966342,1.4806072302591917,3.6066477009480753,2.6010985928700805
2023-09-16 03:00:00,2.251924805455772,3.9771239870069968,4.522749214656503,4.661682415516632
2023-09-16 04:00:00,3.6486185925526797,2.841790620096621,4.161299109632944,1.6643793395001854
2023-09-16 05:00:00,0.9773493237486837,0.1,2.7590817830040817,3.502285195338824
2023-09-16 06:00:00,2.3555694849642625,4.697839260902893,3.348177593066521,3.9391554054460354
2023-09-16 07:00:00,2.4613960114085995,1.824785635631337,0.5559680376381411,5.701030414380094
2023-09-16 08:00:00,3.9077334011017664,4.98489501045899,4.670978116146078,1.6691524827358977
2023-09-16 09:00:00,3.313842449060721,3.094200338631264,3.0403737288101635,1.366468177823831
2023-09-16 10:00:00,4.941406642343373,2.8337214662506796,3.9037702717533294,3.7210747081818725
2023-09-16 11:00:00,5.210283632182944,3.769966583097661,3.0038315205769948,2.8271208509512338
2023-09-16 12:00:00,3.7972556805442483,4.599570834383694,3.846896141956008,3.8257144687131097
2023-09-16 13:00:00,3.142932505981756,2.648559297875002,0.5271965296400749,5.089990760568323
2023-09-16 14:00:00,5.673349167086521,0.6478091472378851,3.9886895625489256,3.5633871681017877
2023-09-16 15:00:00,2.912538344232149,4.22835437602787,4.559860487634069,3.9323945185824556
2023-09-16 16:00:00,2.4920564195447423,2.953639174881129,1.1692717297720083,1.2396377261892153
2023-09-16 17:00:00,3.5467013153660467,1.728631837745458,3.0557056293199496,1.1345714720825486
2023-09-16 18:00:00,0.9537985971105858,7.218347005334903,5.485107813479376,3.6792864799085643
2023-09-16 19:00:00,1.5893659985433142,3.8298903521427343,2.7831059514079186,2.305392706859438
2023-09-16 20:00:00,1.5692981637129793,4.329762852716695,2.8145162468596494,0.9677714973334157
2023-09-16 21:00:00,1.3868887280892381,1.6458999411221966,2.5899650446956675,1.783518438894316
2023-09-16 22:00:00,3.553437456601701,2.20829227753656,2.9731308373575436,4.002451506184913
2023-09-16 23:00:00,4.303573380145278,0.1,4.2699213358276165,4.810402074739816
2023-09-17 00:00:00,1.7638979842826394,3.758236142196149,1.677532907044179,4.2188012567933
2023-09-17 01:00:00,4.808120881475159,4.544454359862723,4.918509599830844,1.5452201980441327
2023-09-17 02:00:00,5.9422801909887015,5.43522530482956,2.1693771941436126,3.6675242537238386
2023-09-17 03:00:00,4.720742669714709,4.109768505806413,3.074305471013665,3.0625109430212136
2023-09-17 04:00:00,3.474218699072696,3.3837849201204913,3.693658635206099,1.1400236494634628
2023-09-17 05:00:00,2.258608082385169,3.9089144256682316,2.686523195592821,1.5694725311260938
2023-09-17 06:00:00,1.9646277939840955,2.661598454167937,2.961850332525236,2.4917423295244827
2023-09-17 07:00:00,3.581538868232291,1.1762496282116581,3.627037754637338,1.7590265475287876
2023-09-17 08:00:00,1.6884821801127379,3.840634930918802,2.887076157144192,3.3624646105966822
2023-09-17 09:00:00,2.087997152368942,5.286736849247505,2.1651761096845705,3.42209219741776
2023-09-17 10:00:00,3.8846087761644754,1.0492828841892439,2.7667747786419863,2.7615401803149324
2023-09-17 11:00:00,2.7832428116954167,3.338180272109569,2.5323415385248147,1.622186115146908
2023-09-17 12:00:00,2.4191587571402247,1.9806500607567177,2.1225608084904626,0.11620946724849324
2023-09-17 13:00:00,3.8369848126778887,1.9361039923051198,2.288527625505327,2.021117310228177
2023-09-17 14:00:00,2.8552756606170986,4.004105790906417,3.859502273617057,2.685963057857684
2023-09-17 15:00:00,1.8368048587138943,6.506552968630598,2.4000689791440344,0.5981718620558016
2023-09-17 16:00:00,3.496035403635704,0.9131086090270042,0.1,4.989694995872569
2023-09-17 17:00:00,4.148792367854034,4.502587638451282,3.7587131583352766,0.7725605708718213
2023-09-17 18:00:00,2.4587680911252914,3.0547025312316687,1.636562601302205,4.076267040458447
2023-09-17 19:00:00,3.9592555608383213,3.643499287412552,3.0693439176331676,4.026981813445334
2023-09-17 20:00:00,5.361578371947295,3.018807587787266,3.222403877328447,0.1
2023-09-17 21:00:00,5.132598814008103,3.1264106400407528,4.1188283114549735,3.678548624673031
2023-09-17 22:00:00,4.788054655044796,3.061660625434721,2.643526052485831,5.336220907944548
2023-09-17 23:00:00,3.7546621125002337,3.395272883175048,2.705864648776574,2.2567902316968693
2023-09-18 00:00:00,3.924877772498995,4.280742327997096,4.970232447936683,2.776891282945459
2023-09-18 01:00:00,2.4520631184982538,5.4477155365870775,3.103507428530233,2.7774172608262857
2023-09-18 02:00:00,3.24014428738384,1.9088465433992055,5.3801911426191555,5.481082584171127
2023-09-18 03:00:00,4.307882299935215,5.751497383389641,3.8212448894364752,0.9616579599166211
2023-09-18 04:00:00,1.5792724681023125,5.194991599872799,5.238566100274039,3.6902053949085976
2023-09-18 05:00:00,4.076508513090529,1.3864060106990705,1.275328730296052,3.2766425463523756
2023-09-18 06:00:00,3.053218658820567,6.789954287253643,0.1,3.210530975591392
2023-09-18 07:00:00,2.660752432488008,1.5178325487875637,2.127098604293826,1.2176080460430931
2023-09-18 08:00:00,6.348007460658146,8.646510766135938,7.66048945009831,13.515860511756504
2023-09-18 09:00:00,13.123340655870743,14.528648491396726,16.16473681154731,12.47035057451481
2023-09-18 10:00:00,8.347648316015682,8.73459490325217,6.994348217054695,11.152779066411204
2023-09-18 11:00:00,10.375219326250502,10.371056098333959,8.149383850342351,5.217344671288027
2023-09-18 12:00:00,6.315474390576914,12.2958081284791,11.95786102474126,7.089857220626499
2023-09-18 13:00:00,0.2748099677914855,9.501331290106359,11.245660485341368,11.255056483586854
2023-09-18 14:00:00,10.644983954633457,12.601722405360452,10.108973977855385,5.067430233877034
2023-09-18 15:00:00,10.024553244113365,15.051742590112049,13.758954760738284,10.02939426887116
2023-09-18 16:00:00,8.129539739419458,10.122084524195602,6.862722696664267,7.316153745160676
2023-09-18 17:00:00,10.798762029589,10.459499645381479,8.6167359421543,5.348923526075823
2023-09-18 18:00:00,2.6918854640008094,3.1033027751893734,5.676702225292644,1.4686000585644803
2023-09-18 19:00:00,4.140368430543061,1.3506391104767204,2.3892515653936393,2.436152966897651
2023-09-18 20:00:00,3.640653286510245,3.082028668549999,1.4721920970938136,3.3559306608098813
2023-09-18 21:00:00,0.748448983042024,1.510016212174411,1.2636854911503703,2.5817658212160035
2023-09-18 22:00:00,3.8114712839670766,3.4268208871902344,2.3626209343012468,4.513605529698374
2023-09-18 23:00:00,3.0939866864912444,0.1,5.799160642803896,4.486474597662758
2023-09-19 00:00:00,2.2530732007847716,2.8207628008082524,0.1,3.937578396900892
2023-09-19 01:00:00,5.95623905596875,3.8392329409317387,2.881312440375797,4.865524062494686
2023-09-19 02:00:00,4.437548904653767,3.1278418753859745,0.8648188410237658,3.630130851920128
2023-09-19 03:00:00,4.604302579492044,4.296917557652172,1.5601553088027567,1.8648247266028313
2023-09-19 04:00:00,2.5686104583096956,2.778514089188781,2.9364349280593993,3.8892925327354266
2023-09-19 05:00:00,0.3467444608861383,1.011586196101137,1.6914217732601302,2.343435702520006
2023-09-19 06:00:00,3.348684918351874,5.457534979068351,2.8347501178658225,4.314175597751843
2023-09-19 07:00:00,1.9554732792703193,2.873061863395135,1.9020125545180941,4.01416794360032
2023-09-19 08:00:00,9.494368254468016,15.100089345572805,10.6090676924965,10.400420453314172
2023-09-19 09:00:00,5.713978556211692,9.222678842799414,6.511884483525117,8.072249708149096
2023-09-19 10:00:00,12.029610716912915,14.016396083983963,6.343176743228629,6.874538163007594
2023-09-19 11:00:00,5.383492506423691,10.227709730824058,6.8673272447030635,12.307026307721848
2023-09-19 12:00:00,6.517415749845904,9.432002376432248,8.62979926695038,6.33390431495649
2023-09-19 13:00:00,9.104186036775179,9.996704791130664,10.013444548035256,8.774584493336478
2023-09-19 14:00:00,3.8055826580218426,11.308340163189353,7.541686103114197,14.480559218515891
2023-09-19 15:00:00,4.875575409806065,10.192495087372995,6.604829679794129,10.053210754833852
2023-09-19 16:00:00,5.538319818499858,10.34141796517893,12.793991947499684,11.53244275874466
2023-09-19 17:00:00,7.817682161003553,10.910451166085807,14.765873034141048,14.011912727707136
2023-09-19 18:00:00,3.4266530835581466,1.275686710641002,4.115013275364811,2.211976056587592
2023-09-19 19:00:00,4.190578335367184,3.5679517111560553,3.9556516892621763,6.628552114362277
2023-09-19 20:00:00,3.9445877619625787,1.3411297850898014,3.6860673489764615,3.446090703657433
2023-09-19 21:00:00,3.521253648856935,1.8139425559204614,2.807702920402831,2.769269990434219
2023-09-19 22:00:00,4.082397921598254,1.322478093464698,3.0461036232760303,3.1197567119186527
2023-09-19 23:00:00,0.7469941198404166,0.6619564967348479,1.6496461256713157,4.788514040625479
2023-09-20 00:00:00,2.5603409171108233,1.5797104260006634,4.477946468509454,4.976049545196186
2023-09-20 01:00:00,6.938000219786151,1.176610126881218,2.502895886764114,2.7038137354305003
2023-09-20 02:00:00,2.385612701862174,3.2056798873466543,4.668465596292966,0.7862476523062361
2023-09-20 03:00:00,2.9667211962217244,2.6593707688154073,3.489884497220086,2.9796932289959206
2023-09-20 04:00:00,3.9971787144480455,3.558940719609032,4.352961866574862,3.2793163527999223
2023-09-20 05:00:00,4.826962582244092,2.080136828614177,1.5703047938076569,2.170504939088902
2023-09-20 06:00:00,4.19627692954672,1.4420829959493124,3.8349630822907814,1.5547587733475545
2023-09-20 07:00:00,0.1,4.656230881042076,1.6068858764470477,4.477174172039261
2023-09-20 08:00:00,14.651765567875554,11.504599658354872,14.42984526692582,10.58861315156102
2023-09-20 09:00:00,14.220143083863146,7.868166854055652,14.678545363855598,16.319448668756806
2023-09-20 10:00:00,1.5698232004779733,10.605447204399697,9.510650839706743,9.515496854490754
2023-09-20 11:00:00,11.739356051587265,8.819027516756108,3.4778849712467554,12.789735499469025
2023-09-20 12:00:00,12.678622384502196,4.217801961377418,7.56574355294034,9.049686815544664
2023-09-20 13:00:00,6.82587389138493,11.410160124218185,8.423363158351654,7.333961539824311
2023-09-20 14:00:00,12.044391888718181,7.476646925452746,8.020340856598086,10.608969889192624
2023-09-20 15:00:00,10.008540435399242,5.0407738432570195,9.668130959769819,8.635837306347874
2023-09-20 16:00:00,11.561045922610463,12.313787512542518,9.497844564435923,11.6979509334627
2023-09-20 17:00:00,11.382934872764483,11.28761351018729,5.075431465094044,8.505402972234204
2023-09-20 18:00:00,1.668812576414281,3.025020597902227,2.4402350873252585,1.1121072904989844
2023-09-20 19:00:00,3.014693967463051,3.8907732104635526,1.0073708027584412,1.9974421175443833
2023-09-20 20:00:00,3.099552639178741,3.693070412442581,3.144816993059891,1.571546821395808
2023-09-20 21:00:00,4.421981526494907,1.87051038668612,4.797653345882911,4.048131929434295
2023-09-20 22:00:00,1.2071719452871228,0.1,4.091650161679507,3.692808204136001
2023-09-20 23:00:00,3.8930673774662345,1.848208298767402,2.228991965597209,4.011743937192488
2023-09-21 00:00:00,0.22117703965219437,3.617057140768902,3.650819455002896,1.6987750765607204
2023-09-21 01:00:00,1.6809730488892138,4.893386472755546,1.9672215739352399,4.478221297557848
2023-09-21 02:00:00,3.5727415377125005,2.1930475889727896,1.3661361319242609,2.7110216566065763
2023-09-21 03:00:00,5.232968473675456,5.24825497864987,5.318960853503867,2.64780180909696
2023-09-21 04:00:00,4.941497468427004,4.02627392184904,3.3807455630719847,3.382703478031191
2023-09-21 05:00:00,5.504464209666868,1.4843378991649947,4.126949265601344,3.3059062843682083
2023-09-21 06:00:00,3.173673622614654,3.361762372455358,0.6223887408510747,4.761396303740282
2023-09-21 07:00:00,2.0821281140754193,0.912123462132389,5.52419820339365,2.2997828146870916
2023-09-21 08:00:00,10.650034193050454,8.332585690049159,10.763624048479869,8.574653535203451
2023-09-21 09:00:00,10.328305882054366,5.178466872883954,7.758599581478391,5.962075223999252
2023-09-21 10:00:00,3.5604682154722207,14.46898160235994,7.259234211986531,10.771720495720377
2023-09-21 11:00:00,10.893723505888858,7.473334578017655,10.996458891643037,12.786846201055805
2023-09-21 12:00:00,13.627494337287104,10.28482687748239,11.69478365198232,6.643248970363474
2023-09-21 13:00:00,8.912111100074664,9.827604900767758,14.779500108101335,10.700996588567032
2023-09-21 14:00:00,12.47261863038336,7.512658098786737,8.795341295311825,10.09697984112875
2023-09-21 15:00:00,9.305479893658415,13.215752747174083,10.91286582071849,12.582870015328151
2023-09-21 16:00:00,13.660199705648132,7.963669157988946,6.556648910710232,10.492858570779912
2023-09-21 17:00:00,10.788033540026143,8.537565945405067,6.282385108515387,12.102087958722288
2023-09-21 18:00:00,5.815101231602814,3.7807537190730214,0.9633170241075799,1.558139380685501
2023-09-21 19:00:00,3.292372048992931,2.812111607973658,1.430223111305847,3.37633929830951
2023-09-21 20:00:00,1.41968499510371,4.803098656415668,1.4299073942944578,4.249433043412768
2023-09-21 21:00:00,3.1779790564382746,2.4363558830455947,3.342493981267412,0.7322084579447492
2023-09-21 22:00:00,2.5683004417330557,3.0527058974703327,3.70021515146785,2.946844813394388
2023-09-21 23:00:00,0.6603506070213405,5.638727077426189,2.194252387839016,4.04433055706669
2023-09-22 00:00:00,2.0731877849622404,4.684244431840512,3.0801896091933307,2.587236297446842
2023-09-22 01:00:00,0.1,4.349149002153295,3.7213977478050557,2.577386216273423
2023-09-22 02:00:00,3.8877778598875072,0.1,4.535476444090666,1.7492817606299071
2023-09-22 03:00:00,1.7720720980765994,2.8672988741193772,1.8453995485858206,8.206838594796855
2023-09-22 04:00:00,5.372355467232151,5.821321239310106,1.9961431746429064,0.1
2023-09-22 05:00:00,3.3384365125155195,5.4276834368876195,2.1558306878350724,5.724090237571099
2023-09-22 06:00:00,4.19721952202699,1.5667353831144342,3.559127665867441,2.5573385637630963
2023-09-22 07:00:00,4.525414525001958,4.966180150042343,2.092863271266152,2.892249504005292
2023-09-22 08:00:00,8.502509951564212,15.754956101740389,6.348740618774793,10.894424082335464
2023-09-22 09:00:00,16.82503772374583,10.03337812503303,4.921455355267412,11.49108595553363
2023-09-22 10:00:00,9.154276254349893,12.26041269968093,9.939558870204378,4.950022827000908
2023-09-22 11:00:00,10.128282036483343,15.48843004655087,13.717380155259997,5.9934551137980465
2023-09-22 12:00:00,13.694488753549347,11.081353552371294,16.403150531680694,8.393921934206833
2023-09-22 13:00:00,5.862732710620475,11.988174297189204,14.041351121328127,7.431202478679138
2023-09-22 14:00:00,10.438386171822728,12.942456461674222,14.730228685445134,8.98255040740267
2023-09-22 15:00:00,10.03926979673564,6.443383287708916,7.491876462044395,8.469641494411295
2023-09-22 16:00:00,7.9987285668813835,8.678041174099363,10.707694079671707,6.824342406381858
2023-09-22 17:00:00,11.977847420775841,10.665357410931538,8.804102925631792,2.7521952878440494
2023-09-22 18:00:00,0.8121578558436973,3.436394350047351,1.1107246975472203,1.8707387846493828
2023-09-22 19:00:00,3.2171078190147857,4.425692210690927,2.7103286555871575,1.4700197480206705
2023-09-22 20:00:00,3.5713643631813845,2.5714138763132155,3.3184352736550426,0.10158295638896542
2023-09-22 21:00:00,4.84524059769269,3.6962842970967777,3.6071764820082186,1.6153947778976612
2023-09-22 22:00:00,4.342798923240317,4.280019327401025,0.1,1.355806301536735
2023-09-22 23:00:00,3.101403341400901,3.753197989740319,4.014941941072197,4.586760217428434
2023-09-23 00:00:00,1.6884858240936462,2.708904424129505,2.155325184374515,2.149743227848651
2023-09-23 01:00:00,1.698619916887978,0.9675745284398878,3.302851936443132,1.3278710566718055
2023-09-23 02:00:00,3.9772637933554416,4.808856035671484,3.8421574716249283,3.6606840080522094
2023-09-23 03:00:00,2.2103454933252857,2.868977562978042,4.913405702213264,3.455221713685305
2023-09-23 04:00:00,3.690199464466354,0.9534464033947474,3.990110786965008,3.491743289933665
2023-09-23 05:00:00,2.741037176502461,5.302391787604724,3.2576137869171173,2.538246492458531
2023-09-23 06:00:00,3.358473485577769,2.2037661079958215,2.4684153678507412,1.8092854854129679
2023-09-23 07:00:00,5.048707257921021,2.167095722155767,3.3455743145698427,0.7542470762339142
2023-09-23 08:00:00,3.922834669499339,5.222131521510896,2.9256982288413322,5.526337783657585
2023-09-23 09:00:00,3.479710464350385,2.783258607059784,2.7793416122541013,0.1
2023-09-23 10:00:00,0.16716221425617395,3.6710187578280236,6.930810842595445,5.274406200750958
2023-09-23 11:00:00,1.4737457377946253,1.1671686402234203,2.967148053723429,3.7483053961810144
2023-09-23 12:00:00,4.39162870908099,3.2462093117886033,4.49972305887783,1.5011344351044371
2023-09-23 13:00:00,1.915028136113579,3.929665835085829,2.591355989220024,2.351391519245569
2023-09-23 14:00:00,4.837372038812446,4.560215155400321,3.488254064640498,6.578869328092004
2023-09-23 15:00:00,4.28944981097208,0.8097744259589224,2.633439498180265,2.281686189908899
2023-09-23 16:00:00,3.531669733965357,5.0347406970226585,5.95336495010493,2.250604631140332
2023-09-23 17:00:00,3.003692628611983,4.52773554555044,1.6927569930128954,0.5387034347890967
2023-09-23 18:00:00,1.655815539569162,2.6558003742628205,3.233249898152886,2.413230308456471
2023-09-23 19:00:00,1.2222591407703602,4.8225660584261325,1.0840981536703587,4.592807327610535
2023-09-23 20:00:00,2.488376517266394,4.694513492728858,1.6016897054521324,3.338126677390198
2023-09-23 21:00:00,4.657301062740098,3.1223886436872337,0.694722441243202,2.9852590181343386
2023-09-23 22:00:00,3.7759391053509868,2.1479123316290734,3.5692414617603965,2.481197193948381
2023-09-23 23:00:00,6.0141947997542475,3.505923200286186,2.80829839652364,3.5009906656394003
2023-09-24 00:00:00,1.7484375076391754,2.513075909830231,5.504863280806722,0.1
2023-09-24 01:00:00,2.9765148749681822,3.358095147789128,2.797328517773428,3.6079670460273605
2023-09-24 02:00:00,3.343490985348733,3.4971923366037614,5.65330454113761,3.0656902183907873
2023-09-24 03:00:00,3.335620686307529,3.2610744981201836,4.632948874183216,3.0875299865453107
2023-09-24 04:00:00,3.400266711976405,0.6363982497719554,6.398987739175545,3.654372815851777
2023-09-24 05:00:00,2.797293359988144,3.6285403773382177,2.214361331363147,2.3272941898911386
2023-09-24 06:00:00,1.2626007837985327,0.9886604632170548,2.205658568067136,2.177838839253463
2023-09-24 07:00:00,3.6630256710580205,1.6124612833814558,2.537677953706379,1.8249226256616005
2023-09-24 08:00:00,4.319283569252069,3.508951419025872,4.4301834457134985,2.4290802140970946
2023-09-24 09:00:00,3.8210950819242786,2.49447657733818,2.2296582703659227,2.504237119224453
2023-09-24 10:00:00,0.5989496703896515,2.4853547816784403,4.471454512980776,2.7011393307178286
2023-09-24 11:00:00,0.8171293041776111,0.4438666814828802,2.5419497224013603,2.2883938910316584
2023-09-24 12:00:00,4.315425597521925,1.7999595674144522,3.0537880023315167,0.1
2023-09-24 13:00:00,3.550313746940275,2.193795198284027,2.3965098700675744,6.2579142333902205
2023-09-24 14:00:00,3.8405411748250797,4.8318623064980635,3.554400299871952,0.8823234284548325
2023-09-24 15:00:00,0.1,4.111563724139349,4.452480852634818,1.448888440068856
2023-09-24 16:00:00,4.956753459140116,3.374159056769235,2.043217057351463,4.485870749568117
2023-09-24 17:00:00,0.1,2.3102083148383774,3.098763702946194,3.8899471473590976
2023-09-24 18:00:00,4.172778222519501,5.079302659981365,3.975564568400784,2.760457788866324
2023-09-24 19:00:00,0.1,3.3877467105504713,2.643251067841622,1.6397095438909461
2023-09-24 20:00:00,0.8967308491309938,2.4809184827087405,2.7612762601061775,4.1011023388428445
2023-09-24 21:00:00,3.2532167712991367,3.188810622932401,3.558504461460748,1.5463317212278613
2023-09-24 22:00:00,6.3635568378651275,2.2022982444056307,1.7401157214123617,4.807336806414286
2023-09-24 23:00:00,2.669347724527872,2.4507533182029055,2.2623168018102664,1.6063023826567437
2023-09-25 00:00:00,3.844538907348964,4.3152808896429145,2.2512199931842307,3.0244253327419663
2023-09-25 01:00:00,2.35928351290612,2.636603841047063,4.727409952105873,2.6339266209520575
2023-09-25 02:00:00,1.2114104748597874,3.2070265554894837,4.664443512238531,2.301073926199946
2023-09-25 03:00:00,2.769199091177464,2.7623634930094756,4.917069193739936,5.276726853614258
2023-09-25 04:00:00,2.4170741713552535,1.7042349170080868,5.097376658110684,3.4703584329780823
2023-09-25 05:00:00,5.488946434477934,0.1,3.756858323181467,2.7470482219573946
2023-09-25 06:00:00,2.6111821714498484,2.95601650591235,3.940945690984505,0.1
2023-09-25 07:00:00,1.9925667977525383,6.3875020640077205,2.357315705908568,0.9116470383025175
2023-09-25 08:00:00,6.6933769435273245,13.320423766184614,13.779385504639878,5.480770962614393
2023-09-25 09:00:00,8.402961351012433,10.473214363604686,10.54163603108538,5.415428964244012
2023-09-25 10:00:00,9.94352359621512,13.269588345511616,6.3470027819253,11.337348326439956
2023-09-25 11:00:00,11.345885072481908,11.435746430673525,5.133396290725441,8.23432205707916
2023-09-25 12:00:00,10.40873190438299,9.411965539281939,4.733438901522041,9.786970004391986
2023-09-25 13:00:00,9.170426951148421,10.09324362576848,11.375244882018942,8.914380954606662
2023-09-25 14:00:00,9.95845366747816,5.467427540867734,12.755521175003732,10.563573958569098
2023-09-25 15:00:00,9.128945837568207,9.357663412184328,7.472593431449022,2.99639004301205
2023-09-25 16:00:00,11.843444755692156,11.713040351548226,8.61015320174717,4.285415288883237
2023-09-25 17:00:00,8.882470239303977,4.66366866671971,4.719886511498011,6.610935612054927
2023-09-25 18:00:00,2.302633524558572,2.627497912002894,2.04708874545395,3.431969557307745
2023-09-25 19:00:00,2.108453935900968,2.2388420079165243,2.626473623990211,3.2576158597444267
2023-09-25 20:00:00,4.5621261273357225,0.5623214776615826,4.263807904762595,2.698715918138433
2023-09-25 21:00:00,5.38119861362188,0.1,2.354157341294112,2.7224687957368006
2023-09-25 22:00:00,4.679643921232627,4.833023447009241,2.265868327557794,1.8375700615900206
2023-09-25 23:00:00,3.432326721834684,2.9193627631499703,5.493119423566505,0.1
2023-09-26 00:00:00,1.3845888557409887,2.0027904097257716,2.5241339379523122,0.7560062444243583
2023-09-26 01:00:00,1.6613828972540017,1.8668691979608947,3.502778681297251,1.1915525749729494
2023-09-26 02:00:00,4.423087005667873,5.296873802318759,0.33434646871937623,1.5777511032786213
2023-09-26 03:00:00,1.9804007088731195,1.4618312179498907,4.735363959045087,3.828231209379239
2023-09-26 04:00:00,0.1,3.7504080525939876,1.056605097565114,2.243277406565282
2023-09-26 05:00:00,5.767514991343843,1.8230606118450954,0.1,3.7182825199641907
2023-09-26 06:00:00,2.2209363454023068,0.9416300434959552,0.1,3.718857814794923
2023-09-26 07:00:00,0.3776365077024044,2.864577849732509,0.9419947680157716,2.1196343190799807
2023-09-26 08:00:00,11.123001026214922,7.845771823952249,6.160810493218308,14.0792879095229
2023-09-26 09:00:00,10.488299913003367,14.547747976042574,9.26422367785382,13.686858687335867
2023-09-26 10:00:00,7.52071341650667,9.349338540089983,5.839864534852751,9.072939422907487
2023-09-26 11:00:00,0.5906012492129804,13.820963004336017,9.249233624383393,12.242073290761054
2023-09-26 12:00:00,11.247489103015461,10.987874917156642,11.143226415118988,5.8409149090473775
2023-09-26 13:00:00,10.6758498588902,12.248689279844005,13.89709466814542,12.647666158328448
2023-09-26 14:00:00,9.771613253687786,8.116424365382649,10.473762888483089,8.422288028376197
2023-09-26 15:00:00,6.428077299332621,15.382917402104635,12.884011808120688,12.365010876713901
2023-09-26 16:00:00,10.897751625805165,7.641133313482271,14.184479882465824,11.1713384927538
2023-09-26 17:00:00,12.5668543818941,9.786719766350279,10.675219985974218,2.531841529590679
2023-09-26 18:00:00,4.986773683895514,1.6041421397018898,5.145158682607089,5.028657896141095
2023-09-26 19:00:00,3.31882333758038,0.7607513710519025,3.5980367960860393,1.5394631278560245
2023-09-26 20:00:00,2.096440619617466,2.5382923604802117,3.341668171868464,0.1
2023-09-26 21:00:00,3.3884804618059814,3.573532472075737,2.6808956294873374,1.7373512852357182
2023-09-26 22:00:00,3.7360726419807624,4.094011462473391,1.5588473568499726,0.1
2023-09-26 23:00:00,5.924904069207432,4.535274731064847,1.0348538247693746,2.3315416513190397
2023-09-27 00:00:00,1.3244609495867616,4.384948519828278,2.7737435551066634,0.6874286923044823
2023-09-27 01:00:00,3.3916647848100263,3.7413279996805797,2.2208131298928357,1.9692074732673288
2023-09-27 02:00:00,1.0045495180057502,2.6439154252122963,3.997938918331373,3.3965241218445206
2023-09-27 03:00:00,4.203289911923745,4.568670882008522,2.6893731967779653,2.3694948721065616
2023-09-27 04:00:00,0.9821553980806237,2.4267590543465474,3.1455981485282556,4.929880853438827
2023-09-27 05:00:00,3.19612485922827,5.03373276519152,2.215383496077764,0.8592040831445824
2023-09-27 06:00:00,5.762227664820147,3.7996647719079393,3.9773657854144284,4.730217805780341
2023-09-27 07:00:00,2.819167656383547,4.184764201090731,0.1,1.0170622029314083
2023-09-27 08:00:00,8.273844385424358,11.61280430962797,13.056721299328673,10.222389023782643
2023-09-27 09:00:00,12.09478832891011,9.912165953003571,8.740906329558605,8.773830958021398
2023-09-27 10:00:00,8.026990904627985,12.594131930029825,7.303171199410111,6.6663530825629005
2023-09-27 11:00:00,9.10599584079119,8.807931627426406,7.854326754229627,15.112395153107771
2023-09-27 12:00:00,16.789291397232727,5.2027100852253225,11.546143008147396,4.648341919032998
2023-09-27 13:00:00,11.521238025764418,12.974121027559864,8.821286986731348,8.910190411622624
2023-09-27 14:00:00,10.980730688231091,5.2109964730997,9.781676691358728,9.998433366328182
2023-09-27 15:00:00,10.77165064311417,4.849901698298895,7.026317188734103,11.944491646531068
2023-09-27 16:00:00,4.410943316843319,15.265228808222254,9.746973851894134,12.63504343982226
2023-09-27 17:00:00,17.400761502929655,13.2517512782513,11.171109675843127,8.379999292006698
2023-09-27 18:00:00,2.6246345588409965,5.142730802688473,2.368787844099629,3.184796048420908
2023-09-27 19:00:00,1.9423989345428105,1.1566934166072282,2.102318655523368,3.9582061974211262
2023-09-27 20:00:00,3.185996952065736,0.8991175336727832,1.908595647329569,2.460544983730424
2023-09-27 21:00:00,3.0574645579468553,2.569215637112394,1.8419050979649196,2.100118633985871
2023-09-27 22:00:00,2.1063704888129617,1.6057909323852435,3.0360969690248902,3.234972535189814
2023-09-27 23:00:00,3.0043396389040633,3.4440510149226644,3.2831960028157843,1.114951300532386
2023-09-28 00:00:00,1.5575869998451484,3.554162250613894,1.5934497628905633,0.39044306999072065
2023-09-28 01:00:00,1.8950744494540568,2.9711255229457834,1.0661183070781826,1.9662588416275086
2023-09-28 02:00:00,0.37288919671381215,3.035434051482165,0.9370639951605844,2.734961934789318
2023-09-28 03:00:00,4.949279937782049,0.1,4.523682269314242,1.4859294300300392
2023-09-28 04:00:00,3.6770593578275115,3.7826570662869203,3.1021410736301256,1.8196536933286547
2023-09-28 05:00:00,1.5903716657026061,2.0393840587742873,3.9506969289906486,4.314003844466013
2023-09-28 06:00:00,1.2271182286962605,2.967889399798645,1.2244385215652112,2.584674145821656
2023-09-28 07:00:00,3.249027825462558,0.47790987777031946,3.579032838255905,3.117838570738613
2023-09-28 08:00:00,8.965074137063164,13.234060129685956,11.216014619494613,4.766043268137794
2023-09-28 09:00:00,9.273435262193447,11.067477083899057,12.006198350378007,11.754034818507947
2023-09-28 10:00:00,7.9122869738931945,5.78885557441228,5.523648655556061,12.153279964898632
2023-09-28 11:00:00,6.784247061904039,7.147977536669961,9.601772764258692,10.571194556845551
2023-09-28 12:00:00,13.314028296031346,8.690734783001083,9.168779704220436,7.435028439121917
2023-09-28 13:00:00,11.532649671588912,8.029218416321797,12.105190616745892,10.79440919626341
2023-09-28 14:00:00,12.884031212060465,7.545687105983929,7.184012059608255,6.7930144615537
2023-09-28 15:00:00,8.59163317125402,13.173111864746799,15.402535678014186,10.197115205062177
2023-09-28 16:00:00,6.373439704093295,13.414143593333872,11.7829882019912,9.877813975532538
2023-09-28 17:00:00,8.637199725987061,11.035396023986172,14.950152429056107,8.606416654961397
2023-09-28 18:00:00,1.8344541870612763,1.2565400173003174,4.6794693312465645,4.010207403770616
2023-09-28 19:00:00,5.480285619249881,0.7549837825198797,4.136012391947993,3.2990030547161386
2023-09-28 20:00:00,1.3520893255722606,3.659996940567813,1.1393179237390494,2.6920980397116883
2023-09-28 21:00:00,3.727344935483737,1.7567398789601907,2.192704109831703,2.165510683593708
2023-09-28 22:00:00,4.164236021198933,3.8165163460674534,2.532332906781845,3.055479720897105
2023-09-28 23:00:00,3.190112983725995,2.356248649836832,2.669289678912183,2.6416219202637428
2023-09-29 00:00:00,5.90000315998279,1.7847951208384145,3.808292774092048,0.7020799833491722
2023-09-29 01:00:00,4.480167132752145,3.3829073154739393,3.809711287692606,0.6449290339051981
2023-09-29 02:00:00,4.011508729398608,2.732530663871346,4.016683278518313,2.897146178823249
2023-09-29 03:00:00,1.795117210817924,3.3120308785421737,4.2783320646121386,1.9782510082185905
2023-09-29 04:00:00,4.561485891991763,1.6287032946862825,3.070104717253941,3.744481771860281
2023-09-29 05:00:00,3.3812379259464747,3.302632061221368,1.8872298422365863,4.151012420111589
2023-09-29 06:00:00,3.421397666057521,3.4615205770446256,1.497960027663412,0.7775632631241356
2023-09-29 07:00:00,3.6550704902067186,3.6830056645894613,0.5095957285482364,4.767247801924727
2023-09-29 08:00:00,12.640211984803246,10.744608310207076,10.286563206366884,10.414507892370635
2023-09-29 09:00:00,10.130233960867026,5.3441252874363325,12.1809154722228,7.643775181892608
2023-09-29 10:00:00,10.607475497484417,11.072325202081757,10.411411716894927,12.352533268830154
2023-09-29 11:00:00,9.622038763743035,3.804407382210389,3.7761576236159975,6.1828443335782985
2023-09-29 12:00:00,10.820964862498375,0.7730117292354866,11.725590141364684,8.664312864137926
2023-09-29 13:00:00,10.649986971142106,12.311834306777635,15.512477111871497,14.21290716457529
2023-09-29 14:00:00,13.08773967482594,14.585024656710253,4.970951882967942,13.547737107227235
2023-09-29 15:00:00,14.057718215977475,14.840660830418754,6.224479191697115,5.305969893797732
2023-09-29 16:00:00,13.674981005226748,13.466335998972863,13.759869462632928,15.067872235464744
2023-09-29 17:00:00,7.0981531249575145,10.019664638229951,4.333376164614927,10.059482641418628
2023-09-29 18:00:00,3.6853247567518297,2.8202856694589618,2.2541098929734624,3.2211913909470224
2023-09-29 19:00:00,4.106085423614319,2.062414783062956,6.084857490714249,5.5079010597623785
2023-09-29 20:00:00,4.423213721662485,3.194245711080156,3.2481299626763795,3.257569972758439
2023-09-29 21:00:00,5.2776451498529955,2.024854975992637,1.6898901331658478,4.30336216451318
2023-09-29 22:00:00,1.7019919506219279,2.4486637231303434,3.721914000193313,2.2870121126992746
2023-09-29 23:00:00,3.1445377382041872,2.1616967887018674,2.2327174288555227,2.938745201424315
2023-09-30 00:00:00,3.686921492354057,1.9901386532570169,2.4480381909178015,3.885658857271854
2023-09-30 01:00:00,3.223350038944698,4.0330050541689815,1.5527118375181463,3.6671275523964093
2023-09-30 02:00:00,2.3542279857050943,4.249851192701845,0.633262392325014,2.6112906792995587
2023-09-30 03:00:00,1.954015517166402,1.7571865135579299,4.545915575947533,1.780507060549485
2023-09-30 04:00:00,5.335239766926469,3.6093313351537235,2.895728871041925,4.974252206150851
2023-09-30 05:00:00,1.612104970970987,4.864560178967478,4.224636090540727,1.4639314252444846
2023-09-30 06:00:00,1.860861093307614,4.003641427787326,5.5119780028874175,2.741401723783168
2023-09-30 07:00:00,4.657299976708499,0.1,2.8822441348866397,2.565626994234398
2023-09-30 08:00:00,2.4876598722856142,4.073261610294744,2.0672378172576176,4.074294564331188
2023-09-30 09:00:00,2.5901413829877216,2.4737171381210397,3.5670358116518908,1.025230952941511
2023-09-30 10:00:00,3.43000667811949,1.9407430016748668,3.0216126330341755,5.157897896388036
2023-09-30 11:00:00,2.868445096018997,3.136957040670839,3.6678029011208646,3.9467593147835904
2023-09-30 12:00:00,1.9218737988491768,4.973944129856514,3.988882954966739,4.713959606844328
2023-09-30 13:00:00,5.99327202658348,2.817326935231022,6.561599236886808,2.883184755003083
2023-09-30 14:00:00,2.3249049535731734,0.21538327789553424,3.592882095606431,4.54855125345627
2023-09-30 15:00:00,2.5228250081187547,0.8668681498393243,2.8737968616316154,3.644349716404295
2023-09-30 16:00:00,1.5644649992386173,2.755274459526057,2.9566273903401132,1.9777162195614744
2023-09-30 17:00:00,3.5986641987631316,1.2884863674940275,3.0349379103298126,1.51285272075989
2023-09-30 18:00:00,5.407763013160663,3.8265271564451946,5.307840412866597,5.516457344501711
2023-09-30 19:00:00,2.6747445689674487,1.0472365466977467,3.4411962761591535,1.94182113607832
2023-09-30 20:00:00,5.403425828472475,5.591726695493179,2.644914657242689,1.4997392727485899
2023-09-30 21:00:00,4.331003617473985,1.358834461678652,3.58784658980929,3.8892656460223094
2023-09-30 22:00:00,1.8135912726870815,4.320193937345175,5.7335456015390545,0.7698032045976677
2023-09-30 23:00:00,2.8860302951916443,3.5922767711863,1.306575370501164,3.0098431059744786
2023-10-01 00:00:00,4.266655451191845,2.723424905183084,1.1684813955524551,0.2107889522764852
2023-10-01 01:00:00,2.079962458605724,2.162841452157381,3.2379436129501347,3.46107489012258
2023-10-01 02:00:00,1.0403479377773341,3.8615960896889523,1.7222090547680144,3.4179413175292175
2023-10-01 03:00:00,3.280173114167558,4.387310769310217,5.92270057893694,4.161704087470363
2023-10-01 04:00:00,3.550505476877093,4.874111359058212,3.9969981355019204,1.5548400526097594
2023-10-01 05:00:00,1.5276607048371513,0.9730327116897768,0.1,2.1610258718856032
2023-10-01 06:00:00,1.9085643632522309,2.37558973192946,0.4095174142044975,4.084948153555124
2023-10-01 07:00:00,4.295789020163966,4.383112254714087,4.0401382554244805,1.644023095799528
2023-10-01 08:00:00,3.1483039388546294,1.7550315129815144,4.516993731439107,4.844892286424025
2023-10-01 09:00:00,4.662699320008433,3.1814582913692457,3.3773901686161603,4.637377731222067
2023-10-01 10:00:00,3.6182512166093215,3.3235419333293086,4.0402551500099655,0.5895129705621196
2023-10-01 11:00:00,4.638365273334321,3.6084705272975683,1.275525581664135,5.408487495174834
2023-10-01 12:00:00,0.20740053979867268,2.6525594346803816,2.141377805691433,4.0659723033634325
2023-10-01 13:00:00,2.997541989465545,3.0006541127260906,0.1,1.7176889748687165
2023-10-01 14:00:00,0.1,0.9067848705878863,3.013996916299656,3.3701810863873285
2023-10-01 15:00:00,5.046476520040684,3.873819818386076,2.190599841882979,3.06831971182331
2023-10-01 16:00:00,2.7526514936862005,4.537679420499167,1.5779459827672258,5.780872219001149
2023-10-01 17:00:00,5.195540265129209,3.56076188772042,3.3441792721574037,2.635497486370625
2023-10-01 18:00:00,1.793121489527599,5.229891430851394,3.3368656829269265,4.875784302656163
2023-10-01 19:00:00,4.561248064182833,3.4484845858417037,3.758317433586631,3.342608024404921
2023-10-01 20:00:00,4.77553778652716,3.701107548589554,0.6600609939106699,2.1894861555525074
2023-10-01 21:00:00,4.280803615131068,5.208082697708157,1.883221055370328,2.8391917393713677
2023-10-01 22:00:00,4.584233519302719,1.7061843565026202,4.579655783934616,4.323315988683114
2023-10-01 23:00:00,3.927981869490079,3.671378391309246,1.1438787037864278,3.8983204255717814
2023-10-02 00:00:00,5.008050893037428,5.715654967249405,1.9954214544077467,3.0421440103030526
2023-10-02 01:00:00,0.516370903600182,3.965426148143838,3.3681463210541454,2.346128797401467
2023-10-02 02:00:00,1.844117352040211,4.222329432270863,3.9478358824842497,2.628935575185988
2023-10-02 03:00:00,2.158998459973068,3.0902469752382227,3.3782634157723415,0.1
2023-10-02 04:00:00,3.1898124528543144,4.114453787326541,4.952852641082073,1.6382554316588123
2023-10-02 05:00:00,2.662536750326896,4.409509722214351,1.7418029450793222,0.9920978939472151
2023-10-02 06:00:00,1.438234834242477,1.6769576860265956,3.2344953014190128,5.801731436525525
2023-10-02 07:00:00,2.7638788701391777,2.948868083141132,2.386875729430616,4.418506274786977
2023-10-02 08:00:00,9.206877897237561,9.37539825933937,13.217045359358611,8.94541574663735
2023-10-02 09:00:00,10.033760000614851,6.448393431495422,8.798718069278596,7.81618573538934
2023-10-02 10:00:00,13.440319073038745,11.365893212395948,11.154323377797803,10.092566752323789
2023-10-02 11:00:00,14.701475108570605,6.758557120286666,8.955611295408358,12.236323039783983
2023-10-02 12:00:00,7.525001108568461,11.13300890644173,10.99424322834465,5.658581298392213
2023-10-02 13:00:00,6.91035669935321,9.868585929361666,9.471423982559141,10.225205282163174
2023-10-02 14:00:00,9.539365094352066,10.87674385542606,15.412980526341855,7.280122435688816
2023-10-02 15:00:00,8.278323491522025,7.423003800334648,5.684279781814066,12.202380087405077
2023-10-02 16:00:00,7.06684734276508,11.587384110500388,6.616439797441116,12.734065828554591
2023-10-02 17:00:00,10.095881351806149,10.987355086139406,9.02887935501296,11.863365425705206
2023-10-02 18:00:00,2.8124623623031657,2.245251175156508,0.1,2.536250336422288
2023-10-02 19:00:00,2.436454932130695,2.496732079049009,4.202535085576844,2.298279834350208
2023-10-02 20:00:00,3.8567209029574236,2.639623028472476,3.8765210993691364,2.032384858223488
2023-10-02 21:00:00,2.4755686001863566,1.5385578030373752,2.8004540053000024,3.8081294296054216
2023-10-02 22:00:00,4.42133927372422,1.791567485427726,2.6705139373602886,2.849687178998677
2023-10-02 23:00:00,4.911697285065847,4.0587861768652225,3.247978669270303,1.414640505093464
2023-10-03 00:00:00,0.3714892091790656,2.5877632280454814,3.0190267091105465,3.058850042982583
2023-10-03 01:00:00,5.782172447858837,2.069679363585707,0.1,3.596300460729919
2023-10-03 02:00:00,2.7561031612592535,1.6721994478222715,0.5234941653758876,2.973174040330289
2023-10-03 03:00:00,2.37379229873741,3.308306728669502,2.7062376586912738,6.741858913981241
2023-10-03 04:00:00,3.933319745389303,0.1,1.5457302139096742,4.629200580796277
2023-10-03 05:00:00,3.0420781338494978,3.720252986449659,0.11822249265100027,4.329937205631949
2023-10-03 06:00:00,4.795164437369164,1.193818230757595,2.2082013472800526,2.2836003965022176
2023-10-03 07:00:00,1.1701161782191247,4.279314243526063,0.9140571353609719,0.866446412705645
2023-10-03 08:00:00,8.349987623026832,11.388642867209064,7.387014374508432,9.458810161790664
2023-10-03 09:00:00,9.846619908961422,9.512275364243637,8.281148402487457,7.5496870481239196
2023-10-03 10:00:00,11.503269966979397,5.164901246440714,13.921016929121379,4.450064195602081
2023-10-03 11:00:00,5.744079676867001,6.873483010194496,8.19934697525194,10.459511848015646
2023-10-03 12:00:00,6.576423628661284,8.75826735259462,11.471058775985862,10.125756072213973
2023-10-03 13:00:00,7.514191913390601,8.673145455708607,12.266818733874215,4.8757372610182035
2023-10-03 14:00:00,12.236845843617289,6.3151109946967185,13.942839884962947,8.165959479108203
2023-10-03 15:00:00,5.168644977748228,8.194262210438547,14.067016475984147,9.459597735635697
2023-10-03 16:00:00,9.70185923618785,7.9787198152441015,4.756930643065806,10.042109331761377
2023-10-03 17:00:00,8.422253146498155,10.731329323756851,10.417766808906125,6.200843636664051
2023-10-03 18:00:00,4.74967423657756,3.9056935187648953,2.925110647133697,3.084713297572938
2023-10-03 19:00:00,0.1,3.505836720113669,2.8204701581667693,5.411678047711334
2023-10-03 20:00:00,3.9826562894940514,2.563258110332345,4.326650475965712,1.2330692153971006
2023-10-03 21:00:00,4.144659266348905,3.969186213109259,3.26171382189937,3.8554983840658954
2023-10-03 22:00:00,3.179766607426206,2.349305967392837,2.80329957359119,1.9389843054964793
2023-10-03 23:00:00,4.860708560028595,0.7702016061664363,2.528493719221694,6.685406482751453
2023-10-04 00:00:00,3.274925961245465,4.399818287255409,0.1,4.005474945946169
2023-10-04 01:00:00,2.0000680407175753,2.959934357362062,2.7736160896522097,2.8105879918585686
2023-10-04 02:00:00,4.857467653074902,1.591151006063081,0.4925674249750447,7.197515669783374
2023-10-04 03:00:00,3.2455630318670265,0.2022428299969743,3.8243073275852915,0.5438225703399819
2023-10-04 04:00:00,2.1020664605733894,2.7031878058205034,1.2029986915944642,2.7521104059330805
2023-10-04 05:00:00,3.7360515314482625,3.3609247953797925,3.446689712659199,5.282200389763002
2023-10-04 06:00:00,4.543893016857583,4.66470935563489,0.6900647464542904,4.126171607938524
2023-10-04 07:00:00,4.097454250357666,3.033853316488366,0.1,2.8019284329415233
2023-10-04 08:00:00,18.844046897780615,14.21922884321616,9.233457314886717,10.211744690575134
2023-10-04 09:00:00,10.423840402538392,11.197267849704527,6.97842756381258,7.724789503173331
2023-10-04 10:00:00,10.020904223553629,13.21238911919435,6.686427084159535,9.926871709264603
2023-10-04 11:00:00,8.544020616998134,8.95084245276551,10.365150780163747,10.72095960499842
2023-10-04 12:00:00,13.481273965709397,8.677052178954638,11.641197214011397,7.453472277350146
2023-10-04 13:00:00,9.502668389608507,14.099520406707658,5.672697930174426,10.839223145956213
2023-10-04 14:00:00,10.6526914656108,6.358586612822616,9.30242965682342,8.617823605547722
2023-10-04 15:00:00,5.213157894095409,13.58008452850513,11.733874641888526,8.212576004494904
2023-10-04 16:00:00,14.383675985290655,15.573399489609885,5.5868379523316865,7.805009090124891
2023-10-04 17:00:00,9.33788560823793,8.978563643586547,10.979873172887945,12.311442506559079
2023-10-04 18:00:00,3.758523056576367,2.7600630888682205,4.9052052477494925,4.115163697511102
2023-10-04 19:00:00,3.5534338827837155,5.118387185193751,3.4313787366109088,1.0540582216998384
2023-10-04 20:00:00,3.204597541902885,2.5571470736430166,1.8687166963173032,3.0430932873873577
2023-10-04 21:00:00,1.8358961324916492,3.0413322981111213,0.1,4.078280985531987
2023-10-04 22:00:00,5.126618901033488,1.3779240628214313,3.58782989238391,3.1313363625434087
2023-10-04 23:00:00,1.3577305166744136,3.3111805725505663,4.8174030273138175,2.8073528404487185
2023-10-05 00:00:00,5.170567080208075,4.639699203750967,4.090579124706931,3.3767115271700794
2023-10-05 01:00:00,1.8144045292854383,2.2792869245703584,1.7290143480970146,1.7071689577696803
2023-10-05 02:00:00,3.354569914940712,3.643990687138619,0.1,0.3314087342776961
2023-10-05 03:00:00,2.6257188793271635,2.699488757358629,4.52344570136143,3.4613803454977266
2023-10-05 04:00:00,3.0850783324971602,6.627015488958874,2.0789251794512458,3.5310525908217585
2023-10-05 05:00:00,2.557944003539265,3.9433425442105894,2.8046445742246844,2.9109169753908604
2023-10-05 06:00:00,5.117780043002762,3.0577009236131385,3.2515394945356406,2.952018927212828
2023-10-05 07:00:00,4.129330802093017,4.112549983545027,2.7762221730639887,1.1403262416432427
2023-10-05 08:00:00,10.576408106874233,12.833186540824675,7.776176917468189,13.461019196719072
2023-10-05 09:00:00,9.836314535606855,10.063842223144942,12.040360125117639,5.281327983370652
2023-10-05 10:00:00,6.83273767961977,7.486390023019911,9.249172561889505,14.262685546111705
2023-10-05 11:00:00,8.830488471803521,7.578562260091852,12.79775645663085,11.097119194514093
2023-10-05 12:00:00,14.395796205404478,11.221090490200924,14.054376804755448,10.00409992769362
2023-10-05 13:00:00,10.340786447987364,9.71099322866162,9.812455126353168,7.919030197942739
2023-10-05 14:00:00,11.217095864498926,8.513611212187623,10.222552564965268,7.704823928543416
2023-10-05 15:00:00,15.764144806595112,8.660634668872472,7.259014901142684,13.755293972480585
2023-10-05 16:00:00,13.879773303082784,6.879324505248475,10.409116388373036,17.3648108133994
2023-10-05 17:00:00,7.132339898247619,10.128314183820775,12.503421720400347,7.272410474973486
2023-10-05 18:00:00,6.62598250552746,2.8459372898254047,0.4943018647797035,5.705983330094471
2023-10-05 19:00:00,2.471320305966251,2.630166214716482,1.8168912208787478,3.4850124416636836
2023-10-05 20:00:00,4.930269588375571,2.239629976982709,3.8328061910928675,0.7157184250272448
2023-10-05 21:00:00,1.9540241187519247,2.457638624849926,2.2470112246800893,5.053832114334204
2023-10-05 22:00:00,3.3531048898883307,1.7632850514008842,2.5037506780904755,2.793555638335501
2023-10-05 23:00:00,2.1366273533756472,4.428309939647886,3.3648128142261484,3.420801724182534
2023-10-06 00:00:00,2.770134905315904,3.246808313375844,6.505028369749517,3.367421318738853
2023-10-06 01:00:00,1.567692399556178,3.0152116970691534,1.8653554199572908,3.241372763554761
2023-10-06 02:00:00,1.976882405241997,3.502517888241305,3.8755958479826553,2.511634328354709
2023-10-06 03:00:00,0.1,4.194048467977032,2.5849801921256144,5.232911995182262
2023-10-06 04:00:00,3.7372381632941334,3.4657724504928256,3.9759922168238497,2.544728942345468
2023-10-06 05:00:00,2.1044262623527077,1.216858664922499,4.348481740475516,2.841540795565334
2023-10-06 06:00:00,3.1885539854064353,1.3406495553131395,3.0592285448476026,3.8786442004264154
2023-10-06 07:00:00,1.5746547462448306,4.068725723687775,2.268507465217729,2.5345152743996024
2023-10-06 08:00:00,9.14402544501164,10.311819870226342,7.541511332452446,13.589293951710623
2023-10-06 09:00:00,8.875600079643801,14.686721475305244,13.019892062723727,5.180543033958044
2023-10-06 10:00:00,10.939432777550879,12.594174083403214,3.9168067518813974,10.642669789553356
2023-10-06 11:00:00,4.452068508283949,9.685198471880375,10.864600407895608,8.628661190725943
2023-10-06 12:00:00,11.81025652243423,14.999767614287501,13.443553983346899,8.268252995582092
2023-10-06 13:00:00,9.602966393407272,7.168016889492622,10.89726121466548,3.985512464232352
2023-10-06 14:00:00,10.762594310873396,11.564842044303035,16.429047220892762,11.378580503856785
2023-10-06 15:00:00,7.626292296817962,12.148509698901268,4.970349869201591,11.471843245292302
2023-10-06 16:00:00,11.261240490147394,6.811989209802952,9.64751027385078,13.3415079424509
2023-10-06 17:00:00,11.303261936328969,6.609261724851168,10.987086292282271,6.529067476820911
2023-10-06 18:00:00,5.029496619359026,5.1308824638499875,5.044461051282248,0.1
2023-10-06 19:00:00,4.014589846455149,1.827143548977624,2.730400657784204,1.897589149382049
2023-10-06 20:00:00,6.563986314556041,6.561463621223359,3.734074271399185,4.45113676096785
2023-10-06 21:00:00,0.10691817362855938,1.5900679107503501,2.1973541459446184,0.8393963070301051
2023-10-06 22:00:00,4.578682787760769,3.029004438611471,3.4854905908611586,2.0408909108452296
2023-10-06 23:00:00,2.7832280380993826,3.352240587798809,2.512970030873284,3.5735693730242244
2023-10-07 00:00:00,4.88038049770824,5.7386296887156245,1.8156550256959878,1.1413214360080748
2023-10-07 01:00:00,1.9433150389785088,1.4763358894518896,0.8897187953269157,3.540388968716096
2023-10-07 02:00:00,6.108204547966862,5.95377741836427,3.4759854938157866,3.6064602111815387
2023-10-07 03:00:00,2.3825375270485085,2.9860016892558425,5.916760191631588,4.931212327098784
2023-10-07 04:00:00,1.4748702111920826,4.0965641959623955,1.7900658229556308,1.3364191297008698
2023-10-07 05:00:00,5.11337829505865,3.792276358413191,2.989502663357989,3.5462995993044175
2023-10-07 06:00:00,2.8277581866523223,1.3902969690410973,5.304119988840267,3.314824642478113
2023-10-07 07:00:00,2.0830164572281813,3.1897926430391483,0.10881177430934841,3.449898984576696
2023-10-07 08:00:00,5.570965180085007,1.673680587670614,3.4258400487755107,2.653997403805489
2023-10-07 09:00:00,2.288771043598371,2.729182422442362,5.7819742647019545,1.3267192706010582
2023-10-07 10:00:00,3.55862290104675,2.470107154257878,5.087724929685255,1.0594739375824591
2023-10-07 11:00:00,1.6583351347146749,2.4650983556487738,4.3583835445730585,3.3311747670268055
2023-10-07 12:00:00,3.0425542299310564,1.5650762136742646,2.008124936430555,1.8900302752241134
2023-10-07 13:00:00,5.949559434535687,1.686195972658497,5.686408102908429,1.731421102743377
2023-10-07 14:00:00,1.1033251434701095,0.6561893974870818,4.023936839234125,3.936166665273774
2023-10-07 15:00:00,4.759183819081347,2.5113609162791137,3.608310511904153,2.162412921423643
2023-10-07 16:00:00,5.816176942586892,0.5190688309913902,1.7960802914629184,1.170486832539754
2023-10-07 17:00:00,3.3104171194888377,1.6617254248374844,3.8188079135314537,2.026834777327303
2023-10-07 18:00:00,4.5798969460036565,2.706834660169176,2.727714729376488,4.709567496278191
2023-10-07 19:00:00,4.547021519151684,3.7983577108794635,3.942269459170959,7.651709971115912
2023-10-07 20:00:00,3.689539275011784,2.9842445615739672,2.8335827999405643,0.5134386812403351
2023-10-07 21:00:00,4.541923508110202,2.9021325793779296,1.6258088210612895,4.297847208084947
2023-10-07 22:00:00,0.1,3.493544188297469,1.688695238369723,4.116813759991301
2023-10-07 23:00:00,4.132848395710733,2.586749114573358,2.034542941583718,3.9664256734153245
2023-10-08 00:00:00,7.504005647105702,5.712233081943186,3.0132228682903657,3.017541657307606
2023-10-08 01:00:00,4.212330101484895,4.938579360079985,3.4395870793030863,2.5824245392055913
2023-10-08 02:00:00,4.000571627150163,2.867995912815648,2.5056127140524445,4.579888322082594
2023-10-08 03:00:00,2.79391591129498,4.02726853336242,0.332094592682739,4.44743785131703
2023-10-08 04:00:00,3.663884152604383,2.748188321365026,3.8140112083432864,2.3723365183504783
2023-10-08 05:00:00,5.016271172541272,2.6645354316709255,0.33558234670761555,5.533600919240772
2023-10-08 06:00:00,4.8460225540510615,5.796480965294175,4.636065033451878,3.1740167671441495
2023-10-08 07:00:00,3.41322268617104,2.5991907468957502,0.6969098594657748,0.8317976230590332
2023-10-08 08:00:00,0.1,4.061268873527171,2.4311557866359084,3.799787679224537
2023-10-08 09:00:00,3.2369311147453934,1.7206190796377627,4.645278167084028,2.5077423904317238
2023-10-08 10:00:00,3.5349686101862328,1.0922125644205196,3.125860109147397,3.119310073473245
2023-10-08 11:00:00,3.4593727910533154,5.942612173449671,1.1618519484157237,2.369028625645204
2023-10-08 12:00:00,3.389818796139993,1.863361934585913,1.3869007871111854,5.789204295611805
2023-10-08 13:00:00,2.670099579526221,5.425370686917267,1.9251410013370358,3.4211525548229114
2023-10-08 14:00:00,3.4763248068376225,2.0633542924373063,0.24087428304506453,3.6500242639405815
2023-10-08 15:00:00,1.589929415946357,4.106723512161174,4.26384452602985,4.112098035803729
2023-10-08 16:00:00,2.242683246661831,2.367199539366304,2.107305694093941,3.7328034842196463
2023-10-08 17:00:00,3.560510462173482,0.7619433419242867,1.6272949275179887,5.127157846173652
2023-10-08 18:00:00,4.88326315446587,0.48970431246892554,2.2836510271627186,4.062311675172961
2023-10-08 19:00:00,2.2210802388835895,1.1519339288217294,0.7726241593609751,2.669726006096284
2023-10-08 20:00:00,2.7963527600550195,3.770071298430227,3.1171820822593497,1.8981535879961822
2023-10-08 21:00:00,2.3200978255456732,3.7491357503405593,3.8349263348481686,0.8967761390990665
2023-10-08 22:00:00,4.38181191115945,1.8730187295660392,5.05312482159065,1.986505871226192
2023-10-08 23:00:00,4.971408821818853,0.46121927785073513,1.8688575049803866,2.9784623937437797
2023-10-09 00:00:00,2.4031744175689456,2.445197410716555,0.4919779317854225,6.127334987699051
2023-10-09 01:00:00,3.884962019577044,3.1514058665223144,4.4841762905269915,3.6922751688483677
2023-10-09 02:00:00,3.340137179879808,0.13323137742716273,3.932678647336993,2.693272444507942
2023-10-09 03:00:00,5.703108420503034,1.8853937929561044,1.8159240605761644,5.176660220337872
2023-10-09 04:00:00,2.9758073130136133,5.556381187549856,4.8825093708394,2.140413248108292
2023-10-09 05:00:00,1.485056460048937,2.7264930093066737,3.952334123394505,2.186954416394525
2023-10-09 06:00:00,2.3903622690035498,4.196730365097157,3.3933456116938827,4.324161741990622
2023-10-09 07:00:00,0.5778290693641588,2.304747771328766,1.1247150521557856,2.475415181930507
2023-10-09 08:00:00,10.580725191463387,7.49624788092138,9.832449937026972,7.1948423323536375
2023-10-09 09:00:00,12.292873623560084,7.2342509045527965,12.755178342385168,7.13440477213986
2023-10-09 10:00:00,12.898711741893901,12.804034116288689,10.735308427255381,12.377699522241368
2023-10-09 11:00:00,11.532609598627543,13.43740946099202,6.362519772250993,9.917376632467192
2023-10-09 12:00:00,8.635284667939205,11.569184120029027,15.005499074672542,10.24032643147988
2023-10-09 13:00:00,11.967217629869928,5.615374613818531,11.965889988053718,3.401340159055751
2023-10-09 14:00:00,14.594623307646597,11.56482348384003,10.846501713939137,8.225806102997694
2023-10-09 15:00:00,13.750710251028112,13.642239042776309,11.445175377547203,6.22406430155784
2023-10-09 16:00:00,9.895174950390198,11.307637952097433,11.428307875237586,12.098414476700238
2023-10-09 17:00:00,7.049079292595276,13.236464197094907,7.522793799843111,10.29486978637554
2023-10-09 18:00:00,4.286919275065926,0.5748081589500615,3.4850352703084173,1.3356810869818343
2023-10-09 19:00:00,3.3548141375518257,3.011016060087056,2.146687026753754,0.6021485511166871
2023-10-09 20:00:00,4.045105342967261,4.441587572888079,2.3472986381139376,3.2441056509032347
2023-10-09 21:00:00,2.3197092547393883,2.067366785327331,1.6586643223368676,2.856591089476702
2023-10-09 22:00:00,1.3677087063664954,0.4709014130425633,2.270131518180931,5.79406257686702
2023-10-09 23:00:00,2.8744665506454794,3.2216481982541714,2.950005467897906,5.732528585787337
2023-10-10 00:00:00,3.6472291474868626,4.692044478571605,3.703939085700862,1.8129931490967852
2023-10-10 01:00:00,1.3638670253317864,1.7203608944909028,4.164008487312668,3.2012502439959913
2023-10-10 02:00:00,4.836292901247115,1.5869194794148405,3.4592481840416442,4.193014229314485
2023-10-10 03:00:00,6.151379601548223,2.4522453947080196,4.386597278993893,2.372978154078463
2023-10-10 04:00:00,2.430794299214752,3.1084755837592195,6.287089184864516,3.583320716814267
2023-10-10 05:00:00,3.5823242367602575,3.1544816967082925,4.139141908923774,6.715021378530873
2023-10-10 06:00:00,6.001902350259105,1.2213489149533823,2.0314466401412483,1.894961655806597
2023-10-10 07:00:00,0.3158887542281512,2.384658770795859,4.5103597980661885,0.7931537338415993
2023-10-10 08:00:00,9.464095366806408,10.045809271946542,11.904034433156781,11.470859336102016
2023-10-10 09:00:00,12.959584098352133,9.49354170995251,15.115814223720204,10.673579284200892
2023-10-10 10:00:00,9.9215227220625,12.914313362087238,13.950099063133479,10.089221218708484
2023-10-10 11:00:00,10.494154988770871,9.997851971234187,7.065689296995489,6.913241160907105
2023-10-10 12:00:00,13.005936862226285,10.73342386690223,8.378617656272175,10.233938503005033
2023-10-10 13:00:00,7.801766756478462,11.433901658255866,6.939545854318535,6.656354952780613
2023-10-10 14:00:00,10.181519418470447,11.876681223110802,4.545350989101866,8.855820029154224
2023-10-10 15:00:00,13.47782907574047,6.7157557958743705,11.87722032414555,6.69409665307423
2023-10-10 16:00:00,9.317667058950622,9.543498726418754,6.25696484952052,2.4671721012669927
2023-10-10 17:00:00,2.825962391870249,10.283240790799686,13.224504912325683,9.38778988023983
2023-10-10 18:00:00,3.196687807290119,0.6531281020768351,5.885001965505861,3.021182026964061
2023-10-10 19:00:00,4.851163397283672,2.2661767295053314,6.361337884723952,2.155117590638445
2023-10-10 20:00:00,3.183105737996877,3.780388115177484,1.3606288750114968,4.6959593705563085
2023-10-10 21:00:00,3.3294376604583884,4.604791837429513,3.5237138347162436,1.1645526217321
2023-10-10 22:00:00,4.7713807457829525,3.5177968739399863,3.2187259120856693,2.6159992291876657
2023-10-10 23:00:00,3.4404680079522123,1.124690799122542,4.781648713341995,1.2482792728784857
2023-10-11 00:00:00,2.5375546308548254,2.767898047320789,3.999406199853593,2.943880059531458
2023-10-11 01:00:00,0.1,3.0190736639640634,4.33138351714878,3.1294903666122433
2023-10-11 02:00:00,3.6779283776336897,1.8643881414270649,3.3424476206307436,3.2339491462371113
2023-10-11 03:00:00,3.878579171962221,3.8912001618703576,2.336739045989472,5.781834819947031
2023-10-11 04:00:00,1.9039968035569206,1.9605476667243602,2.167075946965209,3.5527735639227167
2023-10-11 05:00:00,4.046908171019764,4.364599415095078,1.8095604471188667,2.774320487510782
2023-10-11 06:00:00,2.5402912106097135,1.1509759121263854,1.7327725109897605,3.1755955513555816
2023-10-11 07:00:00,5.781856299736363,1.786883047354646,0.8240812441210186,2.7947798327945828
2023-10-11 08:00:00,13.79601124169362,7.755077579393192,10.33489524992291,8.8472487097737
2023-10-11 09:00:00,12.391241800065965,11.067647069608881,7.531726704498544,10.05673873052547
2023-10-11 10:00:00,11.418729737996975,10.155378671856653,10.092150639275475,7.7261918754251155
2023-10-11 11:00:00,10.481588325747465,8.493502425363166,7.952433136950886,9.737494930726319
2023-10-11 12:00:00,12.85531945127538,14.39721241212974,8.28518286837331,11.070596879377893
2023-10-11 13:00:00,10.631249184208173,8.49506879544842,10.688328669578405,10.25076340407098
2023-10-11 14:00:00,15.162944270010867,13.541238278538508,15.218526157100705,10.488830142249837
2023-10-11 15:00:00,9.631732879780706,12.535877755503476,10.229689412723465,13.396604953934602
2023-10-11 16:00:00,10.721365130351831,12.203175786289513,10.058456352100993,9.50452167390767
2023-10-11 17:00:00,7.996600243803661,8.443569147897351,15.07343018372356,11.075628419851869
2023-10-11 18:00:00,2.52332843941867,5.610400098777753,5.267463407585777,4.074784551974609
2023-10-11 19:00:00,4.476928754174998,2.53579392863072,2.0837483444804574,2.6210846623378012
2023-10-11 20:00:00,1.0192109101825273,5.323363561924624,1.7482446670404088,3.9832720114983164
2023-10-11 21:00:00,3.2655194202334017,4.355881047255291,5.460178407095418,2.850144221806862
2023-10-11 22:00:00,2.2742476154957574,4.036700601778808,3.1402566801866345,3.4084130999734077
2023-10-11 23:00:00,2.556817051997911,4.9673371526943875,5.963885911492351,3.5533492442445707
2023-10-12 00:00:00,2.6361212628090405,0.1,1.8812563600806722,3.3410539268624926
2023-10-12 01:00:00,2.8897735083748413,1.8236248067426533,3.823929634280596,4.11337549053801
2023-10-12 02:00:00,0.1,3.4946594456332845,4.459090752127217,1.7299151334673746
2023-10-12 03:00:00,2.55004002524492,5.989329844081777,1.7992872817014487,2.0006810651393216
2023-10-12 04:00:00,3.7210479546175836,3.648424561679853,5.600122930567315,5.2520771740107275
2023-10-12 05:00:00,4.175639907129952,2.452608441190832,3.4379488540398646,4.383246830885107
2023-10-12 06:00:00,0.7927779065030047,3.638602132623353,3.574753641569816,2.4667453268164192
2023-10-12 07:00:00,3.1924633956362336,5.062314552994987,4.182087670055548,2.7724059519350512
2023-10-12 08:00:00,6.482093306764094,7.123207290100232,11.670357553176807,13.46461141588871
2023-10-12 09:00:00,10.006865001812374,8.245094945843256,8.640025799385358,11.538690216036354
2023-10-12 10:00:00,5.570539266903505,6.304740974406026,10.835734216135535,11.518673177053453
2023-10-12 11:00:00,12.169392929879853,14.703572150130626,9.071463405782989,7.946787905154633
2023-10-12 12:00:00,11.860641600856475,10.98742338423757,12.204161405239768,1.476753294105098
2023-10-12 13:00:00,8.197656022581926,11.872125077768949,10.304622286614874,5.272662180673171
2023-10-12 14:00:00,7.466270442188224,6.948540494771666,13.482419175352431,13.11136823729121
2023-10-12 15:00:00,8.766254709297042,12.168276154196494,8.104800604223815,14.589406249993619
2023-10-12 16:00:00,6.225523549863026,7.861965043583366,8.082761785470842,12.738065705577828
2023-10-12 17:00:00,17.396405833905987,10.983461881756142,10.472253146727605,11.973917044588537
2023-10-12 18:00:00,1.8496926713829471,1.9642126123160997,3.8255175224507285,2.2789698292291165
2023-10-12 19:00:00,3.3298500989001285,1.4082596438702948,4.0519991935914454,2.345957934387328
2023-10-12 20:00:00,3.450093474221395,5.94567295454169,2.167512086212157,4.256361765683649
2023-10-12 21:00:00,2.302979065808887,0.1,1.9877635039026835,2.934386241137559
2023-10-12 22:00:00,3.5190201941633874,3.5695512408667445,4.100854224368684,3.6325821842186725
2023-10-12 23:00:00,0.1740944665649562,1.8193563431043223,3.2389462326470264,3.4417693290772617
2023-10-13 00:00:00,3.993123608307542,5.929303298852144,2.748133563169106,1.8211032284642639
2023-10-13 01:00:00,1.9174788669037282,4.322199867627352,4.64071105162906,2.7907263061022998
2023-10-13 02:00:00,6.170675530965925,2.6817096211477462,2.876615611364598,4.530246443713364
2023-10-13 03:00:00,4.1464764136087435,4.2945527649535915,2.2109673605178557,3.341430185998355
2023-10-13 04:00:00,4.230396465851655,0.1,3.8115406106166025,5.408843612385297
2023-10-13 05:00:00,2.7383950201899525,5.346439732139151,3.1117597973230358,3.798311878035876
2023-10-13 06:00:00,2.3281925530822996,2.835043513028171,1.5077038941748824,3.0574196710777133
2023-10-13 07:00:00,2.732760966351985,1.6562771352997974,3.231146248960254,2.858037634750634
2023-10-13 08:00:00,8.975669384927766,8.153299721631749,3.2566509010918248,7.046737700073895
2023-10-13 09:00:00,6.6685001580430505,1.3909767773190929,11.335049589024457,15.07389292180548
2023-10-13 10:00:00,8.91413112190018,9.273762891304717,14.250687148267264,16.305115078553232
2023-10-13 11:00:00,6.061312908996782,6.614538979608919,7.405733451221625,15.062465975806413
2023-10-13 12:00:00,7.618325036266384,13.370835179250562,9.910286356580448,10.557232270097662
2023-10-13 13:00:00,12.259529009745892,16.734460302139617,14.044104797276447,11.12326604268686
2023-10-13 14:00:00,13.879653078287436,7.324126328474623,10.8940076588387,6.044975581158013
2023-10-13 15:00:00,9.19754149205786,12.084389366297742,5.78827250309303,16.792017199514483
2023-10-13 16:00:00,14.523836700222123,6.793244266642522,11.983205128102322,14.272294212983567
2023-10-13 17:00:00,9.505590763071005,9.755998048050062,8.55048802330035,16.618854852525565
2023-10-13 18:00:00,2.7102438944023994,6.529718401236887,2.004809518326841,2.901281162190659
2023-10-13 19:00:00,0.7084710357013231,1.770881757856049,1.49928345027572,1.1305674426364576
2023-10-13 20:00:00,2.72345082777781,3.440370700346627,1.8666414409377672,3.396102819572585
2023-10-13 21:00:00,1.6401324577088152,2.770146141145482,4.330947113696892,3.327800032074256
2023-10-13 22:00:00,3.4151401077445582,1.2858436977360421,2.0235781793443426,1.3340454368407542
2023-10-13 23:00:00,3.527429649533862,5.845948493389455,2.2357542106803088,5.415122250374859
2023-10-14 00:00:00,3.598946983347453,1.0118868826458094,3.1255434544256095,0.7527345162730379
2023-10-14 01:00:00,4.234474903018302,3.260448359390844,5.821620572105797,4.473946809849264
2023-10-14 02:00:00,3.4380964654959683,0.782996386565332,3.790832068293618,2.3728773302477824
2023-10-14 03:00:00,5.473020131195183,1.474090620255136,3.072822890549822,3.860627326490773
2023-10-14 04:00:00,3.7906910507039653,3.4695856703669827,3.4012097397304495,5.650251826455021
2023-10-14 05:00:00,2.0654012793325167,0.1,2.156761843276744,3.431174967788426
2023-10-14 06:00:00,1.4278351011463424,6.569844074368489,3.056683639015072,2.9916363375358843
2023-10-14 07:00:00,1.1466255719602207,5.779912489702831,1.5807535141898326,0.1
2023-10-14 08:00:00,4.590340554426726,3.2906383062676987,3.078836913295842,0.31241181732960177
2023-10-14 09:00:00,1.6989515168950169,4.5134994717906745,2.7147937861218905,1.570825824443991
2023-10-14 10:00:00,5.363566577599647,3.593022486624216,0.1,3.2451705669898407
2023-10-14 11:00:00,3.251266148406351,5.132269256407923,3.8803820152013233,4.352911794677132
2023-10-14 12:00:00,0.941512011212359,3.839622039050033,3.908833670933163,6.203246967049272
2023-10-14 13:00:00,3.859945981044696,5.425803329621916,1.388805445292732,3.0886912559953705
2023-10-14 14:00:00,4.470381716292232,1.3745470041483858,3.980402939224568,4.449407221061381
2023-10-14 15:00:00,4.050412808498104,2.3756581127363052,2.5187687243596923,0.1
2023-10-14 16:00:00,3.92295193180941,3.894394660939591,4.793368419341171,4.071434466063695
2023-10-14 17:00:00,3.6637815020392472,2.2346271128012383,2.090193028379099,2.2740714076683535
2023-10-14 18:00:00,1.5902027744232714,3.3271048193674266,1.3878599079329343,2.7793284278388715
2023-10-14 19:00:00,3.6741323070291507,1.5503663397385177,3.9041650957693594,3.8742484944443887
2023-10-14 20:00:00,6.173342442639985,3.2939734182679223,1.2976560121813265,0.1
2023-10-14 21:00:00,2.8938279302286114,1.4844888881712246,4.179431152042096,1.931494560360548
2023-10-14 22:00:00,2.4702907328004082,3.050075662677511,3.01393628319789,1.7400533661860413
2023-10-14 23:00:00,4.49451079685444,2.2118120140079904,3.844819755407528,5.5838338048517775
2023-10-15 00:00:00,4.143558772446057,8.274859342169467,4.1407395874721225,0.1265531061509355
2023-10-15 01:00:00,2.4163411032645903,3.9932224049692344,1.4659508617921857,5.900132667204037
2023-10-15 02:00:00,3.1882747469330956,2.2280937953088684,0.735322952560197,1.2778679277201526
2023-10-15 03:00:00,4.108169503344662,3.709430831683881,5.38379908032997,5.16425074253379
2023-10-15 04:00:00,2.7065997071368533,2.565106550327489,3.793706515271869,1.7321128269212727
2023-10-15 05:00:00,3.548848185720521,3.861775374657779,5.457685089694635,4.637779386147312
2023-10-15 06:00:00,1.7665616849222563,3.9597500065320164,2.077811126527486,0.2473472064739335
2023-10-15 07:00:00,7.521067254950292,1.65560367334345,3.389583566604194,0.1
2023-10-15 08:00:00,3.75990379464708,1.558666016135629,3.147493858984313,3.0278800072361043
2023-10-15 09:00:00,3.7184211811666765,3.8638808262304076,5.743791203688897,3.625271961071417
2023-10-15 10:00:00,1.5895766190600518,5.218508117555171,1.0370195051195719,1.3827218089924704
2023-10-15 11:00:00,5.782618738257828,2.2963556076640614,1.6870674430839643,0.1
2023-10-15 12:00:00,4.82683348769288,3.314512915190766,5.762982574217018,3.147940205181851
2023-10-15 13:00:00,6.123896020563528,2.9320906029679867,2.3533969430009845,2.173432067793298
2023-10-15 14:00:00,1.4987008302894358,2.987103621218718,3.4541547816104208,1.4757214620467094
2023-10-15 15:00:00,4.778834310765692,0.33416002581130844,4.212435234140436,1.0811649768065617
2023-10-15 16:00:00,3.739028102333723,0.1,2.266069391761197,1.1632460431957652
2023-10-15 17:00:00,2.240610974666997,5.903223889839726,1.9116423360485206,4.3829558504699575
2023-10-15 18:00:00,1.4412827902860168,1.5709387358829185,1.6136003784706945,2.4577439985122664
2023-10-15 19:00:00,4.180817254870515,3.7094137989178644,0.1,1.9485166836704602
2023-10-15 20:00:00,3.352900119741474,3.4591073962735006,3.026624070431424,4.11942568930384
2023-10-15 21:00:00,4.944940007311699,3.6643848262569834,3.8487518432193557,0.6303782085677287
2023-10-15 22:00:00,3.698489821769786,0.1,4.7311561977088585,2.486213467527605
2023-10-15 23:00:00,4.37451987879482,1.6792712067811923,0.1,4.674386277198786
2023-10-16 00:00:00,3.6276640811039353,1.531155378529655,2.717114592126583,4.49160082366615
2023-10-16 01:00:00,0.1,4.066555030547802,2.203721295189885,1.564423513320869
2023-10-16 02:00:00,0.767629743953826,2.835997745109928,4.203934915881539,0.6372758720616338
2023-10-16 03:00:00,1.6111895412989101,3.8540107373740815,5.719545556858976,3.1537041766934575
2023-10-16 04:00:00,4.046700409996717,4.5400817004223555,5.297299207952233,2.058283286230904
2023-10-16 05:00:00,3.0778725674526233,1.1005526231500722,0.26262532492914303,2.7887135143416173
2023-10-16 06:00:00,3.2009383605145865,3.1656945177001994,2.6623931817353377,3.7758181404880813
2023-10-16 07:00:00,2.2549264217192655,3.057399685312443,2.3377514322207733,1.6181975545200935
2023-10-16 08:00:00,12.967503748195446,7.228021550166011,12.068065371787707,12.63421833169077
2023-10-16 09:00:00,10.634355760540494,13.048678503148409,5.832075572516396,9.248939897174733
2023-10-16 10:00:00,12.15304400922573,13.439302790035194,8.284634875074683,8.793392058724642
2023-10-16 11:00:00,8.019666678264388,6.135692188371835,11.343804870635,11.31852754939322
2023-10-16 12:00:00,7.809369309316763,0.8120499212025756,10.821559195301628,10.767330497189567
2023-10-16 13:00:00,11.473857776661337,12.249487325531804,5.542585032649013,11.636398379045302
2023-10-16 14:00:00,6.861459773628342,5.259426675516648,9.386271937056147,3.5242325935141254
2023-10-16 15:00:00,8.545066571131645,11.157893543267525,10.225165233296018,12.322702364172702
2023-10-16 16:00:00,9.254037336626041,12.66290326538886,6.581126448947712,8.98303567873084
2023-10-16 17:00:00,14.669575856738474,9.556096370216647,8.716028100655032,5.647205281018429
2023-10-16 18:00:00,3.183680371485525,1.3645104901362086,4.193230449041685,0.42724156955570125
2023-10-16 19:00:00,1.0795248498638,5.078760894605214,3.3748241447356713,0.8626486497360188
2023-10-16 20:00:00,4.556883634120909,0.7521753945882677,2.97438193165882,5.061168604099188
2023-10-16 21:00:00,5.755872175567413,3.931500165514878,1.922767101126873,5.634470162295031
2023-10-16 22:00:00,2.943415705319718,3.6361757042690632,3.686889087449301,1.3543960478407344
2023-10-16 23:00:00,2.7957059545147387,2.0995761678432308,2.2524738862974285,5.146589013416176
2023-10-17 00:00:00,2.786653621230261,3.295626009417558,4.389129406563974,3.2742201522966576
2023-10-17 01:00:00,2.064789262676937,1.4083998926891597,1.5008481842938048,2.328217436609896
2023-10-17 02:00:00,2.9374591557515286,2.2077167427287865,1.932334076952374,2.753687002758131
2023-10-17 03:00:00,0.1,3.815615390435526,2.128877771255193,1.9883056733754294
2023-10-17 04:00:00,1.0307647922812906,3.1151372304766682,2.9674170795776122,3.12600772252275
2023-10-17 05:00:00,0.8994684754960924,3.25510628806999,4.8770605477520075,3.5467725508847607
2023-10-17 06:00:00,1.6667401787329614,4.29136089505964,2.0602545619525587,4.245401028267114
2023-10-17 07:00:00,0.1,3.1926573691016786,3.7185766216835217,3.6763806033885413
2023-10-17 08:00:00,7.492122266033352,6.31067222544932,11.39607715545735,5.815780891016564
2023-10-17 09:00:00,12.015664997251866,10.025648670761033,6.692961560104258,8.850278819133058
2023-10-17 10:00:00,11.958391078509779,8.35512206655369,7.6757427668720855,8.870256053615241
2023-10-17 11:00:00,8.045529237054085,9.69472913238085,7.813053425396854,10.522506129272024
2023-10-17 12:00:00,13.201455931613467,16.060425723286386,11.145731917938527,15.501471807616438
2023-10-17 13:00:00,13.578732048489968,10.453999413093355,11.39058897682802,12.436845287215002
2023-10-17 14:00:00,4.959015969933696,8.305273741513439,14.214905081384716,4.827075668229767
2023-10-17 15:00:00,8.032992978515255,12.454077573724238,6.8438562997811,6.134354889298896
2023-10-17 16:00:00,11.74947798085225,4.086777670655613,8.443591555809329,13.853828734750412
2023-10-17 17:00:00,10.814031207851603,15.957384970537287,7.160996237345405,14.542545781765345
2023-10-17 18:00:00,1.8538971805449587,0.1,4.097204260652391,1.216673080753122
2023-10-17 19:00:00,2.3553341482797916,3.577267528514453,2.735849027463539,2.6412274166203535
2023-10-17 20:00:00,3.536516126737454,2.3273251188490143,3.1095958792066134,3.182406051918092
2023-10-17 21:00:00,2.7204833046938153,4.479229517519395,1.3948035789038102,1.5532245300291252
2023-10-17 22:00:00,0.1,2.750586336172903,1.613329004401476,1.135985999860849
2023-10-17 23:00:00,5.604436283021383,4.5237612406642524,4.614798761773826,0.6043359198972089
2023-10-18 00:00:00,1.2550918230529478,1.1216055233053328,1.4289527207767843,1.416890524378482
2023-10-18 01:00:00,5.3125647632369795,4.7222092339527055,2.13402784365843,4.5794854080603375
2023-10-18 02:00:00,3.775779461615855,2.920617467381029,1.615420163874338,2.4049783323664298
2023-10-18 03:00:00,3.9363245951898183,3.037377529929206,4.22467388037586,3.041112827705979
2023-10-18 04:00:00,6.410231549957971,0.7505493322640868,3.191099022169198,1.8717806510410928
2023-10-18 05:00:00,2.663380091096726,1.6416477746477893,1.7317838579198999,4.282744543313196
2023-10-18 06:00:00,1.7566345127027465,3.224257543686316,1.2437594411381798,4.439928158761426
2023-10-18 07:00:00,1.3381099874039137,2.2653742640067183,3.1914744701381856,3.0688709975225033
2023-10-18 08:00:00,15.708853958712407,11.566322856260829,7.724285750264221,14.40975022267935
2023-10-18 09:00:00,12.991930000135325,10.231326962602367,8.968618438610362,8.138548159618821
2023-10-18 10:00:00,13.113406927376897,10.630637315129091,9.76749841143317,11.747516268311962
2023-10-18 11:00:00,5.879859641047237,8.86139245675826,10.078721667217103,10.052791142846079
2023-10-18 12:00:00,9.124003034616639,3.851922179100761,8.053865477865408,8.782198211978514
2023-10-18 13:00:00,9.562736961664232,12.94739647964669,10.190875945485041,6.630531266478883
2023-10-18 14:00:00,5.215835415345927,6.765527120688314,10.524026973223515,9.188406672443735
2023-10-18 15:00:00,10.99602879898337,8.124591928510855,9.98817939879219,11.159997237142369
2023-10-18 16:00:00,7.5951919073695215,13.410488706307639,10.304569196053516,7.718953244077
2023-10-18 17:00:00,7.435979911641321,5.913428633868815,8.700291624831216,12.53314630035918
2023-10-18 18:00:00,2.732006740083836,2.7339656811738933,1.7711353815638327,0.1
2023-10-18 19:00:00,3.5316920418015845,2.643432718068088,3.0916648627213354,3.986633573580366
2023-10-18 20:00:00,2.596938705064303,3.463921618863341,2.462984251805751,4.464304913741378
2023-10-18 21:00:00,1.910380332141577,3.335539138800338,2.367322671783511,2.0918064770324762
2023-10-18 22:00:00,1.260001097062933,7.516226346982209,1.2257463367648183,2.183576322093616
2023-10-18 23:00:00,2.31188491931959,4.9059443026010685,3.9652663716185934,3.177928682251415
2023-10-19 00:00:00,3.18690665973327,2.3812189478570738,1.9097450972926755,1.673933779825256
2023-10-19 01:00:00,5.4527188628059555,0.1,2.1452776763172094,6.142283031029871
2023-10-19 02:00:00,0.7398507350661765,5.527123727533736,2.8755475028924966,4.277802663352819
2023-10-19 03:00:00,2.1939688003179594,3.498255146637924,2.6069609469015944,3.6477311491382918
2023-10-19 04:00:00,2.928693228087495,4.27535918824149,3.8681846082877476,3.6562030281903906
2023-10-19 05:00:00,4.094785282799851,4.076569277675923,1.5229898882533763,3.111655340151935
2023-10-19 06:00:00,4.7561189792660405,2.2321645140925916,5.621561581351311,3.7111129380949035
2023-10-19 07:00:00,4.5170980552597175,3.5593191761966207,5.125541232137875,2.930658844260388
2023-10-19 08:00:00,9.64665032715193,10.231436089567364,6.471744725728597,7.77590283350186
2023-10-19 09:00:00,9.943887962178449,4.39399373359994,5.254999395979142,14.524497679801268
2023-10-19 10:00:00,15.574168812433989,5.6431585215123095,11.968317083401335,5.431113149668622
2023-10-19 11:00:00,13.472215196585822,8.170016095231514,8.479991144716692,11.690610385830205
2023-10-19 12:00:00,8.336278433516362,6.006497080675866,9.851692393963114,12.644346279566138
2023-10-19 13:00:00,10.876940595201281,13.827982374768004,7.0014814200996405,10.184043358842677
2023-10-19 14:00:00,9.267957552741345,8.728914864111953,10.342006959953814,4.839925466952458
2023-10-19 15:00:00,7.823557186218117,8.833606899321593,7.608858888731309,6.083780039191282
2023-10-19 16:00:00,9.773523399309934,9.373316276371195,8.991795269019043,10.52768205988281
2023-10-19 17:00:00,7.124936556511607,4.848731582564335,8.026158013646064,12.232168275360104
2023-10-19 18:00:00,1.3532749528936243,3.0943595553023306,2.1905584431993037,2.116310433645724
2023-10-19 19:00:00,3.621162009364631,3.2416243083828538,5.1917744220273825,5.236817152531028
2023-10-19 20:00:00,0.1,4.152512840518879,3.287275254686704,2.577241951879996
2023-10-19 21:00:00,0.8790950028432518,2.7206706681817114,4.120153624520983,4.7634211837430165
2023-10-19 22:00:00,5.772626739095976,0.21138553762524515,4.434814398507468,4.161579432663766
2023-10-19 23:00:00,2.0735618867041916,2.9367599123268304,4.7392967880372865,3.6723832212633924
2023-10-20 00:00:00,1.971666249888732,0.1,2.3771707799065145,1.5092834039417138
2023-10-20 01:00:00,2.091108299282288,2.6980533362846155,0.1,3.090396519075855
2023-10-20 02:00:00,0.1,3.5016146600536615,2.2879933929441783,2.542774054756759
2023-10-20 03:00:00,3.4929819206967845,2.157774280575667,3.6216995770044274,3.544698291001095
2023-10-20 04:00:00,1.814843629132995,4.281658955719054,1.92037482222411,4.090779025512887
2023-10-20 05:00:00,3.78188146741788,4.546695797479499,3.876288078878728,1.312652774032272
2023-10-20 06:00:00,3.3409913853635995,3.7272198778164776,2.527304706372934,0.6858314763867277
2023-10-20 07:00:00,1.2208905951679483,2.521156941160254,1.4231491592938321,1.2091318445136232
2023-10-20 08:00:00,14.570186893479462,13.297182373546994,12.429029140675029,10.64050598533256
2023-10-20 09:00:00,6.598351823443239,3.362363598256672,9.376239787471249,11.481111037920552
2023-10-20 10:00:00,10.213093529513094,10.166690362328042,9.402545258294717,7.248663927363953
2023-10-20 11:00:00,7.752241114071541,6.883107348363056,10.075488456435526,7.262938243142983
2023-10-20 12:00:00,8.552569738788304,5.209853101874252,9.50502695970998,7.15380371881494
2023-10-20 13:00:00,14.643243608173597,13.635407324261653,10.725042184939229,8.436518929672973
2023-10-20 14:00:00,13.394452981448682,11.62408117017219,13.251310453467983,14.068289880183128
2023-10-20 15:00:00,11.21983145655632,11.841202009174783,8.272181910873783,6.569107921849317
2023-10-20 16:00:00,12.5318261332038,13.048356489937067,13.523860107542573,9.746762730862086
2023-10-20 17:00:00,9.18820987036072,7.437546097999323,13.073281742709668,12.180975382123924
2023-10-20 18:00:00,4.9179655732125775,2.8744375811834306,2.171157550449793,2.1602544346427774
2023-10-20 19:00:00,1.0863082229599186,4.9773028899317,2.2294118859584717,2.432650985658592
2023-10-20 20:00:00,1.7541269473168262,5.030971602512487,3.4702197484814143,0.1
2023-10-20 21:00:00,4.48766010924057,6.323247812972585,2.558846472692024,3.1986193043817184
2023-10-20 22:00:00,2.7464170583560703,3.0982115552659457,2.851623325306825,3.0890108206338462
2023-10-20 23:00:00,2.140547358726046,0.424111392311155,2.44077250974727,4.041369158470652
2023-10-21 00:00:00,3.3974934217535875,0.9178069758435892,3.2514969150031603,0.1
2023-10-21 01:00:00,4.255143232881787,3.7531057855415053,4.431159854988025,3.984750581247297
2023-10-21 02:00:00,3.971363223987385,3.259027290603649,3.0543765430785013,2.9392039487984505
2023-10-21 03:00:00,6.115925032852408,4.00999440487299,3.7703344536657672,2.0492141933859958
2023-10-21 04:00:00,2.099831839822405,2.677657535252134,1.2656952782037858,1.493045127540999
2023-10-21 05:00:00,4.834190490584658,3.945505738269261,4.312890401573838,0.1
2023-10-21 06:00:00,4.208509607617237,3.451665391439917,2.275734548469987,2.555503008634341
2023-10-21 07:00:00,1.3905455138441964,2.666228893685762,2.444415196179554,3.0201563965118816
2023-10-21 08:00:00,0.2566097406481447,3.8084043755202233,4.740509357703891,5.096755221532883
2023-10-21 09:00:00,1.2461957125182157,5.236253237235452,3.671360774560702,3.6902036240686162
2023-10-21 10:00:00,3.5770482102511862,3.975754526960655,4.388984498486591,2.026324999307964
2023-10-21 11:00:00,1.4357316486399865,2.3801498591041392,4.2832977411101965,4.5809557335702635
2023-10-21 12:00:00,2.4761657879920236,1.800659187953522,1.8951818537903047,2.3712069669837237
2023-10-21 13:00:00,3.6436666149482457,3.5946753141819787,1.5558139586284274,0.4821552738933863
2023-10-21 14:00:00,1.0231706886115535,3.499176426140222,3.365684590674924,2.6317730379665125
2023-10-21 15:00:00,1.666905079115499,2.2106093911985925,0.8450253843721747,1.5851578464592098
2023-10-21 16:00:00,3.6462205451010172,4.09954570539762,1.8895762436040793,4.738003011699654
2023-10-21 17:00:00,4.832227799771452,3.809966548145257,2.627253616046146,1.7743179960748607
2023-10-21 18:00:00,0.9086234869563219,2.649000925825393,4.638114931488444,5.1560302499346715
2023-10-21 19:00:00,2.7605795715622086,3.9371365664851545,2.002850989175446,1.7763374347380811
2023-10-21 20:00:00,1.6932390464301466,4.668320583984562,4.179186733586167,2.26958602883065
2023-10-21 21:00:00,0.1,3.221339481781049,0.8716601942806705,2.575834298107634
2023-10-21 22:00:00,4.068044597284697,4.15901316708146,1.2718803435866561,4.944038660315453
2023-10-21 23:00:00,1.961961949489643,3.181563722444714,0.6775013673494583,0.25856938101318505
2023-10-22 00:00:00,2.840620116195811,1.008147204034724,4.252661678520075,2.6132758001214578
2023-10-22 01:00:00,3.437085013248902,3.736852824430738,2.437800899477568,1.2817494682814672
2023-10-22 02:00:00,3.959694379184313,4.077512573711785,4.180163640103704,3.5105037864690676
2023-10-22 03:00:00,4.850079866869436,1.643973694385003,5.693472515071063,3.2779030318311
2023-10-22 04:00:00,3.6318151043921216,3.0431874717839733,4.120237943961316,0.1
2023-10-22 05:00:00,4.425577881998304,4.087955504220654,5.029829484191246,3.4589424229531867
2023-10-22 06:00:00,3.8238111708202425,1.191196010077709,4.924665667701552,0.7846781627106618
2023-10-22 07:00:00,4.029060605671265,1.7088307282591912,1.548193855970577,3.043375965445882
2023-10-22 08:00:00,2.652424492092654,1.998991224891569,4.258108636957715,2.880394642668042
2023-10-22 09:00:00,2.7287776121697043,4.59431587192473,0.3226744234114962,3.757657218717485
2023-10-22 10:00:00,2.999687507361461,1.5078183096049393,2.195785012113284,0.1
2023-10-22 11:00:00,4.73586350531818,0.23059546866448688,3.9418680095844714,2.053245077980563
2023-10-22 12:00:00,1.459916374894205,4.621290678370229,2.050126812166179,3.6793290146055644
2023-10-22 13:00:00,3.030682507174506,3.3009560983267288,3.6441795425332586,5.418623000439336
2023-10-22 14:00:00,4.829963297430753,3.099236412192373,3.6368973407571654,1.8256119911563942
2023-10-22 15:00:00,2.847086895309759,0.9177740687474882,2.0582840574890264,4.1204077750161945
2023-10-22 16:00:00,5.034956853749481,2.0227698326936574,2.8185167272999365,2.499578698769368
2023-10-22 17:00:00,2.4351860275775836,1.96252311496136,4.466770936583934,4.726165343030668
2023-10-22 18:00:00,1.9293852125314703,5.0672418077886,2.339182218704173,2.450532882337273
2023-10-22 19:00:00,3.4422861868767174,1.179386018445161,2.8914509272436075,1.9670241251097775
2023-10-22 20:00:00,2.2255082893406177,1.9504417118139643,2.9257800173371664,5.246093542725677
2023-10-22 21:00:00,2.609945136221594,2.4862764953626098,0.8564608180202438,3.5122766780976438
2023-10-22 22:00:00,4.374373681447508,6.16193137501497,5.112610607992934,4.339788119979999
2023-10-22 23:00:00,4.392842275169208,4.76453364371492,1.8545740526361558,4.419720350460774
2023-10-23 00:00:00,2.5977034818649067,2.7846654744759465,2.0200514772846434,0.1
2023-10-23 01:00:00,4.745923283617901,4.397061067400175,4.273211326905969,1.7592504080794538
2023-10-23 02:00:00,2.6562784648377886,2.379120658682999,2.731925954671711,0.8485010432357187
2023-10-23 03:00:00,3.599965491584611,4.091533601162157,3.3678833586525436,2.190949321318813
2023-10-23 04:00:00,3.664670243957837,4.66427540311406,4.242585410416583,1.5224331815293985
2023-10-23 05:00:00,0.6723195756771045,2.334446050262155,5.2674813858137295,1.57239919897643
2023-10-23 06:00:00,6.281108898084345,6.022467538368939,3.3091482228949123,4.457730181236769
2023-10-23 07:00:00,2.581180998266772,0.8431267180989663,2.5218919080615487,1.7037774584631462
2023-10-23 08:00:00,3.8713365149491263,6.8424371778464455,11.341316235667065,13.332924948250476
2023-10-23 09:00:00,13.223117863479143,5.962481556451475,6.9602435904005455,7.576715683020833
2023-10-23 10:00:00,7.546506255463624,12.538266786607595,14.165116047172027,7.9601573445961575
2023-10-23 11:00:00,11.620829184576491,15.916121958519003,13.065789209783546,9.794290867162607
2023-10-23 12:00:00,8.477290686021645,9.286504362077551,6.015666849074141,8.310158154794292
2023-10-23 13:00:00,12.127514821262013,7.473252635200895,10.457758311424355,12.191840684792435
2023-10-23 14:00:00,10.744553586232716,10.248243759546947,13.414505115992387,14.4609677437404
2023-10-23 15:00:00,11.123649456262093,12.32488836174078,8.898183507004333,9.290667325851365
2023-10-23 16:00:00,12.92243451054077,13.40981666175968,11.8887999837234,10.259554568035506
2023-10-23 17:00:00,8.870461778475008,11.145201532767667,11.279287455771012,5.420424365537941
2023-10-23 18:00:00,1.91336802050939,2.846698432600639,2.2275569727218976,5.114739488041917
2023-10-23 19:00:00,5.4123265158310065,3.468658409983143,2.5296771304931003,5.615733569573118
2023-10-23 20:00:00,1.71842148372988,3.267111224583447,1.7078337268207002,3.4694998222967612
2023-10-23 21:00:00,5.931922791732996,3.2013416003765096,4.300430435299692,4.414191346784639
2023-10-23 22:00:00,3.800845682925246,2.059676507520036,2.041698136688237,4.929458165050379
2023-10-23 23:00:00,1.0433030546830508,4.549781130006,6.013433102798023,3.2729152386125837
2023-10-24 00:00:00,3.7204619628202145,0.1,1.0657260202729522,3.1976454369554634
2023-10-24 01:00:00,3.64958454013502,0.1,4.29150190796298,1.9137314014180284
2023-10-24 02:00:00,1.6222943676216266,4.008357661316916,2.4704831989908898,2.9071513696656752
2023-10-24 03:00:00,1.4758236286040434,3.3655281221579405,4.011156976114483,3.4658109711087848
2023-10-24 04:00:00,1.7227976048360665,3.5722152144858663,1.2817038268088219,2.9953614982011056
2023-10-24 05:00:00,3.6674273428638315,3.0196076938177328,1.4645221519532117,4.502746036927884
2023-10-24 06:00:00,3.79844736146559,0.7014704000246104,3.210878417466624,2.2165401190228984
2023-10-24 07:00:00,2.71112769622701,3.7148883286582226,2.5066324368850443,3.616328484304681
2023-10-24 08:00:00,10.660584930573963,10.675790638002347,11.682333287498466,10.398377744100161
2023-10-24 09:00:00,6.151817465352602,14.122311334203008,5.216799183938987,9.769946912633756
2023-10-24 10:00:00,7.384731482958852,4.756158706966723,15.269078301302748,8.266726797266406
2023-10-24 11:00:00,11.861842483936297,8.071636680883678,8.205058352397936,10.192845845359344
2023-10-24 12:00:00,16.0542430501679,8.302350063025422,10.121564087887036,14.844394382567828
2023-10-24 13:00:00,9.42767403754885,14.551015154608265,14.198682009677235,7.727254657223963
2023-10-24 14:00:00,11.557118890328661,11.816159649006758,6.888744194127492,13.752711335178471
2023-10-24 15:00:00,13.0598722182659,12.308790544189652,16.130495325723636,5.419187999075481
2023-10-24 16:00:00,11.03453343618978,7.6108774088871485,16.05585749167043,7.869810971704023
2023-10-24 17:00:00,13.708075113461783,8.274014136493948,10.59074068825315,8.595412132274879
2023-10-24 18:00:00,1.961101664139623,4.434576068072002,2.2391048834819927,2.4186575172731746
2023-10-24 19:00:00,1.9805023666734536,3.7576736230774657,3.8477834371854422,2.8905372531591653
2023-10-24 20:00:00,2.0197505092489982,3.7342946404375565,5.372026914310156,2.390434841108352
2023-10-24 21:00:00,2.17992321028579,5.13711565645456,3.1791527396422357,5.3922494180972445
2023-10-24 22:00:00,4.264527605915005,2.453254720421155,4.921585182722072,4.715913499823513
2023-10-24 23:00:00,2.946822223469787,3.220245494151394,3.255827196541299,0.1
2023-10-25 00:00:00,1.8756191713146186,2.676526537596253,1.6118418078251087,2.242003907733756
2023-10-25 01:00:00,4.496372807403226,2.803982551523361,3.2887106674841036,4.250047061520331
2023-10-25 02:00:00,4.44177553294978,5.832328486088752,0.8821826050772703,3.432821348966555
2023-10-25 03:00:00,2.1072158124986653,2.3012798691751786,3.1122852887747863,4.317559783192825
2023-10-25 04:00:00,3.895876678147796,4.501798362328301,1.9865665717392698,2.6238357661590586
2023-10-25 05:00:00,3.388649064680771,3.076401713826159,2.87015179294606,2.4874843739800094
2023-10-25 06:00:00,4.615828892338664,2.7169904105567086,2.0342178679974987,2.319857412400968
2023-10-25 07:00:00,2.295961290949236,3.5342449386304366,2.9046852857412953,0.5018369251825678
2023-10-25 08:00:00,11.382353500949408,3.8579911805959552,12.042119935794139,11.99445443804907
2023-10-25 09:00:00,12.788440400023886,9.601658442698854,5.623621451316096,11.354292368326682
2023-10-25 10:00:00,10.65758531897136,12.42142669056963,9.812734706202903,7.649171591970283
2023-10-25 11:00:00,8.775447995757668,5.976225123047902,8.844961065939158,15.274616098017457
2023-10-25 12:00:00,9.092413332741632,7.452054888536569,8.284533863730587,10.3800650445267
2023-10-25 13:00:00,10.1472629258747,5.416101094001849,15.127088478671165,12.172859329235028
2023-10-25 14:00:00,5.141462228972502,9.568586539961432,6.209635782748289,12.116563635528358
2023-10-25 15:00:00,10.342595560545211,8.83951086904092,3.229352421082293,7.891667816619888
2023-10-25 16:00:00,11.756711546685906,5.905640204740232,5.190384466436686,7.9380275011181
2023-10-25 17:00:00,6.576769420689586,10.875816212595604,10.406317611020983,10.329807981378492
2023-10-25 18:00:00,4.729885339968477,2.0189394955200806,2.649368956477918,2.3178118030409043
2023-10-25 19:00:00,3.7016504780208863,1.51177044375082,3.53308073673643,4.061017441864261
2023-10-25 20:00:00,1.116314441298895,1.747788400379937,0.8797647396640258,2.8232892728267127
2023-10-25 21:00:00,4.477327869403297,3.937577600930571,4.755218452493901,0.7609761775212869
2023-10-25 22:00:00,3.9036772591726794,2.33160704036842,1.7704432018951342,2.806638436656624
2023-10-25 23:00:00,3.39130650276568,3.776160205501844,2.4576664239503776,3.3419761491007187
2023-10-26 00:00:00,4.552944732098501,4.171255660230029,4.18692511334752,0.5902154891098994
2023-10-26 01:00:00,0.1,1.3073506341755443,3.137595211130107,3.7267651853364763
2023-10-26 02:00:00,2.599306689176223,0.1,2.7090430308599123,3.2551231947488737
2023-10-26 03:00:00,1.8911992617319178,2.3952828680818925,4.226038766352448,2.795524672448163
2023-10-26 04:00:00,2.105578413911874,3.907220212928787,3.7893533470444827,5.585295268427306
2023-10-26 05:00:00,4.671768315892976,4.5901539023619975,2.0111363615192426,1.8303106091576624
2023-10-26 06:00:00,0.1,0.8073343318437018,0.9885264922222801,1.9821755270733672
2023-10-26 07:00:00,1.8735544691676709,1.8292772222556681,1.183553211025853,5.318562465592529
2023-10-26 08:00:00,10.85316686993327,9.895432156730957,17.73562725371147,7.824771972831707
2023-10-26 09:00:00,10.947892317665245,13.665457319521694,11.55793867492537,10.96268947348545
2023-10-26 10:00:00,8.907771762489695,9.290881979424883,11.510690865234,9.985551921851497
2023-10-26 11:00:00,12.460402811598396,9.650547300786881,5.233150438451954,5.653985062907447
2023-10-26 12:00:00,12.799346202115776,6.901203366077322,12.64683753088189,11.045531029185229
2023-10-26 13:00:00,11.0113100877325,4.934525406893557,9.32887539008237,12.002613459681097
2023-10-26 14:00:00,9.897690291446628,11.759707459069816,11.488849344224331,6.86886055915033
2023-10-26 15:00:00,5.060361738848167,13.710317885071902,14.29378130762453,9.455926847694114
2023-10-26 16:00:00,12.54416323824675,8.959298778837503,9.342302581806031,9.797718529916216
2023-10-26 17:00:00,8.260086334308907,14.906316308420283,8.686532650889777,12.31107092367457
2023-10-26 18:00:00,5.754781696411234,2.4370489340694137,0.1,2.402364899250435
2023-10-26 19:00:00,3.2346756094116897,5.958910360487208,4.7507678416177725,5.382672496546417
2023-10-26 20:00:00,8.116722630109166,5.577534242956204,3.200647425630775,4.234690131860532
2023-10-26 21:00:00,1.9385158815328756,2.5165765622534444,2.987697543579315,2.275501138344751
2023-10-26 22:00:00,5.952164064617637,2.1607734733708166,0.1,1.8185374285569076
2023-10-26 23:00:00,3.9326054575780036,2.414648752691733,2.8604390051554893,1.3737935419878764
2023-10-27 00:00:00,4.03144845024907,4.383896758675303,3.3966439224669416,2.7276772190461944
2023-10-27 01:00:00,0.30962339274076633,4.028362130384924,1.576065837605177,3.5814587318991427
2023-10-27 02:00:00,4.573014790318186,2.799519433420292,3.6635480718532243,4.713141961638368
2023-10-27 03:00:00,3.8335595362048984,1.5610742260763497,3.375165811290211,1.4925717510430356
2023-10-27 04:00:00,1.6664413617868423,2.1238681522237295,2.134435506193542,2.980546959477036
2023-10-27 05:00:00,1.4217947114331329,2.1778888311381417,4.128103399609543,1.5707697758748702
2023-10-27 06:00:00,2.7540792294950425,4.279444779200343,1.3947862096881107,3.6838647762489627
2023-10-27 07:00:00,1.700323989594463,3.0386345577199645,4.271694349793892,2.620421615685924
2023-10-27 08:00:00,9.033465339337031,3.88394894781592,10.104483855242389,6.406274223771078
2023-10-27 09:00:00,12.757116137659422,6.922014302271707,11.941209811893064,9.534936243767897
2023-10-27 10:00:00,12.2006332435666,9.382135313411077,12.31527384097887,7.99345293456653
2023-10-27 11:00:00,4.260078511058651,5.443106715767046,8.974302206742315,8.946287798145384
2023-10-27 12:00:00,10.208260080607456,14.818424068632524,10.036844352003232,5.491096480904838
2023-10-27 13:00:00,15.741085769792326,4.001094642333436,11.88565803391742,5.768177331986866
2023-10-27 14:00:00,6.38203301719857,6.691795210340475,8.767650834512366,8.9058291887729
2023-10-27 15:00:00,13.455061208942805,8.968551134835687,9.041242829417756,14.428394296831966
2023-10-27 16:00:00,9.203157955572744,6.511405251673633,12.485763418580976,8.316977169823428
2023-10-27 17:00:00,12.880958227984696,13.27119820398881,11.34401772888302,8.53919242533321
2023-10-27 18:00:00,4.679491259214696,2.628000472955807,2.269096522160444,0.990666893947437
2023-10-27 19:00:00,3.721214385162047,3.8954671231392632,3.0838755622881164,3.1990654624027957
2023-10-27 20:00:00,2.6491284505572015,2.682140202219439,1.5076699687611774,2.2680302662242147
2023-10-27 21:00:00,3.8608330623384437,4.534740486828358,5.108128722468184,5.107237430254379
2023-10-27 22:00:00,5.368590715974206,3.962512838930099,3.8253850337842445,4.022533956194144
2023-10-27 23:00:00,3.5882257793480576,5.682123684969465,4.240835424401816,0.9273417723362818
2023-10-28 00:00:00,0.1,2.940862783371309,4.383434512318412,3.6072788158695284
2023-10-28 01:00:00,4.968189704282485,3.8930486548581964,5.446630089896914,2.912324780372622
2023-10-28 02:00:00,0.47567632561187834,0.9568471994951828,1.6361783447828344,2.7958878029182515
2023-10-28 03:00:00,2.409743626809458,4.803464965975289,5.3187298971886925,2.671764941146117
2023-10-28 04:00:00,4.999891169011542,3.158519552867098,4.303244169109021,3.224884618227389
2023-10-28 05:00:00,4.419739787803692,4.7156931549915875,3.914741738170245,4.74408284525065
2023-10-28 06:00:00,5.603447854494638,4.197221005214095,3.7134536430445304,0.6221379425207858
2023-10-28 07:00:00,4.906897932119923,5.863035523543035,0.3752766881102598,2.5386551570963727
2023-10-28 08:00:00,4.608608894362797,3.8163117271412363,2.7276768976032892,2.3511448770622705
2023-10-28 09:00:00,4.629920978689204,3.924003812384927,3.8314073142770315,2.1042940233405627
2023-10-28 10:00:00,4.573587976941576,3.844695044998532,5.064876440199379,0.8008159899190361
2023-10-28 11:00:00,2.3702863438721122,2.3757520102176266,2.407723957843613,6.34945058702275
2023-10-28 12:00:00,0.5214771564420286,4.136664337960498,1.4001481886730076,0.1
2023-10-28 13:00:00,4.0296519084954845,4.996405259576926,3.9738322957369414,5.445418687830424
2023-10-28 14:00:00,7.095902681876087,3.763212274150273,2.989004714388803,3.2473015506477205
2023-10-28 15:00:00,2.1924984419978557,4.12419699171609,2.0883216471229678,2.446673352200172
2023-10-28 16:00:00,2.8778497003564585,0.205356323519454,4.27482296241485,3.994398670263781
2023-10-28 17:00:00,4.527616021737675,3.6690304454107654,3.1644368171585384,0.6392315739046159
2023-10-28 18:00:00,2.344053308341598,2.7601048563315844,4.862307604443804,4.6113989305258745
2023-10-28 19:00:00,3.9939965120035996,5.1613950428597475,3.250800732928937,2.6765670738649727
2023-10-28 20:00:00,3.4619948402656666,2.5184759752573784,2.029873430621036,1.6304382745170662
2023-10-28 21:00:00,1.689240626359672,3.696445127080175,1.700709000432926,2.457965423738519
2023-10-28 22:00:00,3.4883482032662743,1.9181300555112815,3.0691266939536783,2.6704444495430613
2023-10-28 23:00:00,4.974401655091984,4.659748746857668,2.241044402860025,2.7901122516017924
2023-10-29 00:00:00,0.22704450324089365,3.9507382770986648,2.7528281678882482,2.2795204449356428
2023-10-29 01:00:00,4.671463577271596,3.1234401039734245,3.610458706311328,2.6989271705642905
2023-10-29 02:00:00,5.835768609333126,5.801679294334324,2.833054156482891,3.5288996428222648
2023-10-29 03:00:00,3.003535957357744,2.0533435400014497,2.30940416264574,2.6205507855151593
2023-10-29 04:00:00,2.86011204106226,3.327299797819827,1.4753258359897263,4.3189720564255945
2023-10-29 05:00:00,1.6261901102411624,3.5853722860152706,2.2483620782884906,3.8000257800338426
2023-10-29 06:00:00,4.5209655805811,1.617149734155772,3.5116236986895486,0.7513843464214078
2023-10-29 07:00:00,5.666151475026475,1.5344485323702315,1.9574159340106747,1.945652582559232
2023-10-29 08:00:00,3.28098342646156,3.04224282735283,4.2559788568494525,3.2316351264432672
2023-10-29 09:00:00,1.2698527537967363,2.8314428535339378,3.8281886590808263,4.258632278859364
2023-10-29 10:00:00,3.8120019263771203,5.118387600741791,3.836346654870268,3.768605833612062
2023-10-29 11:00:00,1.9651487445196751,4.325150563223904,3.992890652439545,2.689015443756884
2023-10-29 12:00:00,5.037502693236961,3.0589656503049203,2.7356697279041464,1.1640875084357194
2023-10-29 13:00:00,3.3199838038096705,5.104307958795538,2.6737009841515915,2.397151007464803
2023-10-29 14:00:00,5.725885427524662,3.330734813350648,0.19458036673834211,3.72621024953738
2023-10-29 15:00:00,2.314050850333401,4.0971913485575495,5.057732570576247,3.949057379074657
2023-10-29 16:00:00,3.9243682741550567,4.342237672939307,5.056765038324604,2.26761272218954
2023-10-29 17:00:00,2.3278157014781478,1.3886247633358795,3.213733142202364,1.3643585141563022
2023-10-29 18:00:00,4.424189986895854,4.366878287750303,1.4217388679877916,0.4364850286065498
2023-10-29 19:00:00,2.799313087546743,2.7943660072757717,2.6706280826198046,4.674925975194309
2023-10-29 20:00:00,8.291157411532149,2.912148063495494,3.111728233040315,2.3873636055544516
2023-10-29 21:00:00,6.326310265557929,3.3637104056849214,5.114125341770638,1.893370784733734
2023-10-29 22:00:00,1.74614952735724,3.9406970383394517,5.377719807917307,2.4665637153377817
2023-10-29 23:00:00,2.8724709236740087,3.6140937919641667,2.130565905884648,1.3880160874423386
2023-10-30 00:00:00,4.361878179630729,1.1743820835908303,2.307480906687947,5.843479310088833
2023-10-30 01:00:00,1.9720710642895785,4.24706562415151,1.9641335422990063,1.907526151815452
2023-10-30 02:00:00,6.767101884951337,0.3083466185965702,1.5786426995215896,2.89543555442182
2023-10-30 03:00:00,0.9691190953718092,1.8139293218234924,2.048531565996839,1.8062513131138034
2023-10-30 04:00:00,2.87252408170194,3.933083669322819,3.5294827106020397,1.613311573423267
2023-10-30 05:00:00,4.090796445718978,2.300927037054898,2.667484093788893,3.5115823963338038
2023-10-30 06:00:00,3.8766515129368835,0.345026535490498,5.087769977994395,2.419592738635668
2023-10-30 07:00:00,3.3276420213049716,0.5936987025970053,6.559538157674563,2.2807939630459497
2023-10-30 08:00:00,11.163247380582295,12.512888334336594,10.390714860725419,8.23595253616767
2023-10-30 09:00:00,11.47593988257492,4.835611131422093,8.521920292935189,7.729079747430637
2023-10-30 10:00:00,5.482832037631397,12.605477395193343,11.871676024884557,6.95949053135693
2023-10-30 11:00:00,14.253253373234424,11.013025323747044,11.187640647053918,12.898763651374228
2023-10-30 12:00:00,10.237131685768071,5.169738947086845,13.265101553372137,9.135619646113303
2023-10-30 13:00:00,10.949717184783664,12.052150774415475,11.812434371339608,6.159107124300792
2023-10-30 14:00:00,13.122605622244205,9.676680712298099,9.07352029053859,12.86560895645903
2023-10-30 15:00:00,5.2685818760239895,11.771466434309325,11.099752442049883,10.368565302744361
2023-10-30 16:00:00,5.700613097385574,10.723571820506141,9.539738899396813,11.765331379070386
2023-10-30 17:00:00,10.446989869497768,11.576779770541249,10.670819216353564,11.679905809782273
2023-10-30 18:00:00,3.769841639286276,4.400909675331227,3.325559316637026,4.862429355069622
2023-10-30 19:00:00,0.8634185249280417,1.197904083911473,1.850936491437143,4.951992532459782
2023-10-30 20:00:00,3.880821157878307,4.915622267569049,2.9154532750526325,1.6090588373312866
2023-10-30 21:00:00,1.4625591339137394,2.4403980345531266,1.690126582205083,3.77405707471014
2023-10-30 22:00:00,3.720421361754676,3.2584208707440685,4.1912096438664115,3.8259789810403193
2023-10-30 23:00:00,4.3555133063756815,4.151123913587531,1.737869368545273,0.5873420191099576
2023-10-31 00:00:00,3.597781724792034,3.998046625470368,2.681376657179615,3.001043122460794
2023-10-31 01:00:00,0.1,3.9290618307254643,5.892429661406657,0.1
2023-10-31 02:00:00,2.344538964844081,1.71410961613392,5.387578797285951,5.175705727446215
2023-10-31 03:00:00,4.864072579556209,2.717544029157778,3.4616487245147307,2.8762085123630796
2023-10-31 04:00:00,1.771073815559943,3.3894645776231704,3.144141441209112,0.2511417997349934
2023-10-31 05:00:00,1.7955697580107102,5.628537891037656,1.7345823910186207,4.610993234183283
2023-10-31 06:00:00,4.357152664851041,4.92769043949958,3.6042018978544696,2.7531466772020234
2023-10-31 07:00:00,3.6325230422248165,5.207026057764919,5.696673806540748,2.336278910308672
2023-10-31 08:00:00,13.007987199978915,11.026474361433923,16.04225398518954,14.124032193927158
2023-10-31 09:00:00,6.3694674581848,9.805653966041328,9.864577913686398,9.282684912723152
2023-10-31 10:00:00,9.06416762327562,9.214071678795182,9.314283839293402,12.628009486894111
2023-10-31 11:00:00,6.308898750826799,9.662167438458878,7.427198096554208,9.270107165584395
2023-10-31 12:00:00,14.119350495997836,6.283317493175252,10.312060012243183,9.009679384784736
2023-10-31 13:00:00,9.967986429583,9.119749873215103,6.1890794752104465,12.668056444108565
2023-10-31 14:00:00,7.096501010909817,0.1,13.75922621156574,9.471759319738757
2023-10-31 15:00:00,4.460991339161724,7.985769311934966,8.555493320222087,8.922652048005624
2023-10-31 16:00:00,14.188341325527446,8.30947973587599,9.61545635043243,10.719488990221775
2023-10-31 17:00:00,10.639888718529697,12.08324185669432,12.340883182034347,13.015951579537653
2023-10-31 18:00:00,2.9563446264918896,3.7502109666455357,2.5129396596145908,3.640211850492651
2023-10-31 19:00:00,2.0899317944699445,3.0579299771377784,2.718312630184099,2.7030247238816782
2023-10-31 20:00:00,1.231633518937536,3.0149328370271116,1.8017104390701464,4.983654182872374
2023-10-31 21:00:00,2.1135548400669095,3.5168320839766594,2.350146842951802,3.4897666951350623
2023-10-31 22:00:00,1.8667412973373665,3.4016103332554177,3.003983117869813,4.046789222149304
2023-10-31 23:00:00,4.208343224856822,3.0873753271042856,2.741778268625283,2.5754034034884983
2023-11-01 00:00:00,3.2944670869360455,1.2381727150752604,1.5059107273951509,2.9082981578089093
2023-11-01 01:00:00,4.409756066427391,4.5634214903661725,3.834105687723426,3.524024603621192
2023-11-01 02:00:00,4.630948566279609,1.9691819015496115,7.242310448221845,2.654098656277921
2023-11-01 03:00:00,2.7393037459342793,5.757958954570478,3.2045932953179848,2.253327483490004
2023-11-01 04:00:00,2.1502669260175,5.27926310121004,3.18976727388056,6.443195122475123
2023-11-01 05:00:00,2.9150048068672603,0.8640664752735043,1.7007458356867213,5.174678883045738
2023-11-01 06:00:00,2.2162198481138793,1.2773128133672662,3.3979879101841037,3.80712387221673
2023-11-01 07:00:00,5.710179692221589,2.1517657033645126,2.8683269526806097,5.755379820372312
2023-11-01 08:00:00,9.262966443947406,12.76001611228044,12.769845608089298,3.8749133480136555
2023-11-01 09:00:00,11.080328016142191,6.190879797038582,9.934705623437013,9.12826004987286
2023-11-01 10:00:00,6.411953616163678,7.5789969168726365,6.9238799886582925,7.264607154927737
2023-11-01 11:00:00,11.96334979916888,11.10258564725838,9.32206972459318,9.426343234143737
2023-11-01 12:00:00,8.572025710189632,9.020592820367444,12.038178494272652,8.773133814389446
2023-11-01 13:00:00,8.97195462309178,9.707472420079014,6.785858936396961,9.037860102431852
2023-11-01 14:00:00,8.78275442300826,6.6624904043865545,8.220765727551653,6.198344382217342
2023-11-01 15:00:00,2.5878544309905394,10.545830528965036,13.06739654290999,16.26301398902266
2023-11-01 16:00:00,9.589837047987094,7.5644322932536285,6.8121599546196965,12.028776981242515
2023-11-01 17:00:00,10.24761450176939,14.905153569764607,8.290324553920863,6.582256706258734
2023-11-01 18:00:00,3.0577208144243238,4.391867701218204,2.3239684128533633,1.6188338680042786
2023-11-01 19:00:00,4.138365867049499,0.1,2.4837744986157886,3.3758516119014232
2023-11-01 20:00:00,3.343840713104684,4.165212907875411,6.520546534901152,1.5843226296551036
2023-11-01 21:00:00,1.6244852368811196,3.7591515468974435,3.735547237930576,1.257288139182076
2023-11-01 22:00:00,4.564506145094587,2.0083046514416214,2.10552059046649,4.527968370541274
2023-11-01 23:00:00,5.477790705653022,2.2064857707881336,2.7871018129856857,1.2060440043847427
2023-11-02 00:00:00,2.543080326012155,3.057005868537805,2.669358750224465,2.1606225185824384
2023-11-02 01:00:00,0.34757425823043775,6.231099364867054,6.900372405425345,1.5290998913677052
2023-11-02 02:00:00,3.3303434307114994,4.7212700348561265,3.1108114273526564,3.225273957506425
2023-11-02 03:00:00,3.080412029029704,4.276242446277233,3.393835168435701,3.3651663297562484
2023-11-02 04:00:00,4.706429010372329,3.153106274786093,4.404654613224917,2.2459865301815265
2023-11-02 05:00:00,5.662653679599687,4.24614210510864,2.361235631682013,3.266944238234405
2023-11-02 06:00:00,5.130304283599687,1.8850118193509433,1.9987824076669802,2.0930702882769596
2023-11-02 07:00:00,1.991389141199831,4.113687480508085,1.6089160303187087,5.583957719980036
2023-11-02 08:00:00,10.620295399423018,9.579030898046922,10.695846470539845,10.911107218646647
2023-11-02 09:00:00,5.193520526680106,10.755375852119306,9.1983234887745,12.719847541378009
2023-11-02 10:00:00,8.782323358154038,11.304620266756805,16.78986053795013,11.897417464606006
2023-11-02 11:00:00,9.995320295296947,14.992689613788743,5.956924409482294,10.465781318681504
2023-11-02 12:00:00,8.265804568774726,9.48622015224133,8.562306550523424,11.994474884858324
2023-11-02 13:00:00,15.795281107523746,13.765234938685715,19.149043311464624,11.643261865402414
2023-11-02 14:00:00,6.21690650496024,10.479310980094894,9.458543042601526,5.669363748929278
2023-11-02 15:00:00,11.285370134593453,11.686123447027466,14.309203403924274,9.595857641573005
2023-11-02 16:00:00,9.23356839107751,9.167181043768485,4.948083919891809,10.342227505430666
2023-11-02 17:00:00,9.066435476477304,10.118750880406116,5.176950554790453,6.128858990495797
2023-11-02 18:00:00,0.5039097383542606,3.2312663395715875,5.835867601020883,3.708384996811428
2023-11-02 19:00:00,2.43622690231277,2.7247259756908706,7.05508102360334,3.8686649927025734
2023-11-02 20:00:00,4.100884731668444,5.999930344905719,2.581455366289351,4.760526641817355
2023-11-02 21:00:00,4.474428896124212,4.208783603415407,0.1,0.8053027636524992
2023-11-02 22:00:00,2.955978456787367,2.9048133053874343,2.5357426838542296,2.1280746172863276
2023-11-02 23:00:00,2.5655493320676657,3.8692103993841336,4.91251156050628,5.95215880690437
2023-11-03 00:00:00,1.8266649125460188,2.187130249634402,2.1317027259574006,3.1673946271768894
2023-11-03 01:00:00,7.103734645209608,3.571646943553986,1.1867494941233625,3.0685461357413293
2023-11-03 02:00:00,3.5319624494661293,3.1895435235734766,4.696747697586051,4.405780850926414
2023-11-03 03:00:00,6.0077946524190144,5.39523037508866,1.3583189846215493,3.7743984716634595
2023-11-03 04:00:00,2.63992179358661,3.535505327618112,2.433978594408763,3.385246357769233
2023-11-03 05:00:00,1.2211784183884324,1.8702343965677604,4.151026043130371,1.0849112887799675
2023-11-03 06:00:00,3.170149166851357,3.4645558406207178,3.536441075934719,2.7434681418613502
2023-11-03 07:00:00,0.7204874245843946,1.3905243594886634,3.8237455754755745,4.504466554792799
2023-11-03 08:00:00,7.065960201464028,11.990276661936639,10.537276763132443,10.066846652974856
2023-11-03 09:00:00,8.193843768174244,3.6392743011065587,11.864046345387429,12.086585101823466
2023-11-03 10:00:00,11.056813370872968,9.828231573153058,15.264073728147395,10.454576129453681
2023-11-03 11:00:00,10.404946313150829,8.994910568221744,8.171038007738952,6.7218298890003
2023-11-03 12:00:00,10.28509572625751,14.28509913425183,7.465691406120605,11.622850335942827
2023-11-03 13:00:00,5.873169718834493,14.154138082365144,10.732525206575525,11.20447717967875
2023-11-03 14:00:00,10.008925944200907,6.57652833422309,7.891247935039537,16.923218150926623
2023-11-03 15:00:00,10.832717146454977,10.964961632322245,5.002059694593873,14.507887813136712
2023-11-03 16:00:00,9.271541489555144,7.3994789246826524,10.744639066092045,8.020447180506512
2023-11-03 17:00:00,13.37864293532417,7.590854132209005,4.503197001608739,7.965102413588051
2023-11-03 18:00:00,2.3815101904142506,5.551642210724115,3.5779377692955148,3.3363602408215955
2023-11-03 19:00:00,2.8666762734066795,4.132220972306476,0.8142847038244985,4.1474672240628365
2023-11-03 20:00:00,2.696365576161437,1.2604536399719553,4.679295580159367,2.2704449349123794
2023-11-03 21:00:00,4.944448718107942,5.056634717716041,1.2978101589700168,2.2045172992630397
2023-11-03 22:00:00,5.39504382894285,5.399986979907623,2.508198322101225,1.3890026707128904
2023-11-03 23:00:00,4.874885122998111,0.1,2.0686731372978358,1.202915568606179
2023-11-04 00:00:00,4.661453469337515,4.559616637520706,3.3460261529843605,2.724236299637523
2023-11-04 01:00:00,1.6922670003075178,5.061018302191729,3.7206623420275284,2.0004338096665304
2023-11-04 02:00:00,2.872256977017509,4.690839031451454,1.9664576229833857,3.3408386385742155
2023-11-04 03:00:00,3.288995072658291,1.3358662672601613,2.8524598217378703,1.0537237370052184
2023-11-04 04:00:00,1.690910741601506,2.560167039632632,1.9787916221610604,3.544492680005784
2023-11-04 05:00:00,2.639806812156005,3.4534892630228136,3.695331581057494,0.34945464370547086
2023-11-04 06:00:00,3.7235223638489865,4.129035095742035,1.6768299551198207,4.101148440895139
2023-11-04 07:00:00,1.6517410715338348,3.338662711673806,4.276114044010047,1.6872510472294584
2023-11-04 08:00:00,6.511699605885988,4.260705877010237,2.457408141480009,3.949651745872581
2023-11-04 09:00:00,2.378236910282207,1.9159220722095118,0.35564589164000715,1.3452120488939237
2023-11-04 10:00:00,0.9230701439290829,1.2901100951013058,4.1295606743009765,2.694805356253374
2023-11-04 11:00:00,3.1363316129720884,4.132595138210675,4.00456117758347,2.83286867769608
2023-11-04 12:00:00,3.626288424253884,5.044746742248688,0.2615168240355552,1.4497048729573119
2023-11-04 13:00:00,4.957414118363823,5.640791354070583,2.518318592648567,2.938616025152538
2023-11-04 14:00:00,4.491351333586333,3.0024872323304055,3.275917537008389,4.12314378869571
2023-11-04 15:00:00,1.1430626106973287,1.5861471765193562,2.108973138827094,2.7040691664416032
2023-11-04 16:00:00,4.734796049181963,3.4415915009822875,2.6532578831468316,2.155925562035754
2023-11-04 17:00:00,5.777760430464805,3.510897370014402,2.4707232283506544,1.8260542567910654
2023-11-04 18:00:00,2.3032044063956176,2.018752540542165,1.4762286034250538,5.325263221833845
2023-11-04 19:00:00,5.006582993613938,3.2818092534424137,4.21221634004031,2.3309803308770256
2023-11-04 20:00:00,1.1696983292269605,1.4061151836825427,2.3412017627421937,1.0489564605659352
2023-11-04 21:00:00,2.782277975192667,1.830918462694164,1.610875440185106,1.9728610740505719
2023-11-04 22:00:00,4.534962816463084,3.309996292470146,3.56975022746853,5.794433019181794
2023-11-04 23:00:00,3.3816519474276436,4.09284352052301,2.1044197461640017,5.216088817139985
2023-11-05 00:00:00,4.73305270541886,1.0518417382425083,3.398313897310123,3.0942958465920887
2023-11-05 01:00:00,2.851391005953616,3.2628964935753193,5.648816937832322,2.3786550764995846
2023-11-05 02:00:00,3.0405509037639358,3.1332792282784983,2.1051909709215897,2.972727619594811
2023-11-05 03:00:00,2.732815559711537,1.935027806260507,4.521945363030139,2.312473652549265
2023-11-05 04:00:00,2.560094506565028,1.8913604263852726,2.444635060650128,3.672184770731595
2023-11-05 05:00:00,3.351490269869319,2.0210653841975432,1.7322722094781922,4.736411121135028
2023-11-05 06:00:00,0.9430414771693783,0.37762854308766425,5.914776043919199,1.477904116914152
2023-11-05 07:00:00,2.7785845776615266,1.4322511813846752,5.188217664337559,3.768391468066827
2023-11-05 08:00:00,1.186006023033996,3.451077568662113,5.167346911369679,1.954365405921121
2023-11-05 09:00:00,2.1808990358807114,2.911660270343136,5.253035744504766,3.2509675437050416
2023-11-05 10:00:00,1.955408464158526,1.8494674679662624,4.753552954292852,3.5115063626860423
2023-11-05 11:00:00,3.8638922431328186,2.096089153587142,6.79598927368312,2.242598335372559
2023-11-05 12:00:00,2.2837956127133987,4.0278558566605565,5.150730833772794,3.329654145626017
2023-11-05 13:00:00,0.6579200821854756,4.034104319237146,1.9386280949726182,0.837048011871901
2023-11-05 14:00:00,1.7491883069025014,0.9695230005120212,1.8248997048836777,2.9372757402035146
2023-11-05 15:00:00,4.178921325711373,1.216429581717386,0.9465500086143654,3.6210593128673403
2023-11-05 16:00:00,3.9860843119794653,1.8885825757254555,2.0839143174672246,4.8218730417315925
2023-11-05 17:00:00,1.3914244854916396,2.202274116357997,4.619148547512987,2.787207620941542
2023-11-05 18:00:00,4.2452751830785385,1.6577355097012998,5.086426178639863,2.2901578972874526
2023-11-05 19:00:00,5.327143528702666,3.293705865829594,2.569538747610398,2.5120234454052173
2023-11-05 20:00:00,1.2248348993387452,2.0069934794882673,6.317962842824202,3.3984068847896127
2023-11-05 21:00:00,2.889080999952005,2.6081673083752803,2.756359536126844,4.941570875174113
2023-11-05 22:00:00,1.9259855261322998,3.3096040956886745,3.810679674112126,3.823355608134571
2023-11-05 23:00:00,4.458841991775887,0.2327456667976655,5.493881161746765,3.5133604740811673
2023-11-06 00:00:00,2.183191258057542,3.8267471571201748,2.629502603473728,4.572204727912087
2023-11-06 01:00:00,2.439499110345048,2.7218773052846643,5.354153312296334,5.1222229441184535
2023-11-06 02:00:00,5.846041109482643,3.407464119597325,3.3059617357400244,4.695447919211795
2023-11-06 03:00:00,2.6398911714374034,0.1,2.7121029856552608,0.8703527646874378
2023-11-06 04:00:00,2.833966687786652,5.186484033190556,4.3909308157132845,3.6262008143453084
2023-11-06 05:00:00,4.47253382803231,2.6037900272810077,2.0968741396679755,1.718295569135995
2023-11-06 06:00:00,4.320778839341211,2.321365110964956,3.7102847193962205,5.906633861538934
2023-11-06 07:00:00,3.2459968829209545,1.7849967940673808,2.2258651511266727,2.27599436758254
2023-11-06 08:00:00,9.361817549414699,7.976530815057551,6.250154829334397,11.656206567362023
2023-11-06 09:00:00,12.739742429875644,7.8721685789710385,10.44546269368749,9.679338016954027
2023-11-06 10:00:00,9.570744443048383,11.193570432238651,14.993910537880843,15.539980980575912
2023-11-06 11:00:00,5.642728174616693,8.670316182726523,5.491263405504032,8.935416962149423
2023-11-06 12:00:00,11.482994993871642,10.79925857831102,0.1,11.942710520401304
2023-11-06 13:00:00,11.33301731053048,12.891144699036929,11.246330750795408,7.446362065740939
2023-11-06 14:00:00,13.157940707576282,6.106645988101625,3.253872541770061,8.437249254402069
2023-11-06 15:00:00,17.63361743079807,6.35426514844171,11.881748640856683,11.829374454863984
2023-11-06 16:00:00,10.328515887663027,14.456605598349011,6.178360826029859,7.711412102367946
2023-11-06 17:00:00,11.088371090878955,11.83802552549077,10.43025369182828,14.215637325487567
2023-11-06 18:00:00,7.129914780817167,1.3903120456319054,3.403832126090758,4.508352715483996
2023-11-06 19:00:00,2.094786602186402,5.213921037903738,1.982489762531036,1.385399898322788
2023-11-06 20:00:00,4.676205599758723,4.808896747779381,3.283073061535455,4.013260863701069
2023-11-06 21:00:00,2.83558434373184,5.518726820214834,4.5023623836898325,4.760681848966759
2023-11-06 22:00:00,4.126927741204167,2.9156581030597395,3.2201524215089092,2.4331404293035197
2023-11-06 23:00:00,4.379388145780828,0.1,3.5780703656822435,0.1
2023-11-07 00:00:00,2.070912124488085,2.3990055874756786,4.70172234461417,2.262115359643574
2023-11-07 01:00:00,3.826387226919223,2.2684705742660176,4.051272284611823,2.8855349352636206
2023-11-07 02:00:00,3.3710436503952304,2.647664882034083,1.7199955020130553,3.418631757816042
2023-11-07 03:00:00,5.221822223441637,2.3744016675437165,2.2791761141617957,6.0434089176336805
2023-11-07 04:00:00,4.702426908303577,2.854334339890368,3.3837387640834624,1.6766368857782548
2023-11-07 05:00:00,3.3477875452280976,3.016585525922097,3.563885829107581,4.860296044784492
2023-11-07 06:00:00,3.435798071837812,1.7160019271342337,5.433876277355688,3.913560128404482
2023-11-07 07:00:00,3.620624406077959,5.132058636310743,3.641476546266846,3.1897328731006325
2023-11-07 08:00:00,10.753910562845704,5.098205150629378,10.552604212969223,8.653896669794863
2023-11-07 09:00:00,7.825904514721835,12.117799998439585,12.688662997530429,7.8307405722146886
2023-11-07 10:00:00,5.371031546731234,12.945900071764095,8.933806687661315,5.996912111494105
2023-11-07 11:00:00,8.202808316807113,8.54895501099591,14.187216754218788,9.104817999451626
2023-11-07 12:00:00,14.462395902755965,6.4696102648701395,12.13337886656416,9.2732536248795
2023-11-07 13:00:00,11.622553261818968,19.180659842553144,9.21877270503417,12.750008611856419
2023-11-07 14:00:00,7.319455076944149,14.568509050441351,12.920512862418072,8.51434724200934
2023-11-07 15:00:00,8.33963252066599,8.051758199450285,8.952084964712828,4.718026643587973
2023-11-07 16:00:00,14.656680177934978,10.864400746979154,7.295853135879117,12.115293621793338
2023-11-07 17:00:00,13.676450389654537,7.3460912545683374,9.416484432137544,12.88088889620081
2023-11-07 18:00:00,2.18395614144821,0.11608555309334445,3.256608718776173,2.39867094320483
2023-11-07 19:00:00,4.612905256911765,3.6810598621501263,5.0666677601398336,0.1086085609436016
2023-11-07 20:00:00,2.061384997118219,4.470993519682364,2.3316923179743014,1.0290462973113392
2023-11-07 21:00:00,5.7174007183168705,3.683672913767991,4.860833513696534,1.4322560024292448
2023-11-07 22:00:00,2.096077002076406,2.5739388065981297,3.305839148193568,3.20062541715119
2023-11-07 23:00:00,2.34309433254853,3.71274465493195,3.3086272248756017,2.8279967044594274
2023-11-08 00:00:00,4.331997464555389,2.750027194312113,1.3390370507403495,1.0589917534354538
2023-11-08 01:00:00,0.1,3.821779358288749,3.162468811917827,2.373143592871856
2023-11-08 02:00:00,2.901862447505358,2.356173543946844,4.466690005411126,3.1468787289259983
2023-11-08 03:00:00,3.435507266482179,3.7216224832372595,3.517091780592502,1.8903442887753097
2023-11-08 04:00:00,0.1,4.13003437573652,4.543839291963961,3.410613327375732
2023-11-08 05:00:00,1.1481067805584053,3.8104330992277724,3.6024988721131956,3.9828402604931505
2023-11-08 06:00:00,1.2213986017044067,3.7794216793573017,4.1030154997524955,4.161237704317737
2023-11-08 07:00:00,5.182055640436595,1.3571876000820668,3.1530472154812146,3.694557555501367
2023-11-08 08:00:00,10.696226564717344,11.272708568308722,8.9832788124636,14.444832433204274
2023-11-08 09:00:00,12.500375061807537,11.993103446729593,6.057034759405114,13.035382883822939
2023-11-08 10:00:00,9.495349048838685,6.496003298173884,14.978747696783842,8.502632515076167
2023-11-08 11:00:00,6.265452359437845,9.31798349823367,12.703843667497349,9.127094117492383
2023-11-08 12:00:00,9.75827770951183,14.981683320093795,7.977137595889651,9.724086579955825
2023-11-08 13:00:00,14.592223686325159,9.676414036704307,10.210893075271908,5.257375081165661
2023-11-08 14:00:00,9.584151109894462,13.808046468418418,9.807721452783985,3.1731709867094455
2023-11-08 15:00:00,9.179739780252955,8.20163491421725,14.203461305737312,3.042138091163719
2023-11-08 16:00:00,12.354052967193455,14.416888393568971,7.565892286995171,13.861579840282198
2023-11-08 17:00:00,9.490006747625673,12.694053894855402,9.067035352488459,9.967326230311674
2023-11-08 18:00:00,0.14548835968298945,6.101991120947855,1.9819067076227233,3.036557643723139
2023-11-08 19:00:00,1.6344683384207217,5.559596650768068,3.9575310759883853,5.45087581889313
2023-11-08 20:00:00,2.3728079097248824,2.869756010562466,5.124945598444715,3.8377796414193517
2023-11-08 21:00:00,3.3021040256045247,2.6003790196766126,2.277042889095296,1.2106495709141143
2023-11-08 22:00:00,1.4535180667957488,2.045136653765183,3.7803454252101174,0.409780706120344
2023-11-08 23:00:00,7.232630001119018,3.383166396950374,5.02357996757102,1.5054964593105267
2023-11-09 00:00:00,0.3277813251470003,0.622309238435367,4.279843955140865,3.6222037213979177
2023-11-09 01:00:00,3.3513938948771034,2.7766184767136304,3.8773158368262988,2.337725154259315
2023-11-09 02:00:00,4.430064227726755,0.45215355459675344,3.683651218379027,0.1
2023-11-09 03:00:00,5.38039152862774,2.2290116395188,3.009565331334274,0.1
2023-11-09 04:00:00,3.1399219399344673,1.6823105880943343,3.0559583474501317,5.548429960734075
2023-11-09 05:00:00,2.8500908075337374,3.07703539758784,2.07329578524791,3.335411108403408
2023-11-09 06:00:00,1.827719050411515,3.8279832425606246,2.9995768683597066,3.807395986137152
2023-11-09 07:00:00,2.1919867065165533,4.0966445218017,1.646148589574901,3.2929045281876728
2023-11-09 08:00:00,9.147974386137554,11.508422671258083,10.732163699846017,12.94921113812209
2023-11-09 09:00:00,9.982569755406509,9.051594589685557,6.901655533719236,9.821319683831275
2023-11-09 10:00:00,13.389347162971518,11.103557934599383,8.105999054840009,11.06247949217431
2023-11-09 11:00:00,8.928614104851244,8.416669347387053,12.59464721392365,10.929082138499226
2023-11-09 12:00:00,5.507825120347683,14.280692286948918,10.164413723524978,4.459358139764675
2023-11-09 13:00:00,11.247316269410193,12.050798609871276,9.59928346824132,14.818876428443401
2023-11-09 14:00:00,5.644180991336679,10.610458040722639,9.62483142142562,11.47353869464188
2023-11-09 15:00:00,8.39686923317005,10.219266621795185,7.289636441712229,7.495490811517678
2023-11-09 16:00:00,9.6367019696193,8.113867730067854,14.21193394300894,13.07187906974274
2023-11-09 17:00:00,12.174564034546886,5.996133825318557,4.566646712340619,10.975954201062574
2023-11-09 18:00:00,1.6572265328933975,3.3353845286134325,0.5764954861997023,2.1275788108805678
2023-11-09 19:00:00,2.113066231932579,4.074076219566835,4.137577487645918,4.1523630544270045
2023-11-09 20:00:00,3.698803581517186,3.677325982306891,3.1862666763183376,4.092939282183367
2023-11-09 21:00:00,0.7725898986157702,2.001155256894007,3.070001211360865,5.253163793700004
2023-11-09 22:00:00,3.951236954098126,2.6474747215175505,3.5973878890644566,4.509236463196926
2023-11-09 23:00:00,3.4175160734797694,4.799104472388485,3.0658917928840106,1.0960424070415355
2023-11-10 00:00:00,5.755255319908499,3.4211821183902575,2.7532782353195073,3.9830355497564467
2023-11-10 01:00:00,3.887471317798716,2.3877864404160105,4.131616535705195,7.424919159680074
2023-11-10 02:00:00,4.645034586269624,3.6247789617581176,1.5912220220269377,5.6368205528385005
2023-11-10 03:00:00,3.243630394534121,3.3029632076151243,3.255934765138695,3.487503172478071
2023-11-10 04:00:00,2.104546789216965,1.9790809828132805,3.0448631206948384,1.7580913114338306
2023-11-10 05:00:00,2.107036477881917,2.915982886709511,3.5003980633226117,4.044412736261715
2023-11-10 06:00:00,2.3095169404994262,4.053787481254908,1.0366087451653958,3.1433507770044558
2023-11-10 07:00:00,0.7679988812852168,2.8473401686099264,0.49594160279369337,4.573020540716458
2023-11-10 08:00:00,8.639873568080665,13.836792665609005,5.79619804579426,11.059291375324749
2023-11-10 09:00:00,9.138207419211327,8.815312785239584,11.353183304088516,12.525622494542633
2023-11-10 10:00:00,15.13572115529017,15.82710104465871,13.934247912240295,11.081657255351958
2023-11-10 11:00:00,3.031568304325728,13.00509205485304,9.77851068102852,14.375132410384097
2023-11-10 12:00:00,12.430318988211276,9.971412565710645,13.725980433732339,11.474693279358565
2023-11-10 13:00:00,11.921653575868294,6.331035125531635,10.241193727738896,8.688128203640597
2023-11-10 14:00:00,5.291960684836544,8.901693904580428,4.299225931594917,8.537023136276055
2023-11-10 15:00:00,3.7454703787884416,13.096533599808712,13.289285562724015,9.717177434866983
2023-11-10 16:00:00,12.933926101010371,4.851442502648585,12.75799386467665,8.58643881575983
2023-11-10 17:00:00,11.992612447947312,6.593433443097823,15.75177658770619,13.504825844885925
2023-11-10 18:00:00,2.9005114602978717,0.8226212250302982,2.9721112139187045,1.1639301986564885
2023-11-10 19:00:00,2.284341062210544,5.775853699940599,4.112597097949326,2.2326997990927926
2023-11-10 20:00:00,6.1089612532559325,2.652403014581981,3.8658994682746277,4.5148287293637965
2023-11-10 21:00:00,3.5099027484746665,3.9969355265884468,3.8730478176683456,4.618748144670596
2023-11-10 22:00:00,1.490809302582552,4.156732120887117,2.2514337399448765,1.718404109932452
2023-11-10 23:00:00,4.253333652291225,3.137061926982099,1.9760410880264092,3.8861772418051697
2023-11-11 00:00:00,6.240450967031657,4.98238024475469,3.6619466699200505,2.2503564472834077
2023-11-11 01:00:00,3.806003156963829,3.5884147689578283,2.2393568742707224,3.663803674574886
2023-11-11 02:00:00,3.9572746220213495,2.1690817578973034,2.1206279728597597,4.634875266586228
2023-11-11 03:00:00,3.033541099987213,2.1806740305201324,3.6301003410571653,1.9352585569015273
2023-11-11 04:00:00,1.3443854255399583,3.183486592929674,3.8286598605365487,3.3998377097700776
2023-11-11 05:00:00,1.7719441164130179,0.21197211136831617,5.014812953178292,6.6135190355162665
2023-11-11 06:00:00,3.3499916874823836,0.9674720494658988,2.761654161251251,1.2511433689333882
2023-11-11 07:00:00,1.8539761757389241,3.16104389842091,4.553040021485851,2.9238001311902364
2023-11-11 08:00:00,2.0546817351580784,3.4512205500921564,1.848105002992345,2.8460128022536004
2023-11-11 09:00:00,3.10546213099464,2.6096520151394085,4.217701384478125,2.488968252208152
2023-11-11 10:00:00,6.504905260846625,4.177369304475714,1.3890447520819478,1.7110898819489349
2023-11-11 11:00:00,3.194610327135034,0.1,4.537520733468595,4.7885181946366036
2023-11-11 12:00:00,0.9550700993587271,2.1273033899355287,3.7912272610097,6.089007250847333
2023-11-11 13:00:00,1.7369961924367794,2.821867794248425,1.6884206750925386,2.353637569328169
2023-11-11 14:00:00,2.685043979385117,3.8931682637417255,0.5485971571864381,1.2868545422297888
2023-11-11 15:00:00,1.3709993840839072,3.0273189888172354,1.956837019134798,4.327348836549214
2023-11-11 16:00:00,4.604473104011443,2.362563264872684,2.860308733783245,0.6005566943272802
2023-11-11 17:00:00,2.627292366152704,2.4326264527981065,4.624252091770359,1.676995614460772
2023-11-11 18:00:00,2.511749964776612,0.1,3.42410699177983,0.44842763060464375
2023-11-11 19:00:00,5.37742793261206,0.1,3.824035017061592,5.599568833316471
2023-11-11 20:00:00,5.171048331146779,2.575210046358686,2.573397015489067,4.643295859073296
2023-11-11 21:00:00,3.452341308733042,3.5512620665517005,4.565443028263635,4.251945945538575
2023-11-11 22:00:00,4.444898981002291,2.0514621772150226,6.110210814686479,5.346907820341494
2023-11-11 23:00:00,3.8967457033717556,1.7522820064083544,2.3455711703952344,1.8001508884031003
2023-11-12 00:00:00,2.4505450286277624,0.8995942313435705,6.390730201847673,3.6340946274042234
2023-11-12 01:00:00,2.255203684330541,2.173039828430756,4.093227262633496,3.6956050695731726
2023-11-12 02:00:00,2.8452469336843262,2.2350850602040353,0.1,5.201657024919105
2023-11-12 03:00:00,2.417882366397598,3.675036392034601,4.529288178559561,3.1364471335604382
2023-11-12 04:00:00,3.921752117238645,1.7039260348160719,3.96772773018661,2.2096092491380657
2023-11-12 05:00:00,2.985562655757232,4.885576762652943,2.7650527264835585,4.025938098552838
2023-11-12 06:00:00,4.396564824847534,3.327452719442963,2.474286433616271,2.785822422322526
2023-11-12 07:00:00,4.148938737326478,3.8919662624288014,0.1,3.143171498866566
2023-11-12 08:00:00,4.750554772758924,1.4670357621759291,2.5334352786218894,2.2186501250680255
2023-11-12 09:00:00,2.073615054300504,3.59468656128702,2.864908645076862,2.080407395759159
2023-11-12 10:00:00,3.253557094941412,3.1696125910611515,5.0389615603718925,3.520197369656259
2023-11-12 11:00:00,0.4873139639167743,1.9629943686790092,4.564574066599676,6.013962399011504
2023-11-12 12:00:00,2.9353338812899827,2.795465730266722,4.284359011676019,5.518659836283787
2023-11-12 13:00:00,0.5097716957135963,4.599296660859259,4.414059981214827,3.961901978794366
2023-11-12 14:00:00,1.64463965096701,3.737142541999535,2.2031190023531977,1.6419398243182504
2023-11-12 15:00:00,3.394495290157615,2.488075251461378,2.739962559657599,5.834110112062094
2023-11-12 16:00:00,3.5221335818019694,7.2376217731949835,4.979138300722933,2.45898554732029
2023-11-12 17:00:00,3.7396350355260966,1.373081931308499,6.048857537607406,1.924582137956679
2023-11-12 18:00:00,2.142085583949168,1.7767132040227316,2.8962778605548096,3.751311900045
2023-11-12 19:00:00,3.0275237256328893,3.7570489262716285,3.30820465218683,3.850810962159329
2023-11-12 20:00:00,3.3506880048767758,1.4482119782454812,3.2827065257575057,2.5796238896592105
2023-11-12 21:00:00,2.379498032171779,6.379998125682982,1.4128803709406292,2.226935230147853
2023-11-12 22:00:00,4.182148447137641,2.860867408092618,2.746729143839829,2.2995337268767173
2023-11-12 23:00:00,2.241225229485939,3.0964675156057995,2.5426115180457836,3.337131988496906
2023-11-13 00:00:00,1.8516063433991952,3.5157765026221623,0.8567439464753033,4.136820941752524
2023-11-13 01:00:00,2.1578354381663125,0.1,3.9709935127324014,3.160741029384835
2023-11-13 02:00:00,2.9867086310793254,1.6680173783509682,5.790724868136699,2.085118457518387
2023-11-13 03:00:00,3.349711325500906,0.6684392308649292,3.27294407588264,2.2386519295266325
2023-11-13 04:00:00,4.457051590860234,2.212258249687794,0.15969736344007757,1.144501827046568
2023-11-13 05:00:00,5.401656493466228,1.2781875245871501,0.1,2.4484758702570035
2023-11-13 06:00:00,1.356328517772036,0.9992906963146804,2.9962303567489843,5.2911777855349555
2023-11-13 07:00:00,2.6574873452852845,3.109501634375902,2.93305311332681,4.481707163932569
2023-11-13 08:00:00,9.638344936159351,9.563610279176785,13.654053332299728,15.400608265865058
2023-11-13 09:00:00,12.478426947071137,11.381762948243846,8.755442648368804,6.807525527472094
2023-11-13 10:00:00,10.01853754105737,9.652075694386804,6.274543898076331,14.392517003159998
2023-11-13 11:00:00,4.841992776597427,11.192213793206356,6.20426254202904,6.709605482959786
2023-11-13 12:00:00,7.9445955286751335,4.613982044311339,9.135966905613756,6.298226339583243
2023-11-13 13:00:00,12.15454545001861,7.003471144175564,11.082409979676568,13.523879194599019
2023-11-13 14:00:00,10.746801559547094,6.083416195263851,14.667883274244225,12.681546267875277
2023-11-13 15:00:00,9.894341570877014,11.765206838411856,9.784825097491195,14.909108399766879
2023-11-13 16:00:00,9.710102872932875,12.691388747383346,9.967305765890835,14.05828371713201
2023-11-13 17:00:00,8.561908979866761,9.258119181491715,11.582882624208185,10.57660067885909
2023-11-13 18:00:00,2.988248166163718,3.5134291477866615,5.734808870997001,1.136779162990687
2023-11-13 19:00:00,2.997005568267504,4.417614645952114,3.2784355769162263,1.8665007001909548
2023-11-13 20:00:00,2.4921528977803256,4.160471740325455,2.6417550851723433,3.6820579445493804
2023-11-13 21:00:00,6.502321526773132,3.853322533555703,1.6863002403127894,3.0641710437812026
2023-11-13 22:00:00,4.226189816060458,1.554715954167126,3.172588617832873,4.428969906174981
2023-11-13 23:00:00,0.5605982649373962,2.918732494313408,2.5725555721512907,1.152257306446049
2023-11-14 00:00:00,1.5365912006983118,4.2549414608242655,4.246466410286765,2.7992217592582067
2023-11-14 01:00:00,1.2333047418177878,5.118179243429619,2.3299051859365285,6.741933555025995
2023-11-14 02:00:00,4.409540490677834,4.603750012571031,1.8830945603985727,3.1698162935331013
2023-11-14 03:00:00,6.015784087007209,3.6167700751483265,0.7732113016953046,5.549156726531674
2023-11-14 04:00:00,3.4499095077389246,4.321164659551685,3.1732691885405693,2.6383454159721795
2023-11-14 05:00:00,3.5077493425961235,0.2512501720684237,2.2449100405055904,2.475598545222095
2023-11-14 06:00:00,1.40553708013033,5.673796350705967,1.9125550720089266,4.006424969163001
2023-11-14 07:00:00,1.096900746571108,1.8975128963491312,4.547564705991418,3.6716906277935664
2023-11-14 08:00:00,11.356072159213703,9.880872318019145,6.934577282629121,13.950291889445321
2023-11-14 09:00:00,4.045023524159853,12.662710149683004,18.76656015963637,11.841149992409658
2023-11-14 10:00:00,10.646970477685937,9.144393939221887,9.994905704887747,5.364038890764635
2023-11-14 11:00:00,12.508694507136008,8.477645564792306,9.314078004168756,10.199196145328324
2023-11-14 12:00:00,7.510800764076139,7.696513825161658,3.892580096129807,5.523510777356611
2023-11-14 13:00:00,10.223468348737018,9.326836925300166,9.456772858945074,7.893534429391128
2023-11-14 14:00:00,12.793513977813408,8.01279083984258,13.298833511223506,13.483150750213717
2023-11-14 15:00:00,12.619971732770562,11.927970644378249,5.985929422094882,5.107742744232481
2023-11-14 16:00:00,10.582778754435063,12.072040994354396,6.810892469245019,7.737334822826795
2023-11-14 17:00:00,14.887886056259955,5.456090208914547,7.526733924110119,11.792711720950908
2023-11-14 18:00:00,2.949974946332833,4.315772288822312,6.834308322129713,5.639170786978532
2023-11-14 19:00:00,2.0589282338934973,3.2386573566037162,6.925688512125376,3.54515932086909
2023-11-14 20:00:00,5.981368567897543,2.394715717801594,1.0108361535412316,2.567814762400911
2023-11-14 21:00:00,1.6886768141155573,1.9626556143155696,2.6523510961311416,3.0243535891894626
2023-11-14 22:00:00,0.1,3.517592738640361,2.4803473579756945,2.3919790181105354
2023-11-14 23:00:00,1.5010933047874455,4.18970667702345,4.247730544933155,2.0256363043090024
2023-11-15 00:00:00,3.712701194266894,3.059599696921869,2.7916301561481314,2.0025913158094726
2023-11-15 01:00:00,0.2700462075853771,2.0556830908091084,3.1113204713427685,1.777063415398235
2023-11-15 02:00:00,2.6920119263938407,0.1,5.173247737668181,1.9923034991175481
2023-11-15 03:00:00,2.8540033530129354,5.026946342237935,2.7883948797234015,3.518310857235613
2023-11-15 04:00:00,2.778918339432653,3.0856414758418755,5.320699204051376,5.72825587655111
2023-11-15 05:00:00,3.993655237011698,4.933426793561857,2.172682762414155,2.1632316509129117
2023-11-15 06:00:00,3.140620703821374,0.7816851439581995,4.157881407318948,2.210852305179019
2023-11-15 07:00:00,4.6801009079317595,2.719642579249309,2.357648441420191,1.4929812084547534
2023-11-15 08:00:00,10.25498506295861,8.556299581192908,12.122222710720907,8.791918601984895
2023-11-15 09:00:00,5.158451986162579,10.466938967104273,10.689904134766023,7.344775913833432
2023-11-15 10:00:00,7.520011576504472,10.721291393650823,4.742988335204305,5.714426582485314
2023-11-15 11:00:00,3.800894448165473,14.539769954234739,8.287247560301086,10.01699625998892
2023-11-15 12:00:00,10.424213371773877,12.532346610629226,7.094524686045801,9.737986423775471
2023-11-15 13:00:00,5.533655797663905,9.517151871517258,15.125551782638333,10.394914009536066
2023-11-15 14:00:00,8.354015659051472,7.582952330844291,4.80027507166738,15.393044659300212
2023-11-15 15:00:00,11.41604563816279,16.307897497216416,11.800868421156801,9.289626965522025
2023-11-15 16:00:00,12.388190713519478,13.085068833916988,12.950361405851673,6.494156971265222
2023-11-15 17:00:00,12.068103717648409,12.161365517222809,9.354010663472687,10.87163758913296
2023-11-15 18:00:00,3.56829075467442,7.488552252614404,2.147289762011045,0.3240728035949112
2023-11-15 19:00:00,3.368457253616742,2.266163736644044,2.579174924082086,2.3505737746774837
2023-11-15 20:00:00,2.330289868593721,2.7707938787858253,4.652271793373933,3.449154359253371
2023-11-15 21:00:00,6.942624947300257,1.3539479211938639,1.5985481697267994,4.473597147191644
2023-11-15 22:00:00,3.2562498263295914,2.640474859646182,4.598896225614432,4.256588025016066
2023-11-15 23:00:00,4.718427279960202,3.1770516964998667,6.957822671593072,0.8936426830454529
2023-11-16 00:00:00,4.404259026405125,2.2016659515111376,2.432474888379136,1.28555992945588
2023-11-16 01:00:00,4.948412186873266,2.9106385443434437,0.8295919319395249,1.7151423786453097
2023-11-16 02:00:00,0.1,4.57436632244564,3.2772952946865543,3.007859268616288
2023-11-16 03:00:00,2.911231151523135,2.8061663816738442,1.994718336876974,5.253852421663368
2023-11-16 04:00:00,2.664879659050254,0.8549536417431494,4.403854552986859,0.7615278391211566
2023-11-16 05:00:00,3.166956210918389,1.5020547226780656,1.117873537356451,3.3900393284934744
2023-11-16 06:00:00,2.949920014286839,2.812645882392718,0.16997374801058296,1.699739422708039
2023-11-16 07:00:00,3.966360711198254,6.1381590862467466,2.957177715346105,1.4765270442160152
2023-11-16 08:00:00,10.790700073292317,9.55422284870507,7.655393457735233,6.955463216293204
2023-11-16 09:00:00,9.686193631956456,10.12263003808914,11.408453417766227,9.189948055414703
2023-11-16 10:00:00,9.324474667839604,10.607848270156666,7.933272192477574,3.912056346096538
2023-11-16 11:00:00,8.717491639505486,9.1779237377363,8.755809095389976,14.730854957397854
2023-11-16 12:00:00,5.435196079827653,7.814322422813114,8.67377680369332,12.61987515161013
2023-11-16 13:00:00,11.397692502512697,9.577052011083865,14.132666061595112,1.9285900407953456
2023-11-16 14:00:00,10.864889755886638,11.076223478220045,9.097509073468903,12.612285439893451
2023-11-16 15:00:00,8.523826463217722,7.944546758794206,9.381522628620198,17.69143514019496
2023-11-16 16:00:00,6.484392378281419,8.168610958008465,15.043166167199853,8.543284671084422
2023-11-16 17:00:00,9.431828922325554,14.01938011549134,7.097960610824819,11.202668975644801
2023-11-16 18:00:00,1.6206229041959754,2.522255394810887,1.942331476484648,2.238032317949508
2023-11-16 19:00:00,1.3986825639659903,2.8040465914381034,2.6185085797033274,2.701743855618104
2023-11-16 20:00:00,2.8855163162917896,3.079850404162221,3.417218252228977,4.107134542007172
2023-11-16 21:00:00,2.6757284256619305,4.859628053038222,1.6035679636772056,0.33788884633788774
2023-11-16 22:00:00,3.1395299839800876,3.1712369521793264,4.078101820612915,2.609726598435034
2023-11-16 23:00:00,5.559902043432391,2.9056236434121656,3.1085125000589944,5.5508935478297445
2023-11-17 00:00:00,1.6918478000620485,3.616933809415374,3.727109822859548,1.892016264371126
2023-11-17 01:00:00,3.8284806413760233,4.015882072253864,3.390175253301773,3.9512726556784727
2023-11-17 02:00:00,3.2806566118736145,4.387053047356358,4.846899261470149,4.015929583516217
2023-11-17 03:00:00,3.2973197824180263,3.161002027641076,3.55633979887046,3.124772073222199
2023-11-17 04:00:00,1.2529947999366922,3.3130533730500273,1.801578771339921,1.9043196576265238
2023-11-17 05:00:00,2.8095914179209673,2.3909729129901782,5.597659026782753,5.296009315587789
2023-11-17 06:00:00,0.6012907795006353,2.9726755673266196,3.9621969231139564,2.134628678980186
2023-11-17 07:00:00,0.45609055816420163,3.261376214500738,0.1,3.966494546228269
2023-11-17 08:00:00,9.482190171293986,9.404790711566497,12.917145940330808,14.647687368843524
2023-11-17 09:00:00,6.860725858127267,10.95601087436438,8.117595361131213,9.676605315857858
2023-11-17 10:00:00,7.632585016769083,6.1038954461907124,3.3908823162145367,10.633813886020132
2023-11-17 11:00:00,10.24388291104572,9.77971023427715,12.779778007158036,14.62716636876818
2023-11-17 12:00:00,13.243293977125555,7.5880490826653935,9.861146482612465,8.534106476701062
2023-11-17 13:00:00,13.447982735298869,14.202427469953065,4.912900984163658,12.278485746235507
2023-11-17 14:00:00,10.543539155341735,8.117606172394327,7.175121863141021,12.273145107089954
2023-11-17 15:00:00,12.674937880185558,13.347269199795234,7.525207554227543,7.812826356589995
2023-11-17 16:00:00,14.1274731860006,9.704348592772032,12.216746152211467,7.7376789079094905
2023-11-17 17:00:00,11.685347086517535,13.55620767943155,13.58121723034176,7.601600418106613
2023-11-17 18:00:00,2.8592802228523677,3.6707291085512526,4.069816308318402,2.9062917670863198
2023-11-17 19:00:00,5.636605692034303,0.7946821388936285,5.888661626424575,1.3792632582204278
2023-11-17 20:00:00,1.35005107906107,2.065754555936457,2.5543619729524423,4.282328392571007
2023-11-17 21:00:00,2.3335987220646053,0.35302940646726455,3.0267459659486424,4.16205267835825
2023-11-17 22:00:00,3.7175575574865434,6.245911863868092,3.0246840599436475,5.1337302438744015
2023-11-17 23:00:00,4.787047772765186,2.066050578575447,3.186110586447443,1.3384521921970665
2023-11-18 00:00:00,2.00074655620689,2.522721705262633,4.3659135540380785,1.31555419529036
2023-11-18 01:00:00,1.835275046976142,4.870190681308056,3.784986760041777,4.690365856600067
2023-11-18 02:00:00,4.481905833236312,2.698063640179052,0.7502791555958734,3.130243144515347
2023-11-18 03:00:00,6.143465773356689,2.169650078046633,2.349353894931477,5.35677603422844
2023-11-18 04:00:00,2.8243196945043105,2.0047289685517278,4.262677787982843,3.109840437842691
2023-11-18 05:00:00,3.4975373490938537,5.713817666549543,4.027332042062676,1.6407207107622885
2023-11-18 06:00:00,0.735035297552646,1.9137911582663796,2.144771800561018,1.6367482994472977
2023-11-18 07:00:00,0.9539395764111953,5.235649307420109,0.7056881477021673,2.975939060994016
2023-11-18 08:00:00,1.7623866121522993,5.481707687608222,4.169817301518978,6.512870150661968
2023-11-18 09:00:00,2.3692144374075843,0.9682409026087351,5.625511214999401,3.5687685491068715
2023-11-18 10:00:00,4.0603808984224035,2.582869817953638,3.8994448343561805,4.454702259801195
2023-11-18 11:00:00,4.837527780329141,2.25133554720966,2.770973144043363,2.302560834017534
2023-11-18 12:00:00,3.402493898697457,2.1515255751804157,3.0606549116788595,0.1
2023-11-18 13:00:00,3.714038323198047,2.5310865414913506,2.4024085711264025,2.073430419562304
2023-11-18 14:00:00,3.438451425298032,3.301420970865224,3.2650428933528097,4.145467730594146
2023-11-18 15:00:00,3.2872766485999563,3.7505942988693484,0.7285214347866544,3.6422697393166406
2023-11-18 16:00:00,2.474275659764502,3.576985808877566,1.8449662897336534,4.2558935209786055
2023-11-18 17:00:00,4.482974233852399,0.1,4.996029555395638,0.1
2023-11-18 18:00:00,2.2368660980247976,3.2477282728212926,0.7792135305046157,3.3248261629153464
2023-11-18 19:00:00,2.0734339433103584,2.788138577579334,5.607057427595592,2.547847568674362
2023-11-18 20:00:00,4.567083821272007,4.765982873423381,0.1,1.072107723085686
2023-11-18 21:00:00,2.7664880998707013,0.6690778618448836,3.2574030560155176,0.6475702932868801
2023-11-18 22:00:00,3.742791877712955,1.9779241667386602,3.3735070907468163,1.8252414257933833
2023-11-18 23:00:00,3.2616549670579174,1.0482975310335694,4.347597721792765,5.285265149150202
2023-11-19 00:00:00,2.9326063393939132,0.1,1.366894434158481,0.1
2023-11-19 01:00:00,3.09713911935566,3.409171169708777,4.898990570044687,1.7428444574008521
2023-11-19 02:00:00,3.603222889032869,1.3731597860185074,4.148226103953897,2.750648195841999
2023-11-19 03:00:00,2.50420905618363,4.637672766561337,4.064127001412484,3.577536828517316
2023-11-19 04:00:00,5.053190036901336,1.6091769716602602,2.538992279491688,3.0467449970743306
2023-11-19 05:00:00,3.0721597566939236,4.227393474201575,2.556258286602105,2.377920442975094
2023-11-19 06:00:00,1.5387874291936976,0.6714894242901437,2.843513608029332,2.7306869571836145
2023-11-19 07:00:00,4.150562107443153,2.6541953658760775,2.804081552334116,3.5807551556077164
2023-11-19 08:00:00,3.914694739590808,2.5026327857924753,3.455958161299095,4.404556666747365
2023-11-19 09:00:00,3.651757408103105,4.428186238253135,4.330247573767809,3.0805478849185026
2023-11-19 10:00:00,0.7478398075175181,6.210411782407348,0.1,5.920780208713684
2023-11-19 11:00:00,2.988300327841725,0.1,4.103565316019413,4.117359211141233
2023-11-19 12:00:00,0.5424055765771354,0.999209664794134,3.0320043873305305,2.3019983839031575
2023-11-19 13:00:00,2.7665168994299285,6.443744253120957,0.10482504768959178,2.5997935408070556
2023-11-19 14:00:00,3.822010263199891,3.123209535394923,3.3244978731348245,3.376437339126916
2023-11-19 15:00:00,2.7790542936422766,2.280806852296763,1.86603863918847,2.91233758222986
2023-11-19 16:00:00,2.4991380062660262,2.2511915480318274,3.3326420290970815,2.0370800270220397
2023-11-19 17:00:00,2.9492775873951986,6.838814439059382,3.951266854137188,4.732076416178714
2023-11-19 18:00:00,2.155108056907425,1.0636974869883533,3.6123905398995557,1.2696475164145844
2023-11-19 19:00:00,1.335033402472313,4.49039611718342,0.1,0.3928875027852974
2023-11-19 20:00:00,1.7177187395135052,3.357651429157589,3.6293330994579893,4.009739064702822
2023-11-19 21:00:00,5.176541691389394,3.7151949254272867,1.1364575794423621,2.4966036698909235
2023-11-19 22:00:00,3.657881832241059,5.388621870595516,1.7362438585663598,3.5505919879675876
2023-11-19 23:00:00,4.285819963019431,3.672449874286008,3.311189130684714,3.2571397283654115
2023-11-20 00:00:00,3.6677263126638575,2.9590034351684196,2.9548117890972474,4.479786128156972
2023-11-20 01:00:00,5.642100362764749,3.8981600558303526,4.765218182660089,2.573846920338012
2023-11-20 02:00:00,4.796514792715436,2.3360268033799443,2.5742438676806847,2.5738013294260487
2023-11-20 03:00:00,2.6932024497919613,0.5087269048788055,3.3106266118462715,4.273371222899355
2023-11-20 04:00:00,3.676708119162309,3.2102654353539912,3.0193816373055364,2.5001834478096896
2023-11-20 05:00:00,3.247722622011679,3.051577925148881,3.182871654908063,3.1101088524420613
2023-11-20 06:00:00,1.680765108541282,0.2389930484686138,4.05247354314876,2.0582288047858612
2023-11-20 07:00:00,1.6893041087946328,1.0578702436329397,1.5721428907543062,2.770671685510501
2023-11-20 08:00:00,7.449427392508025,6.508911534327764,5.2222839494356945,12.119454046408514
2023-11-20 09:00:00,7.894147992354236,7.527313838007316,4.65258915579826,5.999408972108908
2023-11-20 10:00:00,7.045984419818211,13.882465882275502,16.080156972334304,8.412575722539577
2023-11-20 11:00:00,6.232267379695188,7.944432921774612,7.544724377955838,11.901388312862693
2023-11-20 12:00:00,15.009701984249228,10.267613043084237,8.03183295393245,9.713892339401752
2023-11-20 13:00:00,9.84901246789712,9.625941962293009,10.439440483065635,8.453356881434951
2023-11-20 14:00:00,15.496089672077945,10.031755021928662,6.928437422790763,10.903670232201168
2023-11-20 15:00:00,9.450136364025026,12.732907621727708,14.411038807828326,14.662503161376648
2023-11-20 16:00:00,6.039381017195742,7.7245017285734905,11.818009847047708,15.74291364614682
2023-11-20 17:00:00,11.170826527277075,9.085357705388784,13.475618053757405,6.4036973512867315
2023-11-20 18:00:00,2.7848628423164965,3.558090229065538,1.6602496805468472,5.508337778529942
2023-11-20 19:00:00,2.031415488635779,4.010585986120539,4.137988562577281,1.4659223509388881
2023-11-20 20:00:00,2.1873602375298358,3.879276154575474,0.9605963537387034,5.134920745046082
2023-11-20 21:00:00,4.976417182257697,0.5856054700444657,3.1674803439417842,4.158465770862872
2023-11-20 22:00:00,4.746414520582769,1.37540418017571,3.6595030451971517,0.8443509166268619
2023-11-20 23:00:00,4.0329948195659435,0.788825179165034,2.145202030325037,3.7487449797149237
2023-11-21 00:00:00,3.1400059562960814,4.882600778676287,6.656512819408416,3.2048290710154146
2023-11-21 01:00:00,3.52086414799283,2.381779401308534,2.650412313551972,3.2699520589499467
2023-11-21 02:00:00,3.1212779574552685,3.836844806679606,5.533154697263434,2.818956386318478
2023-11-21 03:00:00,3.020509369277561,3.614318985316222,4.313958235219851,2.8399096662176335
2023-11-21 04:00:00,4.090866130680832,4.057861298723897,3.7760417379984332,2.2872216608275657
2023-11-21 05:00:00,1.8910433501835862,2.0112783359665745,3.175817849679086,3.448755975796698
2023-11-21 06:00:00,3.3347612931012587,5.185902147337968,2.8729604962250366,3.154026380854464
2023-11-21 07:00:00,6.274414168956689,2.973523960021989,5.182440002286063,4.163771679822121
2023-11-21 08:00:00,11.145510074025516,6.28729663254142,7.572934336556253,14.71116785297983
2023-11-21 09:00:00,7.699875117850599,11.629800122307344,14.096551240602437,7.32784732809637
2023-11-21 10:00:00,4.10579949388345,9.048425134175138,14.145851688740441,6.338838261477863
2023-11-21 11:00:00,10.084417740394692,5.382335574516445,12.758905986341933,7.518306791616
2023-11-21 12:00:00,10.091198211165949,9.238552579058535,15.548599196195378,8.767105101990897
2023-11-21 13:00:00,10.050859480790454,14.293481482288591,11.779976274677196,15.002302002721162
2023-11-21 14:00:00,10.038704864317042,9.22775064452535,13.038513907846278,13.849559579793898
2023-11-21 15:00:00,14.39166176357896,10.760801176407595,14.648992153281,7.392935391207132
2023-11-21 16:00:00,10.229643687609933,12.555414937590808,9.901243153455692,9.873616540365484
2023-11-21 17:00:00,9.44903019952489,6.156956145505021,9.08108123482966,11.20808548739165
2023-11-21 18:00:00,5.215067835882345,0.321302111526653,1.0721808702297493,3.227505496352105
2023-11-21 19:00:00,2.437215159427252,4.376901941729743,1.572253343597426,5.032067863595254
2023-11-21 20:00:00,0.36095122119538825,5.550934655960125,1.8701446701888107,3.414406326944439
2023-11-21 21:00:00,0.7546033320840686,3.5931762809686183,2.965315402858498,4.844801571659851
2023-11-21 22:00:00,0.1,4.196229266088064,3.305830817290812,6.0522029671439554
2023-11-21 23:00:00,2.752681351806104,5.630144058593614,0.47741184462418307,3.898433998967435
2023-11-22 00:00:00,3.0539862194350476,1.7989220632962504,2.4407056787700356,3.670024717056874
2023-11-22 01:00:00,4.992118263759423,3.810137059362667,2.9784590249036778,4.1111249396339815
2023-11-22 02:00:00,1.2663304920025484,4.037527833223545,2.76641814864759,3.3834674177920485
2023-11-22 03:00:00,3.63880859185147,1.1747181335093047,1.8580689809861375,3.327715260126961
2023-11-22 04:00:00,5.802146681648521,4.083810080411926,5.896848296353596,4.37607208323058
2023-11-22 05:00:00,3.8188702158829457,3.073547577394276,4.591012083929879,3.016058631078314
2023-11-22 06:00:00,2.167443500719373,3.357273938400061,2.3884460543478747,3.1528222456685113
2023-11-22 07:00:00,4.088887694536456,1.269253871008348,3.6751992938963234,0.1
2023-11-22 08:00:00,11.294962942746697,8.417494400432616,12.75746479832957,8.43177853590822
2023-11-22 09:00:00,11.23534364039719,10.023321307894024,13.707159891255294,10.831257450542244
2023-11-22 10:00:00,10.359166685893832,7.446992154483015,10.868383326717105,10.129549380770458
2023-11-22 11:00:00,10.147870178206697,16.24195988185187,8.563587612134484,9.222955851705308
2023-11-22 12:00:00,7.308831667633837,5.6150116638582,10.866399002040861,9.256525151151966
2023-11-22 13:00:00,14.62512722787617,11.789223470668473,8.341983118881942,5.241668176559052
2023-11-22 14:00:00,7.818624417761318,14.438337465698382,10.548984676050829,11.38808704935138
2023-11-22 15:00:00,12.176101672533598,18.182399166594948,9.068308793779485,13.312580885717507
2023-11-22 16:00:00,10.019361497276806,6.237981663277015,8.497589913176753,13.190280936427236
2023-11-22 17:00:00,13.41667485975719,8.039870007390544,8.11015789468118,3.32756224042104
2023-11-22 18:00:00,2.9767656918245993,3.1591409035773115,3.969983336099337,2.973169323633917
2023-11-22 19:00:00,2.3773973606774805,7.008387497553745,2.046286751336215,2.4451845806419
2023-11-22 20:00:00,0.6868810615959706,2.3069336531663156,3.3803099317711034,2.9233572319970698
2023-11-22 21:00:00,4.374879368043521,4.351432939944386,1.1711716118665754,5.7756544013888105
2023-11-22 22:00:00,2.5554963710213427,2.058768802898844,2.7089732804594906,4.580132760509205
2023-11-22 23:00:00,1.6375626038217719,5.175316022326696,0.4177365138593765,1.1415980603847684
2023-11-23 00:00:00,5.053988001385387,3.753553505411279,2.9562062909595204,6.6543130249153295
2023-11-23 01:00:00,4.332818724865349,4.085767917507514,2.217279288864749,2.8790960170063338
2023-11-23 02:00:00,2.2132035414294284,1.9601678940978373,0.39738107114042487,4.972916171612081
2023-11-23 03:00:00,0.1,4.8553812009979875,3.5907545010034596,2.9571834587837116
2023-11-23 04:00:00,4.137212991731307,1.9833967130528876,2.5163014584002186,1.9003074821274606
2023-11-23 05:00:00,2.672606866050625,3.4159017024949416,2.713994141541918,4.236081451438069
2023-11-23 06:00:00,0.1,2.920153389337998,5.190820258941486,2.381881585222767
2023-11-23 07:00:00,0.37151549226944613,1.8289743453121097,2.7411464556695257,4.02026060765555
2023-11-23 08:00:00,6.471267875204142,5.621159949571392,12.114827829373699,8.451649891983994
2023-11-23 09:00:00,8.187774209727934,8.781128510760269,11.330700976526034,11.760000418268298
2023-11-23 10:00:00,4.076232413651027,6.729105696071846,9.914895574495057,5.21410655044404
2023-11-23 11:00:00,10.486530467316149,8.846282019256869,9.500063717278142,9.23736499520832
2023-11-23 12:00:00,9.785077959452343,8.076266668383823,6.102284428939593,8.863000214570077
2023-11-23 13:00:00,9.089013479043317,10.433095232426165,3.7127409086076657,7.4190716091528195
2023-11-23 14:00:00,8.58156807372088,0.6407800361205211,6.201285205553546,12.205664624755613
2023-11-23 15:00:00,6.9399856025687905,7.002684953183032,12.81102743771028,5.101001363155627
2023-11-23 16:00:00,5.3962815559628705,9.284374248791824,8.571378837952405,11.993378895403984
2023-11-23 17:00:00,8.132421122625482,12.195051870444264,9.697624088335116,9.952518476656946
2023-11-23 18:00:00,2.17106921619665,1.0565715068960668,1.6597382470421729,2.301820354050771
2023-11-23 19:00:00,3.08348564233847,3.894738812129745,4.157870864436512,5.152484087485289
2023-11-23 20:00:00,2.43376078682938,2.199863464104088,2.214979516630545,3.6571609413987947
2023-11-23 21:00:00,3.9229600634574036,2.5834383186906225,1.2348480135945687,4.4226491516793995
2023-11-23 22:00:00,1.812730222662635,3.8895913480515603,2.067596627958878,3.6898207110619827
2023-11-23 23:00:00,0.27648575524776353,2.5003957827910566,2.392832762523405,2.764534790234325
2023-11-24 00:00:00,5.095774068522021,4.124914974879689,0.1,3.8695080552081897
2023-11-24 01:00:00,3.964242472437243,4.182483804609549,3.1245416480065558,0.5309956145209855
2023-11-24 02:00:00,3.3639439457373452,1.6151150432597863,1.349591565527792,5.315810186803953
2023-11-24 03:00:00,2.0951374691247944,3.2120372027065476,0.9901755382292086,3.3130420075740354
2023-11-24 04:00:00,3.318547414359458,2.522147201896028,3.515426540537558,0.1
2023-11-24 05:00:00,3.6245976079848954,2.314546690282974,4.367728220191607,3.377364383860328
2023-11-24 06:00:00,2.496507199810414,3.8767388974837287,2.0324502175737282,3.5884030313551243
2023-11-24 07:00:00,1.847928356457568,4.303303996524388,2.2398956339981773,5.662855716891174
2023-11-24 08:00:00,8.148936372355555,11.171773399128519,7.416062785569726,8.075101433870028
2023-11-24 09:00:00,6.687346036053247,5.119361890443041,12.925831014971928,13.769318160175578
2023-11-24 10:00:00,12.687790156555616,12.754799686641883,8.32388389868842,11.708306975896086
2023-11-24 11:00:00,7.893738119946097,3.975545220713099,8.294150630845566,13.154402011331584
2023-11-24 12:00:00,12.199647872811864,8.838083188477077,11.202076973086795,5.723999716964412
2023-11-24 13:00:00,12.315816673387198,10.182602666853445,4.763996754638816,11.46518459444911
2023-11-24 14:00:00,10.287796046235828,7.780199741452314,6.92974462260685,13.069515697666555
2023-11-24 15:00:00,12.432610236797666,7.939151859803054,10.006059584917143,12.410043415193368
2023-11-24 16:00:00,7.156523811848155,9.158045513176198,9.786755366801666,12.409945368447078
2023-11-24 17:00:00,10.783349090568771,14.39275900776801,16.276074468828153,6.282178393985422
2023-11-24 18:00:00,4.359060608068273,4.3854719831466635,1.960741558855942,0.5209775940103696
2023-11-24 19:00:00,5.919666805351907,4.317516644411448,3.7280644917988455,4.137918729811604
2023-11-24 20:00:00,2.6673862706517957,2.5487425519043314,0.5169179063297697,4.514785620382966
2023-11-24 21:00:00,1.67783320570987,4.44680904929454,1.3696055927100421,4.212050044394413
2023-11-24 22:00:00,0.1,2.1516053889807667,1.9426821863059818,6.799890374476279
2023-11-24 23:00:00,4.474609319243925,0.2601055587335299,2.3414929796313455,4.292452632299305
2023-11-25 00:00:00,3.1566543864511085,3.727199001730921,4.330279499641129,4.094075286189388
2023-11-25 01:00:00,4.65084576113887,1.5248670764200365,1.330652908046202,2.7405548259337507
2023-11-25 02:00:00,3.998133560376176,2.412450850857369,3.725333787739244,3.2389957658743005
2023-11-25 03:00:00,4.040583943047285,1.8648282836417598,2.466680791840785,2.8286389393962463
2023-11-25 04:00:00,1.6229115774101748,5.296610958643393,2.0180245988961687,3.7931121593414945
2023-11-25 05:00:00,4.726198184934809,3.294252266916855,1.422657851820269,2.4912613043745555
2023-11-25 06:00:00,2.741462200932295,3.848329765218317,3.557347657624184,3.4883348943112917
2023-11-25 07:00:00,2.816452298738331,4.572282200600745,2.5337562170307355,4.021830639929229
2023-11-25 08:00:00,3.871102022440069,3.440014170821857,3.945416467766448,3.748963719233498
2023-11-25 09:00:00,3.5832074353340078,4.019011533137041,4.295104684256359,1.0479546244491904
2023-11-25 10:00:00,4.92776900809719,0.8431426664704604,2.4628319951940822,6.90880344080523
2023-11-25 11:00:00,2.9115861218783157,2.417526405563344,4.507322100058666,3.596096324405747
2023-11-25 12:00:00,4.365128359159963,2.3394680170032114,2.3015944027557356,2.7931032786265817
2023-11-25 13:00:00,4.485605619672427,1.7615474086904777,2.47436738324441,0.4757636533313683
2023-11-25 14:00:00,2.618851434297413,3.105641976283806,2.720237236088284,5.285033301100876
2023-11-25 15:00:00,3.34523373612339,1.520448286181357,1.3082495499210574,4.522392808938618
2023-11-25 16:00:00,4.725502774253605,0.8200043264146659,2.5925088966345724,3.467008605597101
2023-11-25 17:00:00,1.7514665390384132,2.716071135169924,1.977045393146647,5.047632400696459
2023-11-25 18:00:00,4.881489986006166,1.9737691987522876,1.5490300919616966,2.6047978383980777
2023-11-25 19:00:00,3.668808997435468,2.202218414527409,2.8914447325832406,0.5755416526816504
2023-11-25 20:00:00,5.432574079632808,2.5673262336415346,2.7012754037723763,2.239473575401459
2023-11-25 21:00:00,5.219756950081514,5.170509170237085,2.8510608752611084,1.9821960873323472
2023-11-25 22:00:00,2.960421103510198,2.4057435156506464,7.06747433132986,3.49651762508103
2023-11-25 23:00:00,5.303654520427891,4.965896112586905,1.0225845614466498,3.5070793377564993
2023-11-26 00:00:00,2.559931568169592,1.10803058240281,4.193868202337649,3.7970972096353552
2023-11-26 01:00:00,5.195575727891326,0.45900789886226034,1.1430204014656415,0.8183773863494288
2023-11-26 02:00:00,4.53702650395787,4.456649819453414,3.099168967963609,1.0455859719164557
2023-11-26 03:00:00,2.424240901594934,1.4793021730293507,2.3956280805303867,4.682167396228472
2023-11-26 04:00:00,2.0131497227013293,3.5583445974626153,1.7803518088510233,3.7822386904067606
2023-11-26 05:00:00,4.913237736060671,1.8553752945272797,7.606616033156876,3.7365957380346324
2023-11-26 06:00:00,2.65435161026349,3.7042259123446,2.9779530061040025,1.1105863688986917
2023-11-26 07:00:00,2.6779350653499208,3.726814604588115,2.2355755306296508,3.8136602785571596
2023-11-26 08:00:00,2.9221978782830713,2.7431206715819503,3.905500313173466,4.138738759251268
2023-11-26 09:00:00,3.3605597501899855,4.157054614290416,1.1482106620294887,4.537329526220829
2023-11-26 10:00:00,3.8284026849799453,3.9800340803237724,2.302247173429481,2.9282506401542014
2023-11-26 11:00:00,1.0413257492144166,1.985172718722784,2.997382900919104,2.5919339333346523
2023-11-26 12:00:00,0.1,5.512750621482506,2.5263934701293107,4.1434959320010725
2023-11-26 13:00:00,3.7043998515704226,2.4243529893382543,0.1,3.9867884987990867
2023-11-26 14:00:00,2.8668881621367808,2.298610226242422,3.711230501341462,3.09797746313871
2023-11-26 15:00:00,1.3416081970090867,4.499198871905105,0.1,1.8812725463011755
2023-11-26 16:00:00,2.88351003093199,2.6296365862280218,0.6529103824868567,2.8466341940091717
2023-11-26 17:00:00,2.154382323627188,2.1408337172472627,5.491807300800236,3.3554628023304325
2023-11-26 18:00:00,2.7970119199642385,5.631743328953195,4.690613710852485,2.1721218169179233
2023-11-26 19:00:00,0.1,3.36019694756683,4.0488134284636,0.1
2023-11-26 20:00:00,3.7276517298807312,1.6091994143810182,1.8575614167280265,4.7236438097029865
2023-11-26 21:00:00,3.5485136063711975,5.033929532453794,4.104594500253662,2.6280608015660336
2023-11-26 22:00:00,2.8148802081522035,4.215282047222566,4.005913350538163,4.576654200349312
2023-11-26 23:00:00,4.34169797624398,3.8492243670010087,2.642121285306572,3.652039941194896
2023-11-27 00:00:00,0.29241781464676997,2.582506286981303,2.1923308974740947,1.9267613108842216
2023-11-27 01:00:00,1.4139444709915387,0.5681608534857774,2.9115822309910304,2.4835427312555343
2023-11-27 02:00:00,1.5587283366831757,3.096575262283457,1.6511773117028048,2.6363089249710887
2023-11-27 03:00:00,5.64051912709661,2.201439164392539,4.3032689214331015,4.998732637086745
2023-11-27 04:00:00,3.2298500822354375,1.6855735460216215,1.3452911200055093,2.2635071083925773
2023-11-27 05:00:00,1.0733443226211024,1.4921327065715893,2.1360775389177498,2.984470099628064
2023-11-27 06:00:00,5.557421636326705,1.0394788139042732,3.2478951199818895,3.7120655875041777
2023-11-27 07:00:00,5.32589589168755,2.654140294923147,0.12288550942001253,1.793160669142991
2023-11-27 08:00:00,5.582955119613967,13.0574064336949,11.143540399583612,9.04791404480264
2023-11-27 09:00:00,5.771034858883368,12.286616300674108,11.094672416448608,9.92905623343894
2023-11-27 10:00:00,14.502607160860553,8.744757669795968,10.174004056049517,9.817652722578478
2023-11-27 11:00:00,15.921722157989475,4.623382583805679,11.557954673875201,13.098557559468313
2023-11-27 12:00:00,10.923133939686375,15.972330938253219,10.23727034719705,10.006002092002499
2023-11-27 13:00:00,10.563741429090527,6.024900874812266,10.899583515012178,11.691073501910264
2023-11-27 14:00:00,9.986866820761689,10.773181657752769,15.393687089803858,14.150244653048667
2023-11-27 15:00:00,11.02147339963195,5.6071779444478995,8.30714715601093,9.64783333079282
2023-11-27 16:00:00,10.33695795844312,15.648692055112978,9.08381916529923,10.461089813430814
2023-11-27 17:00:00,8.120541663095263,10.96233498028409,11.997305655464547,12.238638361099303
2023-11-27 18:00:00,5.6828865971302935,3.958270455413282,3.5699911852862076,2.5616925583202814
2023-11-27 19:00:00,2.432055688123431,4.605948023538696,2.1393785187938006,1.6792662298494605
2023-11-27 20:00:00,4.069995478836459,4.787344645480544,1.8787679729029243,2.0512301950167853
2023-11-27 21:00:00,2.1941848521837084,0.6774015188966755,3.5328230467700092,4.030172750942421
2023-11-27 22:00:00,3.207743516933162,0.8730398353928885,2.406067428486674,1.704098359998852
2023-11-27 23:00:00,4.156145376092372,0.6346672485087201,4.630826067516611,5.123639815997649
2023-11-28 00:00:00,2.796037586608747,4.021626381346844,2.2824369077114692,3.590411270551624
2023-11-28 01:00:00,2.595023399266812,2.1955112585256593,4.5277665402279474,6.325934197992195
2023-11-28 02:00:00,3.8590502410642973,3.6794556147502213,3.785435425445313,2.7351033700948246
2023-11-28 03:00:00,4.278454859841396,3.5236149065701174,4.321379190424425,2.9099288319506806
2023-11-28 04:00:00,0.1,2.335423047937577,4.006821805063391,3.666145179521182
2023-11-28 05:00:00,2.663978002429671,1.1973760193016636,3.7092016060641133,4.9174305484320975
2023-11-28 06:00:00,5.114982173405446,1.881823227505913,3.858668430101859,4.334347531984605
2023-11-28 07:00:00,1.3003742364220017,1.8005097979689428,3.3179800507523014,3.4839987032233606
2023-11-28 08:00:00,7.837133292124993,10.348455515517184,13.756025133596617,13.565602947142773
2023-11-28 09:00:00,9.561758833010323,8.107954387691064,3.782628602702461,8.36495435104596
2023-11-28 10:00:00,8.546604979467396,11.295897846659132,8.249255379944582,12.15237125293061
2023-11-28 11:00:00,9.594674424989574,12.486020778800523,12.849765643030624,12.402015254350513
2023-11-28 12:00:00,13.320841671025796,14.378323956468066,15.134324206823765,9.022026054232636
2023-11-28 13:00:00,10.424435710695876,13.284172432218455,11.959062540650915,13.850090477147445
2023-11-28 14:00:00,5.873972264349658,14.04642337733652,8.601316841061045,11.42557231563606
2023-11-28 15:00:00,13.484442186320901,14.113150467676897,10.844975799252481,8.60165667197532
2023-11-28 16:00:00,16.208947998864687,11.200256228181004,13.763534921570526,8.80188382506611
2023-11-28 17:00:00,8.310783570866018,12.476005296764832,5.584915252236546,11.6399798925372
2023-11-28 18:00:00,4.858322612053024,1.8283109076686812,3.4656196020134487,2.2565736198029223
2023-11-28 19:00:00,4.539606867977371,3.0317118104622898,3.0394089273601406,2.3073394114088046
2023-11-28 20:00:00,6.201744275099998,1.2677901384556436,5.40304142135702,0.11247663940145936
2023-11-28 21:00:00,2.7885481491071737,2.6053522729052334,3.9177937269480303,5.345822906453702
2023-11-28 22:00:00,6.688566060185893,2.581857961059633,3.5779818585237213,1.6318001914302074
2023-11-28 23:00:00,2.983832655461096,2.4265871807463526,2.4813545576168203,2.0498267566596677
2023-11-29 00:00:00,3.3339977650133616,4.8379388802074095,3.8531634999696176,3.3130781698768854
2023-11-29 01:00:00,4.5993477733628625,3.3154073699358206,1.3748304133925418,5.421544309416976
2023-11-29 02:00:00,2.754090835217159,1.6769704955337248,1.3480874608512505,1.7698313043379965
2023-11-29 03:00:00,1.5024606161491174,3.050639893626843,2.0192101517644487,2.075350020642363
2023-11-29 04:00:00,2.417057501828387,1.540546649241331,0.1,3.9380551624279225
2023-11-29 05:00:00,1.685885292853885,1.4003474861525305,3.1061082232592767,2.8492120882669862
2023-11-29 06:00:00,3.3143115472129585,2.494995828585875,0.19689833986990246,0.852043961791042
2023-11-29 07:00:00,4.692807555285041,2.063626722867131,0.48266708930158897,1.9664869059009482
2023-11-29 08:00:00,14.123249538429748,9.12014315423489,9.229072573537058,6.536807761250008
2023-11-29 09:00:00,11.683170592825523,17.241533484681163,6.30189930288957,9.735586833463072
2023-11-29 10:00:00,11.330460318287507,8.184834568351278,8.180008828120652,8.279330210035974
2023-11-29 11:00:00,4.768178958740364,11.838742840163842,14.080591098945877,9.903477292314035
2023-11-29 12:00:00,10.67220012302237,12.344794025561269,10.46022083856487,8.448842121418913
2023-11-29 13:00:00,10.390725136541388,6.291687846247816,9.247779926250184,7.053161151097961
2023-11-29 14:00:00,8.537942781531664,8.000308090625424,9.892861568820205,13.222290065712528
2023-11-29 15:00:00,12.305856015651322,15.451779542004356,10.896937411700366,18.565713341678304
2023-11-29 16:00:00,7.462802724807999,11.069893080894774,8.425640536810821,9.563836989727314
2023-11-29 17:00:00,9.931082899026705,8.59664443286951,11.584394221478515,8.60100135687973
2023-11-29 18:00:00,3.650887286361754,4.565223851640528,2.1933473117123548,3.617264537750299
2023-11-29 19:00:00,0.6802269623652624,3.837071821138525,3.515821849834297,3.8889161618571197
2023-11-29 20:00:00,1.3144733635949322,3.99787009064803,2.7879567429165837,3.4439027296866778
2023-11-29 21:00:00,2.4734698754567632,1.955122463064626,5.46994504901162,1.5997363525830866
2023-11-29 22:00:00,5.570747237280095,4.771185843662471,3.0179212833812796,2.468871146599609
2023-11-29 23:00:00,4.0044392535941915,1.5359091531444493,5.0760951346227445,2.522212447798712
2023-11-30 00:00:00,1.3424495372934806,0.3173257437947208,2.068288614516095,6.2388074174054005
2023-11-30 01:00:00,4.183470857779796,4.938959018647185,3.9654227001727387,3.4900889122527072
2023-11-30 02:00:00,3.2370204082409995,2.226550819009195,2.1353282176736847,2.9022169554612542
2023-11-30 03:00:00,4.1741047648636584,1.8687229384619326,4.913885585375635,3.3162925481394803
2023-11-30 04:00:00,3.6745974327893154,2.8280660085183214,2.025568345571303,2.5041212225707135
2023-11-30 05:00:00,1.5750412659584796,0.1,2.5661772659125344,3.6706012255842744
2023-11-30 06:00:00,4.076987450077832,3.8029316444195924,0.1,2.612264672547742
2023-11-30 07:00:00,2.158183657332286,2.2790975095194117,2.4191388039349357,2.6155010473666978
2023-11-30 08:00:00,9.222004594943524,3.817005858540302,9.676599419272188,9.236113976557078
2023-11-30 09:00:00,8.148918407792948,8.337935327092538,14.371196321134281,9.984985571185925
2023-11-30 10:00:00,11.28645479098694,6.373004414740557,7.505345136040369,13.991029329739632
2023-11-30 11:00:00,8.122648828380179,13.403574734441616,16.460563550270876,15.084943224536696
2023-11-30 12:00:00,14.76778559895448,10.53559827272715,11.742232874595702,12.304086657892354
2023-11-30 13:00:00,5.981441328544218,8.710846331251386,8.323898353317439,7.482473312765236
2023-11-30 14:00:00,14.35046217412855,7.955423433861844,14.01853857890211,13.94360830969322
2023-11-30 15:00:00,11.021878931916719,17.36999616927464,10.796415339957374,7.049183055901962
2023-11-30 16:00:00,13.585934760166591,11.916919561648438,8.786948074776932,9.270349081409131
2023-11-30 17:00:00,11.328468804181412,6.417357176631557,14.118516139094178,15.14241300901478
2023-11-30 18:00:00,3.332950171653922,0.7110220799232945,1.8067638202820477,6.52279965441518
2023-11-30 19:00:00,4.590087326063413,1.8105182830018514,3.372766299051341,2.8442379068020767
2023-11-30 20:00:00,2.314375282411858,4.106975874292516,3.265313371505793,5.271052268670433
2023-11-30 21:00:00,4.097555114680404,4.795007982911515,3.5895764354806587,1.3291082706754294
2023-11-30 22:00:00,3.2730064521116677,3.3021895933650645,3.3857334998017024,1.570383721447594
2023-11-30 23:00:00,4.0967423892146915,2.3893227393470235,2.9089770732707834,3.2330934765691177
2023-12-01 00:00:00,2.4832701480478354,3.7071287693920207,1.829561387062606,3.781772648851491
2023-12-01 01:00:00,3.340905737089929,2.0527367276064323,2.4077097547210595,2.880987397540164
2023-12-01 02:00:00,3.245067437588519,2.113194572914349,2.480831610236263,1.6356677443445555
2023-12-01 03:00:00,4.919815456130124,3.148143807884036,1.1154119139687029,2.63862085921211
2023-12-01 04:00:00,2.128646930494736,0.1,4.284040716440124,2.618576446260184
2023-12-01 05:00:00,3.3348270852900055,3.589276679560081,1.8901866805192715,3.2987397865873116
2023-12-01 06:00:00,2.8927825260672937,2.9038329747898963,3.350284772712604,3.3181193040646004
2023-12-01 07:00:00,3.1836171224154652,3.7418278992373306,2.7538012758918873,0.1
2023-12-01 08:00:00,6.17714011564575,12.731063915604153,10.12922219091277,12.054523614806147
2023-12-01 09:00:00,5.770241003574439,12.853814596724506,12.905692632738358,12.282030228025764
2023-12-01 10:00:00,11.846572088140633,9.271671712031107,13.705259682553729,12.715037096575466
2023-12-01 11:00:00,11.051701397534012,10.579898221560713,10.906835962289122,7.519494947124172
2023-12-01 12:00:00,7.1509567621780885,11.675908083629304,7.793474820974615,12.60000611389951
2023-12-01 13:00:00,7.7453321174238114,5.719436482306423,12.241945402176798,8.872243882981717
2023-12-01 14:00:00,8.768002754516306,13.801770765790083,16.00509886664912,12.492596032500678
2023-12-01 15:00:00,13.005428262262594,9.490240294052375,9.04768657067572,11.48793482115966
2023-12-01 16:00:00,11.691807861305726,13.054671493973018,4.236842218861881,13.871760476630929
2023-12-01 17:00:00,8.231851958667335,7.543667549170943,3.5665049053581885,5.257735746738433
2023-12-01 18:00:00,5.201543905904258,3.213268693560074,3.833503771986554,4.276473433448546
2023-12-01 19:00:00,5.122873605096556,4.908286432109035,2.8878610183696347,5.422887278456988
2023-12-01 20:00:00,3.48068122877328,3.34208357216649,3.413581463397265,4.139719140855853
2023-12-01 21:00:00,3.031855889272798,3.4197287832994614,3.7510261414412907,3.3660321974107785
2023-12-01 22:00:00,0.8136937234717649,3.312127102624902,3.6252516609614003,2.328212181021913
2023-12-01 23:00:00,3.9813922374135893,2.1880505804792167,2.4219288961773775,2.4600173964928853
2023-12-02 00:00:00,4.434647013961912,3.0321996782090266,2.317938202847385,4.766803802239868
2023-12-02 01:00:00,2.2752199079200928,3.7458692423741997,4.029573341884664,3.6005385794081413
2023-12-02 02:00:00,6.315940949206476,2.1450145268446557,2.6273652308876563,0.1
2023-12-02 03:00:00,1.222476245060928,2.4884269651638284,3.063162512185652,4.108355492052378
2023-12-02 04:00:00,1.6158718546949082,1.8002208310908432,4.9510608267541025,1.80900475260899
2023-12-02 05:00:00,3.1625821848750264,4.261411553574216,2.446211731739844,1.298883140182113
2023-12-02 06:00:00,5.36496009395647,0.6758422838502671,4.988880695898647,2.8328428531427083
2023-12-02 07:00:00,3.487696241871986,4.640649102932391,4.478416194696575,2.1185453315219083
2023-12-02 08:00:00,2.437869517811486,4.776966171371818,3.5125960763985447,2.4967771039765116
2023-12-02 09:00:00,3.8877532957164513,2.000180749354251,4.4456002786819475,3.140166350798635
2023-12-02 10:00:00,5.5163498664766015,4.056847540231807,2.243059327210033,4.137365070868856
2023-12-02 11:00:00,2.6078657420382885,6.20251760738015,0.8095978772615617,0.9992594294164041
2023-12-02 12:00:00,1.086110306008619,0.608999016966203,4.64958784218684,3.3492510157563524
2023-12-02 13:00:00,4.127553852958173,3.738478017791235,4.656726618870629,2.2142122929711108
2023-12-02 14:00:00,3.5255600710931887,6.37780343398148,2.5377595706614406,0.5944329911386257
2023-12-02 15:00:00,0.15625977911940803,3.8963746527574123,1.7708572918175385,2.789792055483998
2023-12-02 16:00:00,3.3824930372228112,2.609224503030511,2.1205651273694035,2.6247488579973104
2023-12-02 17:00:00,4.426537199932172,4.380483133549829,1.9542267077573054,0.8652780600235146
2023-12-02 18:00:00,4.79577761668912,1.0303240726943903,6.261410360628499,2.836627302826548
2023-12-02 19:00:00,4.013884155717914,2.7102323909988666,4.440566295694051,1.629261274878112
2023-12-02 20:00:00,4.584375305504668,3.2495607712078187,3.7152899124710426,5.839078207110701
2023-12-02 21:00:00,4.576213049230555,0.8498276767631592,2.8082601493869808,6.336530374073265
2023-12-02 22:00:00,3.653319483230529,4.2282843802820125,4.624422688640128,4.139121863034752
2023-12-02 23:00:00,3.0957881354818237,3.3128170995499415,1.3768016639245624,4.961950419080324
2023-12-03 00:00:00,1.3334906808574702,3.2407257408411114,2.870684484654257,0.1
2023-12-03 01:00:00,2.133102869965755,3.7686310853870206,1.9424822632356271,3.6738024342395716
2023-12-03 02:00:00,4.880386171760616,2.0209381705305005,2.6239229338449093,5.387712727073987
2023-12-03 03:00:00,5.794077060592269,4.346424586550491,2.07685074036936,2.9942184147662427
2023-12-03 04:00:00,1.5454081919113047,3.2723055735918574,6.010347806139604,2.9007680341280166
2023-12-03 05:00:00,1.9820047173984472,2.6998775736975134,3.086785716727837,3.3565774646276396
2023-12-03 06:00:00,3.4601334831895016,4.340560260613276,2.0089025004469567,3.9628226656645644
2023-12-03 07:00:00,1.131509694315303,2.843709898695984,2.060498147920695,2.290071977939345
2023-12-03 08:00:00,2.579754133232893,5.696668746193396,3.6270297189322167,4.859917562658438
2023-12-03 09:00:00,3.1203056137135734,3.5784336534772896,3.850530006324623,1.720672661843212
2023-12-03 10:00:00,3.211680961031777,2.5090797047936677,3.967797008907173,0.1
2023-12-03 11:00:00,4.137304948074359,2.0991810512959286,3.6925583783772935,5.700194641843443
2023-12-03 12:00:00,5.414052943770326,5.695677232300154,3.566628085552219,5.796652715849899
2023-12-03 13:00:00,2.989131598936004,2.7361049263379336,1.830284272610839,3.2847764293394133
2023-12-03 14:00:00,2.039206072017132,2.7044305483732005,3.5479394869367753,2.0378886514184753
2023-12-03 15:00:00,6.160491382708463,5.180731276319872,4.526897167111607,5.1315013436431745
2023-12-03 16:00:00,1.872743757952296,3.713439615669498,3.367217189629669,3.4893989682739504
2023-12-03 17:00:00,3.7332848297668964,4.080632297173332,4.026958823222243,1.0179001676144501
2023-12-03 18:00:00,3.190658318364048,3.2648887763646792,3.250843000846378,4.089758476806649
2023-12-03 19:00:00,2.319756880661298,3.749787643919212,3.598545728311765,2.770670244077501
2023-12-03 20:00:00,2.141202337650626,1.5990153990207465,4.797857755392798,3.711275471514954
2023-12-03 21:00:00,5.346604901125357,0.9898750116281545,3.1356585216174433,2.1762182337019302
2023-12-03 22:00:00,3.1302352179653905,2.0775754413585985,1.4274875060081165,1.2690348634746733
2023-12-03 23:00:00,1.010850443861216,0.1,4.170768931134678,0.1949476518494757
2023-12-04 00:00:00,5.0471315653297175,2.074921300025321,3.529613505322261,3.2519976534414874
2023-12-04 01:00:00,3.1766039134517836,3.3794161450341496,2.816637843599643,2.8036007254746247
2023-12-04 02:00:00,2.1835177158008805,4.2661362606968565,3.2241197979843004,2.502417771834122
2023-12-04 03:00:00,2.295265335107391,3.4982550471933562,3.232566128352597,2.088619726004217
2023-12-04 04:00:00,6.850340331504531,1.665439622465944,4.46621369722245,1.9161162778180088
2023-12-04 05:00:00,3.421992936588405,0.14225694830300473,0.1,3.498844650372377
2023-12-04 06:00:00,2.70295781045509,3.7950951298509548,4.163424180477051,5.322937018565232
2023-12-04 07:00:00,4.724440531805499,1.9650080177814513,4.722811572929023,2.462687635801506
2023-12-04 08:00:00,15.385773820372417,10.64885412581609,14.3067747931686,12.776636459848756
2023-12-04 09:00:00,6.699950652850272,9.030687609010812,16.019928130291035,11.517327953058544
2023-12-04 10:00:00,15.349759355602629,6.612635261899129,7.282422980135227,4.976898771003937
2023-12-04 11:00:00,10.443644493716478,12.40074204642605,10.399984600714816,16.899236809284925
2023-12-04 12:00:00,11.432880254766696,11.141537851035276,9.607905352381321,10.832857772916807
2023-12-04 13:00:00,7.71190732335344,9.801336148068046,6.121403000053455,8.575266016224187
2023-12-04 14:00:00,7.9963847304551825,8.785886963680419,5.337825675286542,12.10801259029885
2023-12-04 15:00:00,10.78150088282916,13.656622957998238,9.059191559758474,14.177811011168112
2023-12-04 16:00:00,11.517126897249607,6.190265415987609,12.40235207034435,7.8968424950880145
2023-12-04 17:00:00,6.828823829305677,11.22570638033579,9.289431384369902,10.894085841059336
2023-12-04 18:00:00,4.165239831874823,3.0557079093407906,4.6400076601215865,5.102473257553704
2023-12-04 19:00:00,3.596330943310078,2.1894896049881023,1.9447947530045857,4.0400315423823745
2023-12-04 20:00:00,3.0283851840493847,5.04990412015322,0.9631336977684413,0.1
2023-12-04 21:00:00,0.26458435282078163,2.2328803022932435,4.431494971759916,1.9468382952476464
2023-12-04 22:00:00,2.9940049463205485,3.7933283994005342,4.741525460860007,0.9126472540902286
2023-12-04 23:00:00,4.496813674801652,1.85702277331433,2.520582218027392,4.142102823324869
2023-12-05 00:00:00,3.803331287778996,4.54349818829891,0.7527850614843681,1.1416326011448317
2023-12-05 01:00:00,2.7598934249707328,3.336284649975957,1.585013746552334,4.573652579291305
2023-12-05 02:00:00,5.3385248452257805,4.92443848130482,2.3932262386691576,4.228327248548147
2023-12-05 03:00:00,3.8615087259360013,2.5571886946390414,1.3905183396181355,2.901924582866593
2023-12-05 04:00:00,1.817094482808886,3.25382004707911,3.277396346505055,2.454358959542561
2023-12-05 05:00:00,5.996972599259658,3.851428008990139,4.857871842935782,2.820351097466136
2023-12-05 06:00:00,1.217149150211957,2.1065447243418616,5.067312173199944,3.55591632372575
2023-12-05 07:00:00,1.447540962085455,2.0308084511385296,2.85950001927002,1.9272850147858918
2023-12-05 08:00:00,12.778754840341279,12.438284207849554,10.10535455483256,5.7884008603460835
2023-12-05 09:00:00,12.470004195597104,10.897696909265344,13.42471833118042,13.137326094257505
2023-12-05 10:00:00,17.45584370434767,12.975639700673653,13.983022494009184,9.362360577478515
2023-12-05 11:00:00,10.180024501250331,12.157158600738677,7.920190145897006,5.704030065937465
2023-12-05 12:00:00,12.73486801291622,10.849981180494707,10.586049626024376,13.187971085405422
2023-12-05 13:00:00,9.77001086915767,11.889395269828963,10.333534587129689,7.906813248573327
2023-12-05 14:00:00,4.118056286466901,8.723090832199613,5.917876200151623,13.335356678259323
2023-12-05 15:00:00,11.154786283773296,9.377283802867552,14.179333874752013,8.567527589493242
2023-12-05 16:00:00,10.47543656728628,9.270912459565299,12.137598611295422,9.83351469345276
2023-12-05 17:00:00,8.778311971965168,9.532460400995404,15.981302015830632,9.028738193904674
2023-12-05 18:00:00,0.36678994389358754,5.294921258279686,4.402033500426366,3.326022369925181
2023-12-05 19:00:00,2.373569335007794,3.9679334585432553,3.4077572724646843,1.948945971957303
2023-12-05 20:00:00,1.6349282148515452,0.9040461382440492,4.251351204553405,5.103015581337598
2023-12-05 21:00:00,1.9770082247275313,2.730298845533016,2.3507600780347526,1.5474632909433248
2023-12-05 22:00:00,1.4517495533311866,1.66512228154808,4.750868760613776,5.515052043858288
2023-12-05 23:00:00,2.1213401598245794,2.489082636937108,0.1,1.7743807674977528
2023-12-06 00:00:00,3.204054457110149,5.3597404741620505,2.6693214103927048,2.7801784791573745
2023-12-06 01:00:00,2.148884557291714,3.7015114451690136,3.23956107256063,1.7818742016685776
2023-12-06 02:00:00,3.5062723516805736,1.5556239641860032,2.379881019892809,4.907142332086799
2023-12-06 03:00:00,3.2429347528804255,4.418595019201305,3.814031763510542,3.826098125155995
2023-12-06 04:00:00,7.367523850714642,3.4009874141476883,3.166631195148227,0.1
2023-12-06 05:00:00,2.0259769438387085,0.1,1.231164120053427,3.6391927754650886
2023-12-06 06:00:00,2.079883675672247,4.1787757491796516,4.513082608874989,3.2250679633897485
2023-12-06 07:00:00,3.5160741845507277,4.0561852613675615,3.024929196822829,3.4629625779481223
2023-12-06 08:00:00,7.998622840731599,5.846779833010887,11.919339586597294,14.8871578545997
2023-12-06 09:00:00,7.499159091051663,7.2449099233815755,7.2960003086773115,12.40140822124028
2023-12-06 10:00:00,5.387575729545342,11.532873103591353,11.25146714676908,7.1794671196336655
2023-12-06 11:00:00,7.975646760384494,12.389175464385309,5.026103500567688,9.257718469108857
2023-12-06 12:00:00,13.371079594612423,5.2480921730366825,6.086923671879644,3.8885111865993114
2023-12-06 13:00:00,7.7821662807190926,11.567476250480036,5.864716439811195,14.299448589707108
2023-12-06 14:00:00,15.952481796457032,11.303386857492757,8.484879398063518,10.909081361914115
2023-12-06 15:00:00,13.823379085238418,6.918591100154401,13.496564718056032,11.425541553891037
2023-12-06 16:00:00,13.0383359361726,13.316530171384048,13.31608703246185,8.264020103285322
2023-12-06 17:00:00,12.855165775997673,10.032903356337597,10.925898250439388,10.088833529028136
2023-12-06 18:00:00,2.7676719681276802,5.141811265601027,2.47405170331838,2.038351104047715
2023-12-06 19:00:00,3.295904815242779,0.4331662692901488,3.7736592811133756,3.358314781206114
2023-12-06 20:00:00,3.779195090886561,6.063151597160573,2.5981194605747127,1.996958550889353
2023-12-06 21:00:00,2.081705374941961,1.5837100692804318,6.573232289692894,2.342723569548263
2023-12-06 22:00:00,0.950429948564707,3.7983924754547522,4.852544866080094,3.19668429894784
2023-12-06 23:00:00,3.7208964903106545,4.48206623668353,2.6438089650957757,1.9331839709797884
2023-12-07 00:00:00,3.8624084245733146,1.9878675063596556,2.0021789987124343,3.4405280116666166
2023-12-07 01:00:00,4.901650895757891,2.6560771479747673,2.75766382328936,2.4846683805360477
2023-12-07 02:00:00,1.629460733720436,3.648624481210102,2.639314437907569,2.8483678613196783
2023-12-07 03:00:00,4.125951612834389,7.520938092114081,1.096163896897755,2.0112263752257347
2023-12-07 04:00:00,2.542201525745968,3.972112911675417,4.95531139496167,4.087200582059468
2023-12-07 05:00:00,1.6790630143159546,5.414740083470705,1.1951761198604687,1.3575027764380398
2023-12-07 06:00:00,2.7905435072474254,1.331371298756091,1.3746392679833375,2.3193665493188402
2023-12-07 07:00:00,4.343031005306724,6.406186521983159,3.0905674307793674,5.254901132631376
2023-12-07 08:00:00,16.06118225260758,4.627022236677514,10.587507116899129,5.243461572433687
2023-12-07 09:00:00,10.130792057832195,7.0465379459274935,12.647771774773712,12.076015561059851
2023-12-07 10:00:00,10.000711763532442,11.606210627457976,9.70287869955645,8.423966544312389
2023-12-07 11:00:00,7.29605738310256,8.87710029740237,9.940245961660004,14.53405552674587
2023-12-07 12:00:00,4.2160789720889245,10.183469359972456,11.761906279142584,8.975388464871784
2023-12-07 13:00:00,10.928102425147934,4.735259009934327,11.072921732305907,10.029098861673061
2023-12-07 14:00:00,3.906565913886661,8.161987607185303,12.302109195277232,11.357120054865117
2023-12-07 15:00:00,13.388712022971735,11.335934351528385,6.795619082782362,5.5282372169195435
2023-12-07 16:00:00,8.030195430867133,10.593062042490201,7.316764352367452,12.183457980291518
2023-12-07 17:00:00,9.26818179861519,6.967676005508082,6.9431845560330645,13.785630814035997
2023-12-07 18:00:00,4.586850342640083,2.623669194278454,5.463130965562522,0.9271258386163859
2023-12-07 19:00:00,1.9362969151819194,2.8342258265056737,5.4385529643546535,2.0868624752107277
2023-12-07 20:00:00,3.4268410484809437,4.182549604792094,1.004117778792036,2.513326736283711
2023-12-07 21:00:00,2.3299558362892503,3.181433364874472,3.710593675645929,1.846744726054316
2023-12-07 22:00:00,1.7048762158364053,3.091571848092423,1.525396755358482,1.4086299774165592
2023-12-07 23:00:00,3.270997174124376,0.6661891037003098,1.8274377973921394,2.786609397566372
2023-12-08 00:00:00,2.6783531152075986,3.9052224132621713,2.7779984711997607,3.1932179632062323
2023-12-08 01:00:00,3.0801649329804897,4.954405160849408,1.5165167962551545,4.164170249771239
2023-12-08 02:00:00,1.8455164922601615,4.587072489804008,1.9227509846814306,6.029463424419966
2023-12-08 03:00:00,2.439845666749109,2.302186227375535,2.6800866516454938,2.052382843207675
2023-12-08 04:00:00,2.4194092271821894,2.6495801158779884,3.2561873817232616,1.9971377601006717
2023-12-08 05:00:00,4.177702502359685,0.5021981952222285,2.720143267388687,2.5887765082108367
2023-12-08 06:00:00,2.8761597715575884,2.8379681423585725,3.330778591027266,1.7545893303683453
2023-12-08 07:00:00,2.3304771639062842,3.8520719375535766,4.294286044242112,2.8052510016459054
2023-12-08 08:00:00,4.993341000163788,11.763130548690176,7.276655564855578,6.610942486699751
2023-12-08 09:00:00,15.302994314068329,12.578955157324957,10.470996730964375,7.442920975050505
2023-12-08 10:00:00,9.242970447060033,11.446696020324756,9.82887035038186,9.235790990402744
2023-12-08 11:00:00,7.228520757145743,9.759634352306753,9.56049295877181,7.1108497721148005
2023-12-08 12:00:00,17.288833889356514,12.982046002418123,12.102081136872739,5.7871761624723135
2023-12-08 13:00:00,9.644195114384285,10.856850596026769,11.463456664942223,10.603348699676852
2023-12-08 14:00:00,11.144288127776244,3.8697075737579425,13.305779416150385,13.450143903496386
2023-12-08 15:00:00,15.389487034137499,10.284077205998962,6.937882773378956,11.597945647443686
2023-12-08 16:00:00,11.966464203496603,8.583984128837058,11.12374917249859,5.249257824134624
2023-12-08 17:00:00,6.8498842937006525,11.68028966434042,7.800710389399192,7.585944214566367
2023-12-08 18:00:00,2.144595648716005,2.46024049859094,5.427876494759403,0.6987523680921219
2023-12-08 19:00:00,2.352872089150717,3.9634947534597327,3.707669243830973,3.9622100205184942
2023-12-08 20:00:00,1.7712482418293833,4.658598743711545,4.010717120433192,2.9306541216365805
2023-12-08 21:00:00,0.9113712778822949,2.2305222710325343,2.8961884308112227,1.7820078550476421
2023-12-08 22:00:00,4.357366501559457,4.319683484369687,2.776134550152883,4.1143361662523255
2023-12-08 23:00:00,3.2031561090479252,4.121326911228683,1.5704336767860154,2.7882844696226754
2023-12-09 00:00:00,5.697864269015905,4.630865142743887,0.6271483878451827,0.542501819774079
2023-12-09 01:00:00,1.4072459291347457,4.289953304772658,2.207892609940591,6.035810510196765
2023-12-09 02:00:00,5.6079173834911895,3.5106464634459957,1.2723368870853577,2.1335610285126814
2023-12-09 03:00:00,0.4871288161847871,3.5037639889414702,4.241746726910129,4.270600130857893
2023-12-09 04:00:00,1.1877888965233434,3.018895119859899,2.2413280650531906,0.6156059465279142
2023-12-09 05:00:00,2.012390767919031,2.209007395563928,3.8577694419055217,2.4286366380358997
2023-12-09 06:00:00,2.8684993270639274,3.4953619427796783,3.1651821798357647,4.330099131558978
2023-12-09 07:00:00,4.750328730800467,1.4791635746872482,5.933387750821885,5.061946892635753
2023-12-09 08:00:00,5.013023591597888,3.388196495976678,3.54001289380989,3.826639895482786
2023-12-09 09:00:00,4.044427792166339,2.222127317408357,1.4212897276202403,2.379692896237076
2023-12-09 10:00:00,3.8306132748120576,5.64075695967534,3.4755594861738714,3.9712353605269315
2023-12-09 11:00:00,5.670180974868588,0.4225887101549981,3.19001511199575,0.811636699950574
2023-12-09 12:00:00,1.6946008068294292,1.8969552526281532,4.084732978101027,3.402745515286055
2023-12-09 13:00:00,4.4350218043045375,5.026982594664454,5.381567319726958,4.7083041301556445
2023-12-09 14:00:00,0.536180117639864,3.078872916829995,4.229510140946696,1.1596182072746544
2023-12-09 15:00:00,5.1114358583974,2.258817927285268,3.684219320651958,2.593596795106238
2023-12-09 16:00:00,5.661743881491643,2.1322120129983517,3.205204664592862,3.1452635684451034
2023-12-09 17:00:00,4.777582992391469,5.911564527329638,1.7521799068955102,4.475953618290051
2023-12-09 18:00:00,2.420131442920459,3.30279083075104,0.6918559405645932,4.4835978486729005
2023-12-09 19:00:00,2.436176238731357,3.7241204780683956,4.047213633835442,1.9683546277540325
2023-12-09 20:00:00,3.37050258440421,2.6111761468080372,1.0440232949472468,2.086968267164364
2023-12-09 21:00:00,3.3474611309967064,1.282613037503443,5.29849506007119,0.8390939599689204
2023-12-09 22:00:00,2.121635606879935,1.384754798302302,2.958066164559997,2.339102672848523
2023-12-09 23:00:00,3.4535720936639698,2.790060886781741,3.623269111978888,1.5753880703511396
2023-12-10 00:00:00,5.400138428604345,3.036384893145301,3.49589098557177,5.712070690715707
2023-12-10 01:00:00,2.4892358123823097,1.9254312510597886,1.5542584921573925,5.7300223557009735
2023-12-10 02:00:00,3.289367131987398,2.825434857722288,7.69382550142349,3.5960520534820675
2023-12-10 03:00:00,3.1889526522525857,2.120248041991988,1.9621685911000801,5.472946024386194
2023-12-10 04:00:00,0.23160825722145884,1.9049216707759862,0.37807358689959747,1.1488014222030367
2023-12-10 05:00:00,2.9219506533579813,2.879114925308758,4.597525622269587,2.4898866031477893
2023-12-10 06:00:00,3.5410421830901733,0.1,1.2994993635612895,3.6588557442410794
2023-12-10 07:00:00,3.6018425427747522,2.680802350025627,3.1710823306428573,1.3379006562109141
2023-12-10 08:00:00,1.1048975696103405,2.0581002583677863,2.9634579118552007,1.975560678202437
2023-12-10 09:00:00,2.3813230950121542,3.359191809892328,3.917468784250699,0.6685069161504646
2023-12-10 10:00:00,3.0922472126464027,3.718216075681591,4.10190929162392,4.8620826894520555
2023-12-10 11:00:00,2.0181676438232437,2.4491047121638503,3.4967338732112863,5.911930015559475
2023-12-10 12:00:00,1.8772231513481876,1.325024820366135,3.1517441714450505,3.391438740287583
2023-12-10 13:00:00,3.9742467944803197,2.3861553624325387,4.843659072833473,3.57521098173501
2023-12-10 14:00:00,2.6725090781613616,1.5865415547578796,1.8819797062171453,0.1
2023-12-10 15:00:00,3.9893142621474897,0.9912240603640154,3.979577045627357,3.0127716871539794
2023-12-10 16:00:00,5.20615822596587,3.5422593815766357,2.988789006751383,3.452095479416269
2023-12-10 17:00:00,0.3259834289218899,2.182877066013462,3.1242134948975857,1.582819769274554
2023-12-10 18:00:00,2.627272297034613,3.645261472686861,3.7220546330503614,3.207279886601299
2023-12-10 19:00:00,3.836984904609061,2.1262472123867795,2.9509780861432358,0.718817110255566
2023-12-10 20:00:00,3.4337528365476735,4.004414351537545,4.180722437887764,3.179795371668759
2023-12-10 21:00:00,4.538298889668569,0.7103794773618888,3.8940431183666364,2.837371598673201
2023-12-10 22:00:00,2.17662478238492,2.5462649882082204,0.74689500489891,3.7841351272014254
2023-12-10 23:00:00,2.851117234839786,3.0752665326572886,1.739834702916397,4.4957170307624725
2023-12-11 00:00:00,3.396978731801028,1.8662778044331838,2.274924564936847,5.9005456394974605
2023-12-11 01:00:00,0.1,3.3298065960618133,4.4956278632216256,2.1519504081213316
2023-12-11 02:00:00,1.1623424307332941,1.4822218617621972,5.770153484051832,1.655957811799623
2023-12-11 03:00:00,6.737447430378468,2.3970205693847237,2.439622572901065,4.902929904915915
2023-12-11 04:00:00,1.5507822247434953,2.9245398751974507,3.2630386697813547,3.3461772741602327
2023-12-11 05:00:00,4.420557778923105,3.3812577678355997,5.077135206286897,3.21470750705871
2023-12-11 06:00:00,5.717526069248063,5.034697155683643,4.365995457824142,4.97064349024787
2023-12-11 07:00:00,1.8352816904797913,4.624126326588896,3.364532076535505,4.052667482530982
2023-12-11 08:00:00,8.213981090537539,10.983856568193088,10.597580784307263,11.613984942818515
2023-12-11 09:00:00,4.637265857340161,12.304454345312692,8.823876032530205,8.707884327843194
2023-12-11 10:00:00,3.7339798995997633,11.692263621447019,12.565576699575624,7.327017559469715
2023-12-11 11:00:00,9.471470142915063,13.803090196645638,18.422793962125205,10.461650282277983
2023-12-11 12:00:00,12.622515545299244,17.130618092514247,14.072098689021065,14.65019106446426
2023-12-11 13:00:00,8.28516973647663,15.096684386219975,10.288791778862704,12.810300311157583
2023-12-11 14:00:00,14.05194283845293,14.926907394300244,3.909674038589962,8.719945870729992
2023-12-11 15:00:00,10.449262312050177,18.844875119546746,13.038127382336878,5.8948718604715875
2023-12-11 16:00:00,11.961887511367426,9.134204612798479,8.130207645121198,2.0489209517444005
2023-12-11 17:00:00,8.739384567524526,9.385900308758131,4.01167236153241,11.078226407191014
2023-12-11 18:00:00,3.8215723072866545,1.3108959524657862,2.839611414346887,4.488528413046014
2023-12-11 19:00:00,4.419601007888459,3.7167362719237627,2.834244663858729,2.5626945634502283
2023-12-11 20:00:00,4.030852181553787,3.178149852286605,3.6000671111558487,3.6657604402021318
2023-12-11 21:00:00,4.7885523660500136,2.969297307319558,4.869803124012716,2.513923776498247
2023-12-11 22:00:00,3.8225393750338093,3.550391702432206,4.081077837412981,3.939233612374167
2023-12-11 23:00:00,2.448476772604696,2.9592700689166422,1.852748621427615,2.996585863358118
2023-12-12 00:00:00,1.8442121670134206,4.195070713819743,3.1543210754757744,2.7581629828917795
2023-12-12 01:00:00,2.326334529561863,1.0188756336272495,4.356918878872987,3.2308199137751394
2023-12-12 02:00:00,3.749806864872904,3.880478027703097,1.2634816373006532,2.135160569260894
2023-12-12 03:00:00,3.67789836016028,1.7868733289931624,5.400728449939982,3.90684962341641
2023-12-12 04:00:00,6.243631965396416,2.827999712631831,3.11304713286762,4.129539691625589
2023-12-12 05:00:00,0.5827122233758777,3.7930311867136024,2.6817756014855245,5.600789990099399
2023-12-12 06:00:00,1.4985310870616915,1.02003449771113,1.9265921262976624,5.62784640316341
2023-12-12 07:00:00,3.010565745508327,1.3202528702715788,4.226811398927136,6.231155570789889
2023-12-12 08:00:00,12.596114013050702,11.72497314764436,7.80828740473337,13.38078179612681
2023-12-12 09:00:00,12.518925126779607,8.803163868464601,11.571494981437993,8.842466689668669
2023-12-12 10:00:00,7.635491085755294,13.095622504381062,9.528178471257897,8.572889204236548
2023-12-12 11:00:00,4.415580269806909,7.585842902818712,10.738978258609196,11.274870007003672
2023-12-12 12:00:00,14.460621701066817,16.261007140491493,10.862018004616074,12.212359591124198
2023-12-12 13:00:00,7.736763144432095,5.743768519280416,5.410703685772258,9.197843964224168
2023-12-12 14:00:00,14.16763154170376,8.373245783660204,12.475550540171483,11.183092217066513
2023-12-12 15:00:00,7.829961038997205,11.054691596066075,14.070689070430625,5.901294134295855
2023-12-12 16:00:00,4.354386733145924,9.015737396711142,9.371013669548942,7.041781028454407
2023-12-12 17:00:00,10.07272668344175,9.895672147207373,14.390937678627493,10.469695277062726
2023-12-12 18:00:00,0.8613521484630677,1.5051976772920859,1.5072156464364246,3.712252761995453
2023-12-12 19:00:00,0.6164769966627381,3.0206256988742273,5.153481559794462,2.530432174671838
2023-12-12 20:00:00,5.758578679788075,3.800908326147738,4.747256567178215,6.004046544756628
2023-12-12 21:00:00,2.6408264198411593,4.021587951974665,3.148190521737228,3.5097347067889406
2023-12-12 22:00:00,5.749046192803014,2.6534214206095244,0.6979943385922414,5.577528165592714
2023-12-12 23:00:00,3.3117643964594414,3.487021704687845,1.1406293208182792,3.1313306585600205
2023-12-13 00:00:00,1.6635577187602273,5.250308994124515,5.17272321438549,1.6074482951640159
2023-12-13 01:00:00,1.8986006875469772,3.5207589196898317,1.9532877257329573,3.3664160861976473
2023-12-13 02:00:00,5.560477958546576,1.6533026621625102,2.173843190822881,2.6447105767890133
2023-12-13 03:00:00,2.012233806795082,1.7026710919090458,3.6656604108580817,2.175763799444691
2023-12-13 04:00:00,2.0908165694008316,0.24864409876645155,1.8875987252192314,2.1128129422994393
2023-12-13 05:00:00,4.274196928650064,1.907730566643598,0.314406140886744,2.47237885654354
2023-12-13 06:00:00,4.501002504731494,0.9377035685291912,0.8884789182854567,5.479170348027613
2023-12-13 07:00:00,4.636734363564486,0.9383691940498071,0.1,3.928287444537844
2023-12-13 08:00:00,8.0449361130879,8.43952044384059,10.422002158005299,10.556643528156064
2023-12-13 09:00:00,5.148060605060608,12.68694840077778,10.814518963974495,14.192308084657231
2023-12-13 10:00:00,14.79450023695013,6.133048876216289,13.177245255405042,3.438143981646135
2023-12-13 11:00:00,9.549506579643626,13.1450257593966,10.042842132392776,8.916999664522148
2023-12-13 12:00:00,10.503160832485577,3.860523978850731,7.727670397399321,11.235474852521811
2023-12-13 13:00:00,8.689104995727977,10.589861123165797,11.417541424677843,7.479076814503161
2023-12-13 14:00:00,13.20151786398292,10.966350728013616,10.238178747963696,8.809747815834104
2023-12-13 15:00:00,11.17428287384283,10.259841884946022,12.79370992358957,11.749297616545862
2023-12-13 16:00:00,11.964880128281951,5.501381559913515,4.985457334762376,7.589435323597603
2023-12-13 17:00:00,5.655027907592446,9.956716876603867,6.856611916431249,3.0950707297624067
2023-12-13 18:00:00,2.8539741857159835,4.052245275485282,4.272627250429923,3.0765171288978888
2023-12-13 19:00:00,0.8830225879973477,3.856455254000722,0.5724254508833191,3.012609576306218
2023-12-13 20:00:00,2.9155747384092727,5.181366057510272,2.2852989344805836,3.1582979766058235
2023-12-13 21:00:00,4.118812259788703,4.245053937210363,3.050987745064196,1.934343242284046
2023-12-13 22:00:00,2.719368254182589,4.452930382290383,2.3148490309859056,2.0404870369214345
2023-12-13 23:00:00,1.912032217705681,4.006654944219845,3.68576515731234,3.155830789072231
2023-12-14 00:00:00,5.0877467176532765,5.773907261801512,2.0703364303055722,3.463281859027183
2023-12-14 01:00:00,1.471224276282363,1.1841268806078853,3.6318218423356896,2.053945552724697
2023-12-14 02:00:00,1.5054202916784305,1.4761412110624068,3.172607821744265,3.900631854025317
2023-12-14 03:00:00,4.331600721467088,5.837422002106388,2.4079141115218063,1.657433190062958
2023-12-14 04:00:00,2.017776476922831,3.8883874680911625,4.100058673680502,2.6058173214227973
2023-12-14 05:00:00,6.0254219989488975,7.356084825121833,3.3310627035065674,5.091735845005349
2023-12-14 06:00:00,2.44139520197326,4.662464822224029,0.7839057565670444,1.6998013464122512
2023-12-14 07:00:00,4.558067944961699,3.101315847313206,2.6226108717593313,1.8534920453533923
2023-12-14 08:00:00,15.59556852707111,6.802598637680916,8.338749106098543,14.678363134290773
2023-12-14 09:00:00,4.821632646770814,12.876471737554635,8.453131148687383,8.607079691095294
2023-12-14 10:00:00,13.219266276439667,9.473402115520164,10.916803943323128,17.397647960029076
2023-12-14 11:00:00,7.950585154777959,13.72394747827438,13.17998381625068,4.458803173604119
2023-12-14 12:00:00,13.03674703239302,6.267145704759401,8.448783804568514,11.6089750716504
2023-12-14 13:00:00,10.363076638657406,5.141637336076847,8.068436441817452,12.43839193747975
2023-12-14 14:00:00,15.45569183303747,9.8141215019094,10.70554682490676,10.030439219463664
2023-12-14 15:00:00,10.37388180248945,9.617940712629842,7.856443718533232,13.103214269581459
2023-12-14 16:00:00,11.330233751692905,10.791822065089068,10.342761214780554,12.909482040305779
2023-12-14 17:00:00,8.003829694149625,11.671112934046134,11.465639297591117,10.054853973844146
2023-12-14 18:00:00,2.3776359105897793,0.1,1.0863623256804549,2.867165117718172
2023-12-14 19:00:00,3.6770093021985573,1.675877490945296,2.4901255262955213,3.503326900130019
2023-12-14 20:00:00,1.3960130505480677,1.1329254561662543,3.4988127483154727,3.5155092659740483
2023-12-14 21:00:00,3.574726401523278,4.549108207131684,2.7076447458771433,5.230729177807975
2023-12-14 22:00:00,2.2993754380475195,3.519280716715768,3.489326088817829,2.3286755604179503
2023-12-14 23:00:00,1.1678234855055347,1.1191875216588463,1.043995907534891,4.060764765756952
2023-12-15 00:00:00,3.660154042451527,2.3214294863561493,2.8871365510490867,4.850865551935842
2023-12-15 01:00:00,3.6376307778635226,1.2721071185214003,2.746886401582286,4.410796635441825
2023-12-15 02:00:00,3.7097025741071814,0.6289103667497562,5.014583635549741,6.3346117927344485
2023-12-15 03:00:00,1.9418898738913666,1.4812219964352873,2.152012093166055,5.490264400640695
2023-12-15 04:00:00,0.1,7.082301156086692,3.165065103691428,3.1790760892708914
2023-12-15 05:00:00,5.699289251947247,2.4917076082337335,2.0834726152194154,0.1
2023-12-15 06:00:00,3.9953344397577344,2.044920497923752,3.451604339113049,5.2067623681570545
2023-12-15 07:00:00,4.162040456446835,0.8688986894262745,2.8894450019012585,1.998010437117011
2023-12-15 08:00:00,9.867171862653812,3.9866231468889506,11.731865711370512,11.751720684968667
2023-12-15 09:00:00,15.098573072601141,10.692499798918433,4.74151371329234,11.067590637540649
2023-12-15 10:00:00,8.81789401539761,9.341628854641566,11.721286450008005,16.80210885738523
2023-12-15 11:00:00,10.079253244899279,10.857831281505465,8.821851373584185,9.471312531997151
2023-12-15 12:00:00,13.51535385273671,13.36099513495973,5.701424814056817,3.003336549060821
2023-12-15 13:00:00,9.002603550625308,11.46274386477206,12.297111409393509,11.986737099767844
2023-12-15 14:00:00,7.853798145982733,7.202702012387521,6.200063547022941,11.712252683336056
2023-12-15 15:00:00,10.385332451494316,12.33022361352173,12.309204806341423,16.520072977771243
2023-12-15 16:00:00,12.756590723386452,9.118325453202385,15.499603519664419,9.655731793236555
2023-12-15 17:00:00,12.57993121677702,9.664481520069865,11.050105675513187,13.407281585857111
2023-12-15 18:00:00,2.639425558461142,3.322908308764214,2.71762919553972,4.396795271759194
2023-12-15 19:00:00,2.070297199686472,2.983892732269501,1.5389090995876384,2.51414683892631
2023-12-15 20:00:00,0.8189951427272022,4.804376844903976,4.484936410583595,0.7933376117215261
2023-12-15 21:00:00,7.640176842892757,4.029738743263436,4.197602817412835,3.838884626613442
2023-12-15 22:00:00,3.365417889977303,0.26562040495820805,2.503926749896732,2.660090054690583
2023-12-15 23:00:00,5.2221115981845845,5.3404561198906455,4.058522973802834,2.5577419385963296
2023-12-16 00:00:00,2.9884707516087903,4.154328913449057,3.0993298610740263,2.2898759557193564
2023-12-16 01:00:00,4.26580644597235,4.397122764305344,4.63098020892292,4.243562809198242
2023-12-16 02:00:00,3.999810206854842,1.834212720877523,3.619910715766406,2.3842098797853244
2023-12-16 03:00:00,3.970063507019173,3.3285076157750466,4.147851394559769,2.2091239595840975
2023-12-16 04:00:00,2.935653486579776,5.801052578145123,2.0291949846447195,2.2540138670237977
2023-12-16 05:00:00,2.3363048976697955,3.2385059753915235,2.506264873573629,1.4257955006478966
2023-12-16 06:00:00,1.546606528977947,3.665782508003254,2.261718565937068,5.1093434934771365
2023-12-16 07:00:00,3.619088962882604,0.1,3.438681062514595,3.248337639574199
2023-12-16 08:00:00,2.9117627447585557,2.4911064589166942,3.8246339185145715,2.0544395337841808
2023-12-16 09:00:00,3.3052563885516877,0.39788145940901476,0.1,3.0638326426227183
2023-12-16 10:00:00,1.3869201668980815,3.943930218553459,5.705498631507886,2.426250327756733
2023-12-16 11:00:00,3.7235433916138354,1.8996426466639718,2.6099042064680593,3.3183699522159387
2023-12-16 12:00:00,5.060598117516687,3.9796917602702484,2.749523358794781,1.0781737345216276
2023-12-16 13:00:00,5.572001739321837,4.896306260831173,1.9725159313506917,3.9162206035094393
2023-12-16 14:00:00,1.8046146373319603,3.778872538052232,3.2358548598310324,3.457390069144939
2023-12-16 15:00:00,2.7184167467284235,4.150920353872372,5.573315557031141,1.3797317889913683
2023-12-16 16:00:00,0.1,4.72927176817759,2.650440390448248,4.277949191944948
2023-12-16 17:00:00,0.1,2.003131508693871,4.317620811023167,3.979174817026055
2023-12-16 18:00:00,3.2684619192109277,4.6895721600923155,6.138223006809767,3.1051679324624897
2023-12-16 19:00:00,3.46334440490028,2.831740749819805,2.352751559115502,3.472729776392571
2023-12-16 20:00:00,3.651101368794723,2.5198493009972784,6.186910446754723,2.4777785788987194
2023-12-16 21:00:00,3.7110282366203826,2.5367535403853063,2.9489070164017064,2.735123669202895
2023-12-16 22:00:00,2.2852404981960905,4.80678246348389,1.86952902225808,2.910698155083158
2023-12-16 23:00:00,5.05975335713331,2.312874319668497,2.6150938293181403,1.5752587868659609
2023-12-17 00:00:00,0.1,3.4940032559797536,4.954682554901899,1.246274765271584
2023-12-17 01:00:00,4.095533360733192,5.78789198418778,6.642827407399121,2.821129691397586
2023-12-17 02:00:00,6.188571475970589,2.1629677579477447,5.149231124167056,2.9036440256193985
2023-12-17 03:00:00,5.2262028154711935,3.554183793257949,2.072374520321589,4.412512382686966
2023-12-17 04:00:00,4.894415423839904,2.674130758284607,1.6557119928130013,0.8360761949092428
2023-12-17 05:00:00,1.9194297899145991,5.163123549825053,1.2991249775617797,4.247323552976957
2023-12-17 06:00:00,0.1,4.167810312783271,4.730481352308718,0.1
2023-12-17 07:00:00,2.5593798541215804,2.3202082468626983,2.1573629496121134,2.5547234106312295
2023-12-17 08:00:00,0.7484823981858497,1.8050572406714587,3.047156241289819,1.9030251858955658
2023-12-17 09:00:00,5.259959066010083,1.834174640515079,1.7307183712223762,5.031891724016164
2023-12-17 10:00:00,1.6393123766104563,3.3005786537596027,3.479379375250033,2.0209736515781804
2023-12-17 11:00:00,3.5138194626123553,6.320829903289993,3.6759156511321023,3.2111350679993116
2023-12-17 12:00:00,5.472354217647674,3.2328755150180912,3.2933350332598574,3.1746702280127734
2023-12-17 13:00:00,5.0207952935101545,3.9814160451255836,5.364340651792273,4.927832193399638
2023-12-17 14:00:00,2.709046220972218,3.6836311962709862,2.5957104032055693,0.1
2023-12-17 15:00:00,1.5985694488455051,3.73229769095939,3.9092168567874306,2.445237526969051
2023-12-17 16:00:00,2.9415355745631238,1.7902327190401264,1.3410425410887643,2.8145805827112556
2023-12-17 17:00:00,2.1113217555157036,4.652458170545875,3.781631832741944,5.982268035838199
2023-12-17 18:00:00,4.18932908739399,3.177684462121463,1.791371914492224,2.0997417105299876
2023-12-17 19:00:00,2.647231908547682,6.66810670285019,4.447859244255899,2.262020005855756
2023-12-17 20:00:00,5.354842934542413,2.3805142351306716,1.5005836992438712,2.227546765647706
2023-12-17 21:00:00,4.07669567553077,2.730583734547466,2.356547200260478,3.2094493521156178
2023-12-17 22:00:00,2.6889511560215826,2.196547724926391,0.2571591550477801,1.1784807636445795
2023-12-17 23:00:00,2.562116668860343,4.70422728509398,4.886236114319116,1.429719582862298
2023-12-18 00:00:00,0.7476650766033401,3.5605202989538967,4.182282939583988,0.7084827373959808
2023-12-18 01:00:00,2.8823062871455583,4.873080842362473,1.618092799004971,2.5745485588797394
2023-12-18 02:00:00,5.241196273410291,1.3827105889889386,3.190694670781483,4.028258015675059
2023-12-18 03:00:00,5.2208122466569655,1.5307563771913517,3.8988030738908663,1.9957600649580152
2023-12-18 04:00:00,3.1160067785950747,0.8536139739113011,2.618631883967284,2.29556640158933
2023-12-18 05:00:00,2.428261373205471,3.676126462833219,1.336051101638391,3.6917427832443153
2023-12-18 06:00:00,3.841087799194589,4.352758985067645,2.2723260336162836,1.464781339711124
2023-12-18 07:00:00,3.0830431424610336,3.526496876323326,4.089990285566988,4.3029554762457325
2023-12-18 08:00:00,8.092602212280443,8.857184853867675,9.705024996510229,6.003840322260266
2023-12-18 09:00:00,9.087009219922505,13.897462958128694,13.313030082999006,12.290123519242481
2023-12-18 10:00:00,7.5567499555439674,10.104162304987453,7.932125575850051,7.177315555645769
2023-12-18 11:00:00,11.563469061012643,14.303394126755947,6.46032064105399,9.775567721869974
2023-12-18 12:00:00,12.980023433748638,11.435052956713163,10.418222034910432,9.880749935844836
2023-12-18 13:00:00,9.936129293290124,14.292798211997455,11.520281796663447,9.825239077304742
2023-12-18 14:00:00,8.919725726643847,12.055379752969827,10.517903590627098,12.228983723287193
2023-12-18 15:00:00,10.161024097095144,7.871701282600517,10.1723153375288,12.38423099863338
2023-12-18 16:00:00,11.899336484003769,8.873289300237968,7.811425370027969,11.427526696801094
2023-12-18 17:00:00,16.887895991240097,10.032763241471958,8.646989276641428,10.937752536704336
2023-12-18 18:00:00,3.633158826226796,4.892878105023756,3.3501939712513,3.576733579887821
2023-12-18 19:00:00,3.0795898426175885,1.3812379276676672,4.327003996515581,3.343365180088198
2023-12-18 20:00:00,6.341639653531426,2.156861430665809,3.725100155141932,4.077350675745549
2023-12-18 21:00:00,0.8958811799192721,2.805781548959512,5.066053269729869,3.8896231734432174
2023-12-18 22:00:00,1.4976471148908816,3.6784771140270536,3.1520623940113692,3.146359506108218
2023-12-18 23:00:00,2.191470595537675,3.643928331591953,4.965258175022148,4.101527113084677
2023-12-19 00:00:00,2.128706975163267,1.307871905552389,2.7734710448847855,3.833012412111482
2023-12-19 01:00:00,3.0780534625668827,4.691297536593034,5.422657225037742,2.1741885268953975
2023-12-19 02:00:00,2.5767766294967185,1.0398976225707517,2.4643521805648367,5.312000746469878
2023-12-19 03:00:00,2.666592186578291,4.862333972445246,3.8387437002060576,1.401548770466818
2023-12-19 04:00:00,3.419930488525739,3.8196625562431294,3.077358515659566,1.7566846915153538
2023-12-19 05:00:00,1.2902669017572146,2.3227132011742957,4.3709350501197655,0.1
2023-12-19 06:00:00,0.9911960488025464,2.0001037814366667,4.979309233410751,4.68777086637324
2023-12-19 07:00:00,4.535469002472057,1.2629806620538797,4.584481751533497,3.2254604933933453
2023-12-19 08:00:00,12.410240251332988,14.500996019577597,6.435992469057736,11.274433195588466
2023-12-19 09:00:00,14.161180015226357,8.296897648653047,11.396419118082795,9.745853715537834
2023-12-19 10:00:00,9.889952788971241,8.779527692620261,6.135175837811694,9.58258544434094
2023-12-19 11:00:00,7.968120007640358,11.764403164830899,10.083465621839458,10.792889087970128
2023-12-19 12:00:00,12.612255989275093,11.697191036285489,10.140583410426455,4.986252319169365
2023-12-19 13:00:00,8.482485885572387,15.664227923875782,10.426918607233006,9.352337207136111
2023-12-19 14:00:00,11.817172145034743,10.835939974135657,8.123250937140567,6.5106679967608105
2023-12-19 15:00:00,13.95235103467817,8.428094926587876,8.336311331580609,11.381197716413995
2023-12-19 16:00:00,11.633127219911882,12.59556924622226,6.044083481691551,12.2659610611931
2023-12-19 17:00:00,4.762996759128782,10.642353658692972,13.65569407622363,11.843482264385248
2023-12-19 18:00:00,1.8333253105738878,5.090991554944694,3.476465187611041,4.2269516364550315
2023-12-19 19:00:00,5.19344673064544,1.6041016994985853,5.877918987668235,3.529551762429845
2023-12-19 20:00:00,2.1992635971982355,3.1183186858556047,3.845307281619654,3.705505268714603
2023-12-19 21:00:00,4.469953514666741,3.1392523053951464,2.7151161957986782,2.5055026822116857
2023-12-19 22:00:00,1.1332980843945868,2.59498676026036,3.1261010883740408,3.105647676882894
2023-12-19 23:00:00,4.434340168027021,3.0752809418792038,4.674991726810633,2.250228730658541
2023-12-20 00:00:00,2.1625845738369733,3.934007842331587,4.486074005051557,2.9958561823681302
2023-12-20 01:00:00,1.4332406216925961,1.0190775277959672,5.11518058264378,2.778367740288059
2023-12-20 02:00:00,2.1409949890957742,0.407172578308439,4.042244808878724,3.793512117738902
2023-12-20 03:00:00,5.789983100195911,3.846707468674797,2.873665383123962,2.5454859511828527
2023-12-20 04:00:00,2.561073095749109,4.42806732028744,0.7935239176805249,3.521052997260603
2023-12-20 05:00:00,3.806676158778563,0.20626363826700977,1.7421631209973856,5.116363873374395
2023-12-20 06:00:00,0.1,3.334301282220744,3.2142571456876645,0.44401472584377233
2023-12-20 07:00:00,3.1042834543728195,2.4005344882949697,0.5828975874828983,1.642190432838632
2023-12-20 08:00:00,13.251778460965776,7.412842703075852,10.61352446223011,5.478664636433349
2023-12-20 09:00:00,10.908478987457963,12.236949656452476,12.135267467931108,5.292041991257669
2023-12-20 10:00:00,12.507960647491657,11.90680096408719,10.641782743827727,12.924771319459103
2023-12-20 11:00:00,11.869169694859806,10.802187793194646,11.405510127865819,9.068868242529394
2023-12-20 12:00:00,10.627814225083963,1.699108918863823,13.273481513941759,11.27220572191397
2023-12-20 13:00:00,15.520164992006663,10.736475248895474,10.2869446121419,8.257058717639888
2023-12-20 14:00:00,7.371573044505913,13.866162161895085,13.307134423074775,15.920388960381047
2023-12-20 15:00:00,8.174065740359207,8.010590632923869,6.282924676345116,9.972193613517636
2023-12-20 16:00:00,10.445583508243768,11.893684521834027,5.709140401574677,12.952213733749147
2023-12-20 17:00:00,13.059143948743854,15.300296255360786,10.782563543398965,7.6937354937483375
2023-12-20 18:00:00,1.3598531557917164,3.6037586406890827,4.03542841505373,4.692076661616289
2023-12-20 19:00:00,2.8625617437290227,4.615896020780916,4.157916763821807,4.315039059049141
2023-12-20 20:00:00,4.372566995675689,3.050342222264652,2.9108011751160148,4.308529055851525
2023-12-20 21:00:00,3.7810981727045747,4.27165209815129,2.418610825747124,2.3751277222106832
2023-12-20 22:00:00,2.7070252076873897,3.634292436177953,0.7810743794505957,4.3531547642596475
2023-12-20 23:00:00,4.834875749224553,1.453356496214685,3.6288922897465734,4.577228041978741
2023-12-21 00:00:00,1.6830737066979262,1.9294915493384295,3.6543638473184474,1.8010049286441343
2023-12-21 01:00:00,0.2586753607578376,0.740278697309309,4.32228542778884,5.000721670514731
2023-12-21 02:00:00,4.096618008006976,3.95393658843511,2.97716396481582,1.963623673107239
2023-12-21 03:00:00,2.81131866324916,2.0285466878520575,3.3032933694996194,1.9613719057248273
2023-12-21 04:00:00,1.4152176711356161,1.325913540983938,2.369286687397449,3.644577195969414
2023-12-21 05:00:00,2.003251682984815,2.2504489708839968,1.339027011542557,1.5475656713304207
2023-12-21 06:00:00,3.158501271416953,1.3150674501808477,3.7155961049136534,4.516463044924649
2023-12-21 07:00:00,1.9313977709863657,3.1879064090798326,4.347990762725313,1.8467381735359638
2023-12-21 08:00:00,11.495830058292954,11.567216850784579,6.217213107615839,3.3217659972488773
2023-12-21 09:00:00,13.405959913139034,9.178470285508544,6.980652814702772,12.66012968868558
2023-12-21 10:00:00,3.895096298319162,9.173874012209934,6.567981475792447,12.811525678745344
2023-12-21 11:00:00,12.625861216616856,7.956004107450159,8.975893608238582,14.255677527446807
2023-12-21 12:00:00,13.660481514448069,7.19440728898053,9.722410645346734,6.973270899444346
2023-12-21 13:00:00,5.716169337882994,7.086922015219725,3.8401203034072777,12.269768334011427
2023-12-21 14:00:00,8.509157476394543,6.4515871201826815,8.923112972534764,14.547713199676599
2023-12-21 15:00:00,11.712075770946939,9.98469032433804,7.931065449324464,7.817595574934298
2023-12-21 16:00:00,4.479761950710954,6.251756693174851,8.750200275911821,12.125609613362311
2023-12-21 17:00:00,11.275108299777745,5.454320505516565,5.9853506201836435,13.532196332889384
2023-12-21 18:00:00,0.1,4.601498888781212,3.3593691110622377,5.2195273715272545
2023-12-21 19:00:00,0.757071801067065,0.8037051535650317,3.749866919579487,2.212326598693955
2023-12-21 20:00:00,1.3592578365247057,0.9633462139263247,0.5705359884425238,4.267168626304211
2023-12-21 21:00:00,3.276799630044158,4.182057051947012,1.2499420043018574,2.8306902644040712
2023-12-21 22:00:00,2.8024590242455716,0.7056263338436461,4.69416523889371,2.683367555590018
2023-12-21 23:00:00,4.003846902571816,1.3344145599179689,2.629414179238755,0.785029116672102
2023-12-22 00:00:00,5.157408695018674,5.033462280889896,3.9649992399389804,1.0319801377114537
2023-12-22 01:00:00,3.9760103173848576,5.062608532466528,3.174773176288177,4.8637245098509325
2023-12-22 02:00:00,1.550279510889666,3.3593474200206117,2.94621911011908,2.622471009236094
2023-12-22 03:00:00,3.032523672383328,2.6724199593453157,3.082261379646048,3.1090674116568278
2023-12-22 04:00:00,1.5994270869419078,2.614725394555325,1.4779152968745373,2.758653852420727
2023-12-22 05:00:00,3.1659743196800525,2.6456168399218583,1.2237187935427671,2.8363795616836125
2023-12-22 06:00:00,3.3830943147205894,2.035463856743311,1.9946503896085956,1.4832731753643693
2023-12-22 07:00:00,1.7380912956064045,4.228565655766517,1.7077451472405953,3.8344908277523335
2023-12-22 08:00:00,10.436561196422911,8.982463544606563,12.446505409462805,11.555289475651742
2023-12-22 09:00:00,15.496028754704628,11.80644791565348,10.525950843614844,9.989110517012797
2023-12-22 10:00:00,13.944113850708023,13.606544492486275,14.067472296125999,8.008546646743472
2023-12-22 11:00:00,8.590748961023825,9.880894261732806,15.213887573539491,12.542525766025577
2023-12-22 12:00:00,8.086917746768433,13.080297382294404,9.689765855296503,9.950933166520388
2023-12-22 13:00:00,13.11221503101417,10.621180736782131,11.621853055685014,12.17003210759289
2023-12-22 14:00:00,14.183807743849524,8.211343427390794,6.691221455365293,6.486940879673661
2023-12-22 15:00:00,5.980043168426486,7.767166792863144,10.22197585855594,7.4461473643693985
2023-12-22 16:00:00,8.14831796934905,13.401483732465639,10.461692381506431,10.12715593309591
2023-12-22 17:00:00,6.090192192605804,12.169788856735575,14.266376638067133,13.831353785428565
2023-12-22 18:00:00,1.0864871640739393,3.393142681779673,2.7627969568411435,0.1
2023-12-22 19:00:00,5.177025358619764,1.7131559133933942,4.731697119689438,3.8335873197691948
2023-12-22 20:00:00,4.80616463454861,1.5690707314992398,2.8511389142855075,1.9982012097674822
2023-12-22 21:00:00,4.667921049812266,3.9191284542912683,2.69260265669625,4.1511290173389135
2023-12-22 22:00:00,2.9086848015858746,3.406662950262848,5.251066037043376,0.939083466131108
2023-12-22 23:00:00,3.677441124333025,1.706794250577103,4.025915818982719,1.4224263192793463
2023-12-23 00:00:00,3.817752591541884,5.496882049603757,0.7599306007039868,2.7397364528619756
2023-12-23 01:00:00,1.2916765143774325,3.895776463835853,2.2534746149484337,3.1847363989990067
2023-12-23 02:00:00,2.6471660128018835,2.5999218128916555,3.951124406165216,2.13148714914224
2023-12-23 03:00:00,1.8387700033084227,2.400072212141813,2.4632002146169185,7.7100843470283404
2023-12-23 04:00:00,2.7015593781946023,3.133236265587135,4.503474386770652,6.13446808046402
2023-12-23 05:00:00,4.162952896785976,4.604299123868549,1.9008163950625703,3.4281119476257285
2023-12-23 06:00:00,2.029708832251935,6.110032768287288,4.160829676643086,3.2804323284613366
2023-12-23 07:00:00,3.309754074077674,2.1356926160799583,3.1954936502936495,3.398436307203545
2023-12-23 08:00:00,2.122559693388264,1.900989591327319,4.355497873701912,5.2261956034780805
2023-12-23 09:00:00,4.711365227140351,4.3613382040103135,2.5204430331214343,0.6999887873786736
2023-12-23 10:00:00,3.7001051707902364,3.6339511053413034,3.6534181978021656,4.850379169222207
2023-12-23 11:00:00,3.6961586529175414,1.937783601961737,4.6105565573793905,2.033388955887496
2023-12-23 12:00:00,4.68438370731774,1.7267771196447428,2.989215782881143,0.8613594211911844
2023-12-23 13:00:00,2.0869469552363222,1.7667143293970664,2.241696466413697,4.757181720321054
2023-12-23 14:00:00,0.80001966973238,1.81486666428085,3.682506135410859,4.63599243702409
2023-12-23 15:00:00,3.0969045150326737,4.694400327967777,1.6943057994601125,2.060644326270814
2023-12-23 16:00:00,2.8460107537119232,2.956543455640563,3.1876481674367048,1.355044309889788
2023-12-23 17:00:00,2.011918801251867,2.064277533967867,5.144045662057774,0.16694925220827495
2023-12-23 18:00:00,5.198817777195618,4.506948609665524,0.7387963185133515,4.388154728709694
2023-12-23 19:00:00,1.7819463618993114,2.6570772084683245,0.1941098471971694,2.365663701033062
2023-12-23 20:00:00,3.7458912868263545,0.1,4.315697374658805,7.088002861658028
2023-12-23 21:00:00,3.5427934925402615,2.1409210117553785,4.112105983996329,4.0536187049573975
2023-12-23 22:00:00,1.7522750939352734,1.6749480705577537,1.0913690759990944,4.811494459877611
2023-12-23 23:00:00,3.1149647168772256,2.3751730468797927,2.713009006767429,1.2799668495320518
2023-12-24 00:00:00,2.269757810942587,2.483774018774511,0.1,3.935131714320051
2023-12-24 01:00:00,2.6523890725572787,2.095882105916219,1.6761573557115803,1.5088318800179061
2023-12-24 02:00:00,3.1653797197894633,2.0112727508560218,1.2626088128955515,0.8973446229651776
2023-12-24 03:00:00,2.549831577287933,3.7660187999040002,3.102072245675423,3.708281099752204
2023-12-24 04:00:00,4.100808014377293,5.051319923652224,3.78285956359202,2.8837213242488633
2023-12-24 05:00:00,5.2905249289056755,3.0991933998780694,4.420318396144392,4.801740579547083
2023-12-24 06:00:00,2.3898849654121532,2.9011430949644073,3.3717519958018496,2.068063315080984
2023-12-24 07:00:00,0.9760711302645673,2.718635212485133,2.328366989703451,2.580596657650158
2023-12-24 08:00:00,1.9340533139991234,3.137247326474731,0.668089264085769,5.026800990570011
2023-12-24 09:00:00,3.952379851091518,5.012287937233675,2.686415820560228,1.817176230257111
2023-12-24 10:00:00,3.3369089185830707,2.7201502722179405,5.787617751042429,5.479891432240516
2023-12-24 11:00:00,3.0951749177899974,0.4575558895500085,4.621745940072296,4.192735811611977
2023-12-24 12:00:00,5.351690738394346,0.40973764169928106,4.712942223309179,3.713851597646225
2023-12-24 13:00:00,1.3667320714038393,3.2571685807582123,1.1004220332641692,1.094446634959776
2023-12-24 14:00:00,3.416156899208525,3.7567430567174256,6.332167961120787,2.83614248067251
2023-12-24 15:00:00,2.300867249899366,2.8518930520931565,4.441514588392916,3.0703539244848246
2023-12-24 16:00:00,1.732533518415074,3.6483234395031463,3.955419507801974,0.14851923920804921
2023-12-24 17:00:00,4.429872253308581,5.269292699430583,3.311869932072999,2.364365877952204
2023-12-24 18:00:00,2.992461234957607,5.837045252171903,4.173624008015198,6.083144399747062
2023-12-24 19:00:00,2.5935266408895408,2.605219163359011,3.4520635056434523,2.399124728716047
2023-12-24 20:00:00,5.328830456771838,1.077426511251078,4.9708701633402725,1.9229652002251019
2023-12-24 21:00:00,1.6283030586495781,5.0077679604544985,1.6206930766479046,2.2594508652395224
2023-12-24 22:00:00,2.2199190924550907,2.847817080300178,3.137721762794573,1.9917458803984567
2023-12-24 23:00:00,3.9168190314504194,3.937788992470914,4.345644879294394,5.805023773891241
2023-12-25 00:00:00,2.3596496239198554,0.9856512667389303,2.006434774973772,0.609037882551807
2023-12-25 01:00:00,1.492918020763062,5.214236880520131,1.8925172245213167,0.8416246008777657
2023-12-25 02:00:00,1.9979659779427785,3.5935623799686347,3.166257862302641,3.0056089037061673
2023-12-25 03:00:00,3.4032605538775544,2.556323109020944,3.917231289914679,5.32243598710356
2023-12-25 04:00:00,1.6806563675466446,1.9373253563426134,1.354049648290955,3.188999154615186
2023-12-25 05:00:00,2.839330357653453,2.3786284077425295,1.9476674121511974,2.621521075422241
2023-12-25 06:00:00,5.08705113813338,4.460136447131936,2.0398976648047333,2.033199529650878
2023-12-25 07:00:00,2.6448578689954663,0.4320555462349507,1.2571892197935326,5.549076736601391
2023-12-25 08:00:00,7.166229378459279,7.403826410904446,8.81855850160581,13.05376038931798
2023-12-25 09:00:00,9.334987586686243,10.354973946010658,13.49178830094889,9.858302202271823
2023-12-25 10:00:00,6.260471673199352,10.801316800736117,10.168004145595061,10.897956874502945
2023-12-25 11:00:00,12.741780938317687,16.218635094117293,11.763190932121406,13.261972786240346
2023-12-25 12:00:00,15.035485306186551,9.720361537648168,11.100643696369414,5.985311637702422
2023-12-25 13:00:00,15.736339517172272,9.893900571280154,6.73558302099533,6.6864390301094385
2023-12-25 14:00:00,15.303530877990632,10.803664424428183,9.566458458938454,8.996139029508312
2023-12-25 15:00:00,7.019129441150564,10.738164647868304,10.891141328903378,14.353898637846521
2023-12-25 16:00:00,11.165464646577181,3.817330528485246,16.74095216002286,6.593665042709803
2023-12-25 17:00:00,10.711588764147695,11.468144363967257,8.91807460446167,5.194951763546943
2023-12-25 18:00:00,2.8796523361109,2.3234298561778646,4.0609549652116685,1.943698970441306
2023-12-25 19:00:00,2.0866436693033092,4.200699348611786,4.035531597748977,3.1807590138444786
2023-12-25 20:00:00,3.0305038980611045,5.757990023923767,4.81222678781978,0.19106563914696872
2023-12-25 21:00:00,3.848543630400733,2.8262273001545726,3.8630775473085337,2.966312332464229
2023-12-25 22:00:00,3.925157669611223,4.931976019678871,4.380535177757783,1.3428823029909045
2023-12-25 23:00:00,6.276007590838399,2.2684156295624534,5.375590946994082,2.6635673745804196
2023-12-26 00:00:00,4.784068006996814,1.1662655020365142,4.581063235890721,3.9642402817308477
2023-12-26 01:00:00,3.136792533964443,4.3601091203604145,2.3470315144819236,3.9249414173910524
2023-12-26 02:00:00,1.2552581306373303,2.3127821275543026,1.7427790229015363,0.6479780882462385
2023-12-26 03:00:00,1.291201530949753,1.7449810568327093,2.6946553161462865,2.0977324365259147
2023-12-26 04:00:00,4.498241505977587,4.458769278703854,1.0933341561712762,2.319490464097644
2023-12-26 05:00:00,2.5550815062564123,0.1,3.4448899315223116,3.6697893352474846
2023-12-26 06:00:00,2.196089513253579,5.759019086322139,3.019467875960616,3.0833092672275586
2023-12-26 07:00:00,2.3976692709592995,3.1717967971963557,3.557089241810841,2.5627717393417675
2023-12-26 08:00:00,9.843887553531836,4.04392317654053,10.546518595622,8.162643681323585
2023-12-26 09:00:00,10.534123781929178,4.033366852229889,9.836090808347867,13.736183596628905
2023-12-26 10:00:00,8.684407992710852,8.079462286103961,6.924292246966074,11.26468166280315
2023-12-26 11:00:00,7.984656897156961,11.37761355376722,3.723621155926076,10.22999888684957
2023-12-26 12:00:00,15.991588725904819,7.260842310172859,8.060115355729288,7.725803237519267
2023-12-26 13:00:00,10.309462171872436,7.08990482658487,11.430495610134221,8.150775559072402
2023-12-26 14:00:00,9.366209604875431,15.942490745837596,12.670395339585976,14.659886726183743
2023-12-26 15:00:00,9.670096004067675,10.946702751717554,7.08980902672182,5.42844234933888
2023-12-26 16:00:00,9.591466419866858,17.24900480374906,9.357891904701328,9.829945290671002
2023-12-26 17:00:00,12.189228019294994,10.746932437242927,7.397015607526348,13.25882604554624
2023-12-26 18:00:00,2.9955244737805886,2.3467599466452564,2.752617617914671,2.539200287274394
2023-12-26 19:00:00,2.1575115239748763,2.4007325313332952,1.8638382012346537,3.5809295424511864
2023-12-26 20:00:00,2.5217867345350413,2.9775678472154996,2.584585397988596,3.652705657592538
2023-12-26 21:00:00,1.0032103342984806,7.878439270815845,1.2512568976222058,2.3658810374573465
2023-12-26 22:00:00,5.93963981464038,2.764446346837845,1.755883540638932,5.026171380794347
2023-12-26 23:00:00,2.381856979474395,3.4447169694918207,2.4534743873431735,2.211343032664621
2023-12-27 00:00:00,4.643139078521966,2.7520031419250603,6.503947432003405,3.1224506548965567
2023-12-27 01:00:00,1.969981065102435,1.894958785402576,2.661362868526511,2.8914077044498603
2023-12-27 02:00:00,1.852876011646632,1.9258720478079807,2.489998881676779,3.0522889290693693
2023-12-27 03:00:00,1.36817481848254,3.432174564720475,2.37609800602904,4.487195836154956
2023-12-27 04:00:00,0.6549049703054153,2.066913052660442,5.087571988736988,2.5465097444832523
2023-12-27 05:00:00,3.019301457268691,4.137649153229292,2.5303752650604907,3.5019819690110845
2023-12-27 06:00:00,4.2233087366802105,2.9755330642281703,4.114861371071456,3.0584238071260286
2023-12-27 07:00:00,3.7269971468999485,3.4346626643737346,3.7406987306904567,1.0680804889111672
2023-12-27 08:00:00,7.893439276553488,9.820003046387109,5.552637746607374,9.179765649930108
2023-12-27 09:00:00,8.875111969005118,16.350816929342017,8.67901291844272,10.392238969088913
2023-12-27 10:00:00,9.770128646107102,10.080654997257756,10.484308883766637,7.727815548780023
2023-12-27 11:00:00,5.557673482508468,10.644025839325792,11.208806795649188,13.200267406941625
2023-12-27 12:00:00,7.262460521104953,7.959745962013412,9.77606718811203,9.802882919902629
2023-12-27 13:00:00,12.659408786735481,13.873907495208558,7.951534281204715,14.161662129134978
2023-12-27 14:00:00,11.06323925082444,11.747365378949903,12.662390951450137,8.64777498855381
2023-12-27 15:00:00,6.991603208632228,14.269174572399717,6.703426669253812,18.15869038356143
2023-12-27 16:00:00,7.08967663291315,9.534590074574325,8.115318136438898,7.702340571370005
2023-12-27 17:00:00,12.112479668454215,11.437667598388469,8.612966145842446,10.57014770036219
2023-12-27 18:00:00,4.805789416964832,2.031961052772191,3.042819189855113,2.2234337114365523
2023-12-27 19:00:00,7.410805526014084,2.838195909803295,4.098169417154899,3.827034295908697
2023-12-27 20:00:00,2.0128017754792333,3.291151435621372,5.274878756277669,4.477906212998292
2023-12-27 21:00:00,2.913872782613268,4.814174076208051,2.577808413151053,2.516245960002666
2023-12-27 22:00:00,2.108146603188146,7.014341117043374,6.314882794524171,3.8119089756909093
2023-12-27 23:00:00,2.8189528779514763,3.3864488049314687,3.3495427696580453,1.6219812428599008
2023-12-28 00:00:00,2.648159499002264,2.6537293748138855,0.6332486287700969,4.459258600043968
2023-12-28 01:00:00,4.830181079261407,2.956725942068263,3.726021960175102,2.273891183109864
2023-12-28 02:00:00,5.03976973248219,2.781301726493506,3.3358072087004462,4.7905603214885275
2023-12-28 03:00:00,1.3392477201408906,3.80607190930954,4.4679690683687445,1.8842735411764966
2023-12-28 04:00:00,4.870723306923302,3.923430844216019,4.570366578619179,2.819709697166169
2023-12-28 05:00:00,4.3098362126072,2.7176616596349685,1.7661153294267036,4.266876979907858
2023-12-28 06:00:00,5.031776642028817,2.2104437113017696,0.1,2.1158469999058456
2023-12-28 07:00:00,2.510956053100302,2.354636789145085,2.924601865632811,3.1368980117914935
2023-12-28 08:00:00,11.78944454678946,12.843202897597033,10.429062559221654,13.989740220465617
2023-12-28 09:00:00,9.719582816838386,10.798882293097753,11.99005134581772,9.933586301257357
2023-12-28 10:00:00,12.180417401534388,11.69485586591184,9.221206270770747,11.31383479010249
2023-12-28 11:00:00,13.398999229667968,8.373062593896803,15.114814624334173,11.140798921838917
2023-12-28 12:00:00,13.847439570585017,12.639551178912662,10.647951076951715,9.293576934410167
2023-12-28 13:00:00,12.311207435134062,8.27514056881586,10.479448702948202,7.2297010540543605
2023-12-28 14:00:00,9.544016421070257,3.660323937043014,11.753067756810424,5.072892639429299
2023-12-28 15:00:00,8.392928254061884,10.753748315394645,8.084110817685861,9.795098135171823
2023-12-28 16:00:00,8.957288573691283,11.188294675712417,6.758891954655956,8.086171240349607
2023-12-28 17:00:00,14.222644337483217,7.26707388795038,6.053841188724221,9.913969547376833
2023-12-28 18:00:00,3.247670039513881,1.4158530813099541,4.454224365805654,2.184436977967204
2023-12-28 19:00:00,1.0846796942996728,1.9623605963274007,3.672874424566796,6.855591853966027
2023-12-28 20:00:00,4.123897645913392,2.1297345494848945,2.0774701349482267,4.210173330524184
2023-12-28 21:00:00,2.9064078352876184,4.860692130897307,4.228840396296788,1.1120000964785466
2023-12-28 22:00:00,0.6821997800588306,5.431676954895482,4.500736822876046,0.3757193563324144
2023-12-28 23:00:00,2.409911532151247,5.0648382976656094,3.9718047039018542,0.9753317818706346
2023-12-29 00:00:00,4.3337537694360115,4.226043179592096,3.4154642552823917,3.070646388570464
2023-12-29 01:00:00,3.945203140171746,2.6275398277851116,1.1715858873661147,2.8762016862158872
2023-12-29 02:00:00,2.594244693635375,4.349273505825111,3.577961210219692,1.3846899456124149
2023-12-29 03:00:00,0.1,2.673006245731442,2.570930867207087,1.8698173277605714
2023-12-29 04:00:00,2.8375516578043136,5.74118787220372,5.538092807545431,3.560456003337931
2023-12-29 05:00:00,0.1,2.9739102746410393,4.052915565341933,4.456324782061425
2023-12-29 06:00:00,3.908293050998547,1.559454874392335,3.290181391042685,3.8135002174018764
2023-12-29 07:00:00,5.8584120050905515,3.151770685746677,4.5355636449234265,3.0725338028197333
2023-12-29 08:00:00,10.1059740767733,16.68897812312769,10.331302308374694,7.692346410699803
2023-12-29 09:00:00,9.103011631644144,10.23072743335973,8.355042460488546,12.266059003040237
2023-12-29 10:00:00,4.577616848430878,9.398380290133765,9.384992143998371,11.426905355601924
2023-12-29 11:00:00,6.247637440598754,15.444205810742373,8.51737160483818,7.7892802596806305
2023-12-29 12:00:00,11.029467646810657,3.1953838426904824,9.759797159622366,11.217947095629494
2023-12-29 13:00:00,11.3349750243976,9.617164244305487,6.933516751983531,8.28141251276406
2023-12-29 14:00:00,3.4726209682648426,8.308418270050478,10.689983921743739,5.2511646692646305
2023-12-29 15:00:00,7.565579253638318,6.478806809248411,14.592564287310346,5.137470976403278
2023-12-29 16:00:00,9.492010328083934,12.144274555048218,5.548751838751627,9.427290431034097
2023-12-29 17:00:00,7.724344378796078,12.56301372071505,9.515503739228778,16.99440797403468
2023-12-29 18:00:00,3.6110474447906538,1.7547546644871095,4.045145747392077,4.314015796059881
2023-12-29 19:00:00,4.254752467398398,4.32172419329185,0.3775085754934935,2.834477297572506
2023-12-29 20:00:00,3.7335828041341683,2.0123704557934485,4.848549197419936,4.410562474808773
2023-12-29 21:00:00,3.557369231415735,3.7951775775416636,3.8737300614425187,1.896906493668921
2023-12-29 22:00:00,1.6064821264078422,4.179471827234615,3.768684460567184,4.225417883932824
2023-12-29 23:00:00,2.0343566075446193,2.1989660289423414,3.317039283449246,0.754283583306611
2023-12-30 00:00:00,3.4050489752000885,4.484629089299764,0.23087934342360672,6.52865971145383
2023-12-30 01:00:00,3.8454350015546837,3.450824946894658,3.3017240655390285,3.9965294710423658
2023-12-30 02:00:00,3.229961965426421,1.8559986083957545,1.5604165876509917,3.4003685555692447
2023-12-30 03:00:00,1.797720076053909,1.2110576977389838,2.1036862376106393,2.6335420971230876
2023-12-30 04:00:00,4.286686064004192,4.744809889015391,4.176743729736646,3.9951818536482753
2023-12-30 05:00:00,1.4831102802564013,4.120177672611655,2.451331045186574,1.9986875581738206
2023-12-30 06:00:00,2.9423796014144763,2.5052169637731647,3.068239717647639,1.6854200265990325
2023-12-30 07:00:00,4.04144112865123,3.1169891412189896,1.2973804035035135,3.6191820825671828
2023-12-30 08:00:00,3.2951126613046933,2.1616168600353842,0.7384638956123402,0.40211325475389037
2023-12-30 09:00:00,1.5922961684687784,2.388732227491388,1.9975395728636776,3.960198052082229
2023-12-30 10:00:00,1.7754415483198471,2.523999999787937,3.303123056703684,0.7034114113242969
2023-12-30 11:00:00,3.56367132848401,3.1246724658339033,3.6132024264467866,0.1
2023-12-30 12:00:00,2.0453971960514785,3.0742510098127265,3.367799091459078,1.8833281488730487
2023-12-30 13:00:00,1.2353482463028413,0.1,3.5220230464706708,3.3660265410435075
2023-12-30 14:00:00,1.4076872942863914,2.0104484019171514,0.8564683729317997,3.886639667946646
2023-12-30 15:00:00,1.6869641996764702,2.958669042947207,2.5944597579044615,2.8381631295022243
2023-12-30 16:00:00,2.3968561847202383,1.8199116004824383,6.225259805847641,2.00080225108738
2023-12-30 17:00:00,2.1001156599955717,3.766648971080843,2.356328491158892,1.2757309294121835
2023-12-30 18:00:00,2.6799018784454347,3.838722104039136,4.0883509176390405,1.6223741643427125
2023-12-30 19:00:00,1.7546471034555513,2.8813655839488557,3.816663879485217,2.3938210566081812
2023-12-30 20:00:00,4.275601571850017,2.3052438839741654,5.934857407528129,1.1222457938495776
2023-12-30 21:00:00,3.567056360458001,3.8824307295171048,1.2508515844210546,0.5617451046519832
2023-12-30 22:00:00,1.5610346698658322,2.9004662682527864,3.8191761220560663,1.7084934038745976
2023-12-30 23:00:00,3.2050512937337916,3.510324743769674,2.1858339149858037,4.6209456725703895
2023-12-31 00:00:00,4.837575325309807,5.688165772751167,3.647249024615101,3.3973063535549413
2023-12-31 01:00:00,2.5043399531145134,1.7084811581563182,0.4471577701477085,1.6778782928103877
2023-12-31 02:00:00,2.317722766696013,3.3565203360480766,2.3852715595874803,1.4723536530997234
2023-12-31 03:00:00,3.941166792201844,1.6492839583381453,1.6701208451864857,3.3668813556787702
2023-12-31 04:00:00,2.508433379418543,2.000907863155952,1.6765412124977255,4.430275538391177
2023-12-31 05:00:00,3.145870923733182,3.2955306276187475,2.129843214306807,1.3203856470803998
2023-12-31 06:00:00,1.0452160885216804,2.527369632209507,4.7898111663525675,3.84403272973064
2023-12-31 07:00:00,4.609678167874591,3.353829527234298,1.1368236825434535,5.532916554955543
2023-12-31 08:00:00,3.494108176577663,5.045885721464625,2.330466799732829,2.6710296404833573
2023-12-31 09:00:00,4.0240013284191996,3.5305211998484194,2.478210665027949,3.4851082050835056
2023-12-31 10:00:00,3.478162853584007,2.691283183348349,2.9936155017564268,2.372671785381003
2023-12-31 11:00:00,1.6345090193947671,3.774325386301851,0.6718597147681571,4.272203165060375
2023-12-31 12:00:00,2.094957786379542,6.005910488299051,3.6931569837022735,4.829844763608152
2023-12-31 13:00:00,6.392068155448148,5.306148941826496,2.265368434302858,4.746568905760698
2023-12-31 14:00:00,4.844681075524417,3.561909284698629,0.5424783710256138,4.18198436157205
2023-12-31 15:00:00,3.517072153402782,1.6390049505817337,4.359401828781608,1.0237381726608807
2023-12-31 16:00:00,3.9099547018655296,4.294673981160447,1.1665413479109104,1.9161674511545321
2023-12-31 17:00:00,4.132263731474108,0.7875119239279038,4.405849317484247,0.589030804524294
2023-12-31 18:00:00,1.0131786197551387,0.1,4.3677650413667575,3.1713582646808156
2023-12-31 19:00:00,5.38405855527337,2.542488450812253,4.749912484151632,1.4882542634628504
2023-12-31 20:00:00,3.1358469041002697,0.5009276302332846,4.222911226473378,1.7337349621058595
2023-12-31 21:00:00,3.905064702266885,1.3055195351112747,3.762707209826476,2.478856928006806
2023-12-31 22:00:00,0.1,1.4986046477118284,4.211395817589573,4.929097926870263
2023-12-31 23:00:00,2.5872919021855383,2.597154697777102,2.7019047797068136,2.463860713646281
